track_name,album,era,lyrics,danceability,energy,loudness,speechiness,acousticness,instrumentalness,liveness,valence,tempo,duration_ms,key,mode
closure,evermore,Evermore,"It's been a long time
And seeing the shape of your name
Still spells out pain
It wasn't right
The way it all went down
Looks like you know that now
Yes, I got your letter
Yes, I'm doing better
It cut deep to know ya, right to the bone
Yes, I got your letter
Yes, I'm doing better
I know that it's over, I don't need your
Closure, your closure
Don't treat me like
Some situation that needs to be handled
I'm fine with my spite
And my tears and my beers and my candles
I can feel you smoothing me over
Yes, I got your letter
Yes, I'm doing bettеr
It cut deep to know ya, right to the bone
Yes, I got your lеtter
Yes, I'm doing better
I know that it's over, I don't need your
Closure, your closure
Your closure, your closure
I know I'm just a wrinkle in your new life
Staying friends would iron it out so nice
Guilty, guilty, reaching out across the sea
That you put between you and me
But it's fake and it's oh-so unnecessary
Yes, I got your letter
Yes, I'm doing better
It cut deep to know ya, right to the bone
Yes, I got your letter
Yes, I'm doing better
I know that it's over, I don't need your
Closure, closure, your closure
Your closure",0.689,0.704,-10.813,0.245,0.835,4.83e-06,0.134,0.92,151.884,180653.0,9.0,1.0
the 1,folklore,Folklore,"I'm doing good, I'm on some new shit
Been saying ""yes"" instead of ""no""
I thought I saw you at the bus stop, I didn't though
I hit the ground running each night
I hit the Sunday matinée
You know the greatest films of all time were never made
I guess you never know, never know
And if you wanted me, you really should've showed
And if you never bleed, you're never gonna grow
And it's alright now
But we were something, don't you think so?
Roaring twenties, tossing pennies in the pool
And if my wishes came true
It would've been you
In my defense, I have none
For never leaving well enough alone
But it would've been fun
If you would've been the one
(Ooh)
I have this dream you're doing cool shit
Having adventures on your own
You meet some woman on the internet and take her home
We never painted by the numbers, baby
But we were making it count
You know the greatest loves of all time are over now
I guess you never know, never know
And it's another day waking up alone
But we were something, don't you think so?
Roaring twenties, tossing pennies in the pool
And if my wishes came true
It would've been you
In my defense, I have none
For never leaving well enough alone
But it would've been fun
If you would've been the one
I, I, I persist and resist the temptation to ask you
If one thing had been different
Would everything be different today?
We were something, don't you think so?
Rosé flowing with your chosen family
And it would've been sweet
If it could've been me
In my defense, I have none
For digging up the grave another time
But it would've been fun
If you would've been the one
(Ooh)",0.777,0.357,-6.942,0.0522,0.757,7.28e-06,0.108,0.172,139.883,210252.0,0.0,1.0
It's Nice To Have A Friend,Lover,Lover,archer summer lover summer lover archer daylight lover summer lover the the you the love you the the love love you we love you we love we love you we,0.737,0.175,-9.912,0.0401,0.971,0.000337,0.171,0.545,70.008,150440.0,10.0,1.0
Cruel Summer,Lover,Lover,"(Yeah, yeah, yeah, yeah)
Fever dream high in the quiet of the night
You know that I caught it (Oh yeah, you're right, I want it)
Bad, bad boy, shiny toy with a price
You know that I bought it (Oh yeah, you're right, I want it)
Killing me slow, out the window
I'm always waiting for you to be waiting below
Devils roll the dice, angels roll their eyes
What doesn't kill me makes me want you more
And it's new, the shape of your body
It's blue, the feeling I've got
And it's ooh, woah-oh
It's a cruel summer
It's cool, that's what I tell 'em
No rules in breakable heaven
But ooh, woah-oh
It's a cruel summer with you
Hang your head low in the glow of the vending machine
I'm not dying (
Oh yeah, you're right, I want it
)
We say that we'll just screw it up in these trying times
We're not trying (Oh yeah, you're right, I want it)
So cut the headlights, summer's a knife
I'm always waiting for you just to cut to the bone
Devils roll the dice, angels roll their eyes
And if I bleed, you'll be the last to know, oh
It's new, the shape of your body
It's blue, the feeling I've got
And it's ooh, woah-oh
It's a cruel summer
It's cool, that's what I tell 'em
No rules in breakable heaven
But ooh, woah-oh
It's a cruel summer with you
I'm drunk in the back of the car
And I cried like a baby comin' home from the bar (Oh)
Said, ""I'm fine,"" but it wasn't true
I don't wanna keep secrets just to keep you
And I snuck in through the garden gate
Every night that summer just to seal my fate (Oh)
And I scream, ""For whatever it's worth
I love you, ain't that the worst thing you ever heard?""
He looks up, grinnin' like a devil
It's new, the shape of your body
It's blue, the feeling I've got
And it's ooh, woah-oh
It's a cruel summer
It's cool, that's what I tell 'em
No rules in breakable heaven
But ooh, woah-oh
It's a cruel summer with you
I'm drunk in the back of the car
And I cried like a baby comin' home from the bar (Oh)
Said, ""I'm fine,"" but it wasn't true
I don't wanna keep secrets just to keep you
And I snuck in through the garden gate
Every night that summer just to seal my fate (Oh)
And I scream, ""For whatever it's worth
I love you, ain't that the worst thing you ever heard?""
(Yeah, yeah, yeah, yeah)",0.552,0.702,-5.707,0.157,0.117,2.06e-05,0.105,0.564,169.994,178427.0,9.0,1.0
Vigilante Shit,Midnights,Midnights,"Draw the cat eye sharp enough to kill a man
You did some bad things, but I'm the worst of them
Sometimes, I wonder which one'll be your last lie
They say looks can kill and I might try
I don't dress for women
I don't dress for men
Lately, I've been dressin' for revenge
I don't start shit, but I can tell you how it ends
Don't get sad, get even
So on the weekends
I don't dress for friends
Lately, I've been dressin' for revenge
She needed cold, hard proof, so I gave her some
She had the envelope, where you think she got it from?
Now she gets the house, gets the kids, gets the pride
Picture me thick as thieves with your ex-wife
And she looks so pretty
Drivin' in your Benz
Lately, she's been dressin' for revenge
She don't start shit, but she can tell you how it ends
Don't get sad, get even
So on the weekends
She don't dress for friends
Lately, she's been dressin' for revenge
Ladies always rise above
Ladies know what people want
Someone sweet and kind and fun
The lady simply had enough
While he was doin' lines and crossin' all of mine
Someone told his white-collar crimes to the FBI
And I don't dress for villains
Or for innocents
I'm on my vigilante shit again
I don't start shit, but I can tell you how it ends
Don't get sad, get even
So on the weekends
I don't dress for friends
Lately, I've been dressin' for revenge",0.798,0.277,-11.096,0.39,0.173,5.25e-05,0.121,0.163,79.846,164801.0,4.0,0.0
...Ready For It?,reputation,Reputation,"Knew he was a killer first time that I saw him
Wondered how many girls he had loved and left haunted
But if he's a ghost, then I can be a phantom
Holdin' him for ransom, some
Some boys are tryin' too hard, he don't try at all, though
Younger than my exes, but he act like such a man, so
I see nothin' better, I keep him forever
Like a vendetta-ta
I, I, I see how this is gon' go
Touch me and you'll never be alone
I-Island breeze and lights down low
No one has to know
In the middle of the night, in my dreams
You should see the things we do, baby, mmm
In the middle of the night, in my dreams
I know I'm gonna be with you, so I take my time
Are you ready for it?
Knew I was a robber first time that he saw me
Stealin' hearts and runnin' off and never sayin' sorry
But if I'm a thief, then he can join the heist and
We'll move to an island and
And he can be my jailer, Burton to this Taylor
Every love I've known in comparison is a failure
I forget their names now, I'm so very tame now
Never be the same now, now
I, I, I see how this is gon' go (Go)
Touch me and you'll never be alone
I-Island breeze and lights down low (Low)
No one has to know (No one has to know)
In the middle of the night, in my dreams (Yeah)
You should see the things we do (We do), baby, mmm (Mmm)
In the middle of the night (The night) in my dreams (My dreams)
I know I'm gonna be with you, so I take my time
Are you ready for it? Oh
Are you ready for it?
Baby, let the games begin
Let the games begin
Let the games begin, ah-ah
Baby, let the games begin
Let the games begin
Let the games begin
I, I, I see how this is gon' go
Touch me and you'll never be alone
I-Island breeze and lights down low
No one has to know
In the middle of the night (Night), in my dreams (My dreams)
You should see the things we do (We do), baby (Baby), mmm (Yeah)
In the middle of the night, in my dreams (My dreams)
I know I'm gonna be with you, so I take my time (Yeah)
In the middle of the night
Baby, let the games begin
Let the games begin
Let the games begin
Are you ready for it?
Baby, let the games begin
Let the games begin
Let the games begin
Are you ready for it?",0.613,0.764,-6.509,0.136,0.0527,0.0,0.197,0.417,160.015,208187.0,2.0,1.0
Don't Blame Me,reputation,Reputation,look snake snake snake reputation made made made reputation snake we love and love you love you love I you love the love love and you the and the we,0.615,0.534,-6.719,0.0386,0.106,1.76e-05,0.0607,0.193,135.917,236413.0,9.0,0.0
"You're On Your Own, Kid",Midnights,Midnights,"Summer went away, still, the yearning stays
I play it cool with the best of them
I wait patiently, he's gonna notice me
It's okay, we're the best of friends
Anyway
I hear it in your voice, you're smoking with your boys
I touch my phone as if it's your face
I didn't choose this town, I dream of getting out
There's just one who could make me stay
All my days
From sprinkler splashes to fireplace ashes
I waited ages to see you there
I search the party of better bodies
Just to learn that you never cared
You're on your own, kid
You always have been
I see the great escape, so long, Daisy May
I picked the petals, he loves me not
Something different bloomed, writing in my room
I play my songs in the parking lot
I'll run away
From sprinkler splashes to fireplace ashes
I called a taxi to take me there
I search the party of better bodies
Just to learn that my dreams aren't rare
You're on your own, kid
You always have been
From sprinkler splashes to fireplace ashes
I gave my blood, sweat, and tears for this
I hosted parties and starved my body
Like I'd be saved by a perfect kiss
The jokes weren't funny, I took the money
My friends from home don't know what to say
I looked around in a blood-soaked gown
And I saw something they can't take away
'Cause there were pages turned with the bridges burned
Everything you lose is a step you take
So, make the friendship bracelets, take the moment and taste it
You've got no reason to be afraid
You're on your own, kid
Yeah, you can face this
You're on your own, kid
You always have been",0.696,0.396,-10.289,0.0656,0.401,5.2e-06,0.125,0.38,120.041,194207.0,2.0,1.0
long story short,evermore,Evermore,"Fatefully
I tried to pick my battles 'til the battle picked me
Misery
Like the war of words I shouted in my sleep
And you passed right by
I was in the alley, surrounded on all sides
The knife cuts both ways
If the shoe fits, walk in it 'til your high heels break
And I fell from the pedestal
Right down the rabbit hole
Long story short, it was a bad time
Pushed from the precipice
Clung to the nearest lips
Long story short, it was the wrong guy
Now I'm all about you
I'm all about you, ah
Yeah, yeah
I'm all about you, ah
Yeah, yeah
Actually
I always felt I must look better in the rear view
Missing me
At the golden gates they once held the keys to
When I dropped my sword
I threw it in the bushes and knocked on your door
And we live in peace
But if someone comes at us, this time, I'm ready
'Cause I fell from the pedestal
Right down the rabbit hole
Long story short, it was a bad time
Pushed from the precipice
Clung to the nearest lips
Long story short, it was the wrong guy
Now I'm all about you
I'm all about you, ah
Yeah, yeah
I'm all about you
No more keepin' score
Now I just keep you warm (Keep you warm)
No more tug of war
Now I just know there's more (Know there's more)
No more keepin' score
Now I just keep you warm (Keep you warm)
And my waves meet your shore
Ever and evermore
Past me
I wanna tell you not to get lost in these petty things
Your nemeses
Will defeat themselves before you get the chance to swing
And he's passing by
Rare as the glimmer of a comet in the sky
And he feels like home
If the shoe fits, walk in it everywhere you go
And I fell from the pedestal
Right down the rabbit hole
Long story short, it was a bad time
Pushed from the precipice
Climbed right back up the cliff
Long story short, I survived
Now I'm all about you
(And now) I'm all about you, ah
(And now) I'm all about you
(And now) I'm all about you, ah
Yeah, yeah
I'm all about you
(And now) Yeah, yeah
I'm all about you
Long story short, it was a bad time
Long story short, I survived",0.546,0.73,-7.704,0.0417,0.66,0.179,0.0972,0.573,157.895,215920.0,0.0,1.0
Lover,Lover,Lover,"We could leave the Christmas lights up 'til January
And this is our place, we make the rules
And there's a dazzling haze, a mysterious way about you, dear
Have I known you twenty seconds or twenty years?
Can I go where you go?
Can we always be this close?
Forever and ever, ah
Take me out and take me home
You're my, my, my, my lover
We could let our friends crash in the living room
This is our place, we make the call
And I'm highly suspicious that everyone who sees you wants you
I've loved you three summers now, honey, but I want 'em all
Can I go where you go?
Can we always be this close?
Forever and ever, ah
Take me out and take me home (Forever and ever)
You're my, my, my, my lover
Ladies and gentlemen, will you please stand?
With every guitar string scar on my hand
I take this magnetic force of a man to be my lover
My heart's been borrowed and yours has been blue
All's well that ends well to end up with you
Swear to be overdramatic and true to my lover
And you'll save all your dirtiest jokes for me
And at every table, I'll save you a seat, lover
Can I go where you go?
Can we always be this close?
Forever and ever, ah
Take me out and take me home (Forever and ever)
You're my, my, my, my
Oh, you're my, my, my, my
Darling, you're my, my, my, my lover",0.359,0.543,-7.582,0.0919,0.492,1.58e-05,0.118,0.453,68.534,221307.0,7.0,1.0
The Man,Lover,Lover,"I would be complex, I would be cool
They'd say I played the field before I found someone to commit to
And that would be okay for me to do
Every conquest I had made would make me more of a boss to you
I’d be a fearless leader, I'd be an alpha type
When everyone believes ya, what's that like?
I’m so sick of running as fast as I can
Wonderin' if I'd get there quicker if I was a man
And I'm so sick of them comin' at me again
'Cause if I was a man, then I'd be the man
I'd be the man (Man)
I’d be the man (Man)
They’d say I hustled, put in the work
They wouldn't shake their heads and question how much of this I deserve
What I was wearing, if I was rude
Could all be separated from my good ideas and power moves
And they would toast to me, oh (Ayy), let the players play
I’d be just like Leo in Saint-Tropez
I'm so sick of running as fast as I can
Wonderin' if I'd get there quicker if I was a man
And I’m so sick of them comin' at me again
'Cause if I was a man, then I'd be the man
I'd be the man (Man)
I'd be the man (Man)
What's it like to brag about raking in dollars
And getting bitches and models?
And it's all good if you're bad
And it's okay if you're mad
If I was out flashin' my dollars
I'd be a bitch, not a baller
They'd paint me out to be bad
So it's okay that I'm mad
I'm so sick of running as fast as I can
Wonderin' if I'd get there quicker if I was a man (You know that)
And I'm so sick of them comin' at me again (Comin' at me again)
'Cause if I was a man (If I was a man), then I'd be the man (Then I'd be the man)
I'm so sick of running as fast as I can (As fast as I can)
Wonderin' if I'd get there quicker if I was a man (Hey)
And I'm so sick of them comin' at me again (Comin' at me again)
'Cause if I was a man (If I was a man), then I'd be the man
I'd be the man (Man)
I'd be the man (Man, oh)
I'd be the man (Man, yeah)
I'd be the man (Man, I'd be the man)
If I was a man
Then I'd be the man",0.777,0.658,-5.191,0.054,0.0767,0.0,0.0901,0.633,110.048,190360.0,0.0,1.0
I Wish You Would,1989 (Deluxe),1989,"It's 2 a.m. in your car
Windows down, you pass my street, the memories start
You say, ""It's in the past,"" you drive straight ahead
You're thinkin' that I hate you now
'Cause you still don't know what I never said
I wish you would come back
Wish I never hung up the phone like I did, I
Wish you knew that
I'd never forget you as long as I live and I
Wish you were right here, right now, it's all good
I wish you would
It's 2 a.m. in my room
Headlights pass the window pane, I think of you
We're a crooked love in a straight line down
Makes you want to run and hide
But it makes you turn right back around
I wish you would come back
Wish I never hung up the phone like I did, I
Wish you knew that
I'd never forget you as long as I live and I
Wish you were right here, right now, it's all good
I wish you would
I wish we could go back
And remember what we were fighting for and I
Wish you knew that
I miss you too much to be mad anymore and I
Wish you were right here, right now, it's all good
I wish you would
I, I-I-I, I, I, I wish, I wish, I
I, I-I-I, I, I, I wish, I wish, I
I, I-I-I, I, I, I wish, I wish, I (Hey)
You always knew how to push my buttons (I, I-I-I, I, I, I wish, I wish, I)
You give me everything and nothin' (I, I-I-I, I, I, I wish, I wish, I)
This mad, mad love makes you come runnin' (I, I-I-I, I, I, I wish, I wish, I)
To stand back where you stood (I, I-I-I, I, I, I wish, I wish, I)
I wish you would, I wish you would
(I wish you would, I wish you would)
I wish you would, I wish you would (I, I-I-I, I, I, I wish, I wish, I)
(I wish you would, I wish you would)
(I, I-I-I, I, I, I wish, I wish, I)
2 a.m., here we are
See your face, hear my voice in the dark
We're a crooked love in a straight line down
Makes you wanna run and hide
But it made us turn right back around
I wish you would come back
Wish I never hung up the phone like I did, I
Wish you knew that
I'd never forget you as long as I live and I
Wish you were right here, right now, it's all good
I wish you would
I wish you would come back
Wish I never hung up the phone like I did, I
Wish you knew that
I'd never forget you as long as I live and I
Wish you were right here, right now, it's all good
I wish you would
I wish we could go back
And remember what we were fighting for and I
Wish you knew that
I miss you too much to be mad anymore and I
Wish you were right here, right now, it's all good
I wish you would
You always knew how to push my buttons (I, I-I-I, I, I, I wish, I wish, I)
You give me everything and nothin' (I, I-I-I, I, I, I wish, I wish, I)
This mad, mad love makes you come runnin' (I, I-I-I, I, I, I wish, I wish, I)
To stand back where you stood (I, I-I-I, I, I, I wish, I wish, I)
I wish you would, I wish you would
(I wish you would, I wish you would)
(I, I-I-I, I, I, I wish, I wish, I)
I wish you would, I wish you would
(I wish you would, I wish you would, I wish you would)
(I, I-I-I, I, I, I wish, I wish, I)
I, I-I-I, I, I, I wish, I wish, I
I, I-I-I, I, I, I wish, I wish, I
I wish you would",0.648,0.898,-5.963,0.0513,0.016,9.91e-05,0.109,0.502,118.02,207440.0,0.0,1.0
it's time to go,evermore,Evermore,willow champagne gold evermore champagne willow evermore willow gold ivy love the we the we the love I love we the you we we the you the I we you,0.592,0.41,-12.426,0.0397,0.801,1.39e-05,0.09,0.416,151.923,254640.0,0.0,1.0
this is me trying,folklore,Folklore,"I've been having a hard time adjusting
I had the shiniest wheels, now they're rusting
I didn't know if you'd care if I came back
I have a lot of regrets about that
Pulled the car off the road to the lookout
Could've followed my fears all the way down
And maybe I don't quite know what to say
But I'm here in your doorway
I just wanted you to know that this is me trying
I just wanted you to know that this is me trying
They told me all of my cages were mental
So I got wasted like all my potential
And my words shoot to kill when I'm mad
I have a lot of regrets about that
I was so ahead of the curve, the curve became a sphere
Fell behind all my classmates and I ended up here
Pouring out my heart to a stranger
But I didn't pour the whiskey
I just wanted you to know that this is me trying
I just wanted you to know that this is me trying
At least I'm trying
And it's hard to be at a party when I feel like an open wound
It's hard to be anywhere these days when all I want is you
You're a flashback in a film reel on the one screen in my town
And I just wanted you to know that this is me trying
(And maybe I don't quite know what to say)
I just wanted you to know that this is me trying
At least I'm trying",0.515,0.476,-9.843,0.0328,0.314,4.74e-05,0.171,0.412,135.886,195097.0,9.0,1.0
High Infidelity,Midnights,Midnights,bejeweled anti-hero bejeweled bejeweled karma karma karma midnight midnight karma the we love you and the and we and we we I you we I and we and you the,0.646,0.529,-10.179,0.0864,0.723,0.0,0.0885,0.755,87.862,231475.0,10.0,1.0
End Game,reputation,Reputation,"I wanna be your end game
I wanna be your first string
I wanna be your A-Team (
Woah, woah
)
I wanna be your end game, end game
Big reputation, big reputation
Ooh, you and me, we got big reputations, ah
And you heard about me, ooh
I got some big enemies (
Yeah
)
Big reputation, big reputation
Ooh, you and me would be a big conversation, ah (Git, git)
And I heard about you, ooh (Yeah)
You like the bad ones too
You so dope, don't overdose, I’m so stoked, I need a toast
We do the most, I'm in the Ghost like I'm whippin’ a boat
I got a reputation, girl, that don't precede me (Yeah)
I'm one call away whenever you need me (Yeah)
I'm in a G5 (Yeah), come to the A-Side (Yeah)
I got a bad boy persona, that's what they like
You love it, I love it too 'cause you my type
You hold me down and I protect you with my life
I don't wanna touch you (I don't wanna be)
Just another ex-love (You don’t wanna see)
I don’t wanna miss you (
I don't wanna miss you
)
Like the other girls do
I don’t wanna hurt you (I just wanna be)
Drinkin' on the beach with (You all over me)
I know what they all say (
I know what they all say
)
But I ain't tryna play
I wanna be your end game (End game)
I wanna be your first string (First string)
I wanna be your A-Team (A-Team)
I wanna be your end game, end game
Knew her when I was young, reconnected when we were little bit older
Both sprung, I got issues and chips on both of my shoulders
Reputation precedes me, in rumours, I'm knee-deep
The truth is, it’s easier to ignore it, believe me
Even when we'd argue, we'd not do it for long
And you understand the good and bad end up in the song
For all your beautiful traits and the way you do it with ease
For all my flaws, paranoia and insecurities
I've made mistakes and made some choices, that's hard to deny
After the storm, somethin' was born on the 4th of July
Our past days were the fun, this end game is the one
With four words on the tip of my tongue, I'll never say it
I don't wanna touch you (
I don't wanna be
)
Just another ex-love (
You don't wanna see
)
I don't wanna miss you (I don't wanna miss you)
Like the other girls do
I don't wanna hurt you (I just wanna be)
Drinkin' on the beach with (
You all over me
)
I know what they all say (Yeah)
But I ain't tryna play (Ooh)
I wanna be your end game (End game)
I wanna be your first string (Wanna be your first string)
I wanna be your A-Team (A-Team)
I wanna be your end game, end game
Big reputation, big reputation
Ooh, you and me, we got big reputations, ah
And you heard about me, ooh
I got some big enemies (
Hey
)
Big reputation, big reputation
 (Big reputation, yeah)
Ooh, you and me would be a big conversation, ah
And I heard about you, ooh
You like the bad ones too
I hit you like bang, we tried to forget it, but we just couldn't
And I bury hatchets, but I keep maps of where I put 'em
Reputation precedes me, they told you I'm crazy
I swear I don't love the drama, it loves me
And I can't let you go, your handprints on my soul
It's like your eyes are liquor, it's like your body is gold
You've been callin' my bluff on all my usual tricks
So here's the truth from my red lips (Ooh, ah)
I wanna be your end game (End game)
I wanna be your first string (
Me and you
; First string)
I wanna be your A-Team (
Hey
; 
Be your A-Team now
; A-Team)
I wanna be your end game, end game
I wanna be your end game (Oh, I do; End game)
I wanna be your first string (First string)
I wanna be your A-Team (A-Team)
I wanna be your end game, end game",0.649,0.589,-6.237,0.0558,0.00845,0.0,0.108,0.151,159.073,244827.0,2.0,1.0
Lavender Haze,Midnights,Midnights,"Meet me at midnight
Staring at the ceiling with you
Oh, you don't ever say too much
And you don't really read into
My melancholia
I been under scrutiny (Yeah, oh, yeah)
You handle it beautifully (Yeah, oh, yeah)
All this shit is new to me (Yeah, oh, yeah)
I feel
The lavender haze creeping up on me
Surreal
I'm damned if I do give a damn what people say
No deal
The 1950s shit they want from me
I just wanna stay in that lavender haze
All they keep asking me (All they keep asking me)
Is if I'm gonna be your bride
The only kinda girl they see (Only kinda girl they see)
Is a one-night or a wife
I find it dizzying (Yeah, oh, yeah)
They're bringing up my history (Yeah, oh, yeah)
But you weren't even listening (Yeah, oh, yeah)
I feel
The lavender haze creepin' up on me
Surreal
I'm damned if I do give a damn what people say
No deal
The 1950s shit they want from me
I just wanna stay in that lavender haze
That lavender haze
Talk your talk and go viral
I just need this love spiral
Get it off your chest
Get it off my desk (Get it off my desk)
Talk your talk and go viral
I just need this love spiral
Get it off your chest
Get it off my desk
I feel (I feel)
The lavender haze creeping up on me
Surreal
I'm damned if I do give a damn what people say
No deal (No deal)
The 1950s shit they want from me
I just wanna stay in that lavender haze
Get it off your chest
Get it off my desk
That lavender haze
I just wanna stay
I just wanna stay in that lavender haze",0.733,0.436,-10.489,0.08,0.258,0.000573,0.157,0.0976,96.985,202396.0,10.0,1.0
False God,Lover,Lover,"We were crazy to think
Crazy to think that this could work
Remember how I said I'd die for you?
We were stupid to jump
In the ocean separating us
Remember how I’d fly to you?
And I can't talk to you when you're like this
Staring out the window like I’m not your favorite town
I'm New York City
I still do it for you, babe
They all warned us about times like this
They say the road gets hard and you get lost
When you're led by blind faith, blind faith
But we might just get away with it
Religion's in your lips
Even if it's a false god
We'd still worship
We might just get away with it
The altar is my hips
Even if it's a false god
We'd still worship this love
We’d still worship this love
We’d still worship this love
I know heaven's a thing
I go there when you touch me, honey
Hell is when I fight with you
But we can patch it up good
Make confessions and we’re begging for forgiveness
Got the wine for you
And you can't talk to me when I'm like this
Daring you to leave me just so I can try and scare you
You're the West Village
You still do it for me, babe
They all warned us about times like this
They say the road gets hard and you get lost
When you’re led by blind faith, blind faith
But we might just get away with it
Religion's in your lips
Even if it's a false god
We'd still worship
We might just get away with it
The altar is my hips
Even if it's a false god
We'd still worship this love
We'd still worship this love
We'd still worship this love, ah
Still worship this love
Even if it's a false god
Even if it's a false god
Still worship this love",0.739,0.32,-10.862,0.239,0.736,0.000147,0.111,0.351,79.97,200307.0,11.0,0.0
mad woman,folklore,Folklore,"What did you think I'd say to that?
Does a scorpion sting when fighting back?
They strike to kill, and you know I will
You know I will
What do you sing on your drive home?
Do you see my face in the neighbor's lawn?
Does she smile?
Or does she mouth, ""Fuck you forever""?
Every time you call me crazy, I get more crazy
What about that?
And when you say I seem angry, I get more angry
And there's nothing like a mad woman
What a shame she went mad
No one likes a mad woman
You made her like that
And you'll poke that bear 'til her claws come out
And you find something to wrap your noose around
And there's nothing like a mad woman
Now I breathe flames each time I talk
My cannons all firin' at your yacht
They say, ""Move on,"" but you know I won't
And women like hunting witches too
Doing your dirtiest work for you
It's obvious that wanting me dead
Has really brought you two together
Every time you call me crazy, I get more crazy
What about that?
And when you say I seem angry, I get more angry
And there's nothing like a mad woman
What a shame she went mad
No one likes a mad woman
You made her like that
And you'll poke that bear 'til her claws come out
And you find something to wrap your noose around
And there's nothing like a mad woman
I'm taking my time, taking my time
'Cause you took everything from me
Watching you climb, watching you climb
Over people like me
The master of spin has a couple side flings
Good wives always know
She should be mad, should be scathing like me, but
No one likes a mad woman
What a shame she went mad
You made her like that",0.592,0.699,-8.995,0.0471,0.655,1.68e-05,0.114,0.506,141.916,237258.0,3.0,1.0
peace,folklore,Folklore,"Our coming-of-age has come and gone
Suddenly, this summer, it's clear
I never had the courage of my convictions
As long as danger is near
And it's just around the corner, darlin'
'Cause it lives in me
No, I could never give you peace
But I'm a fire and I'll keep your brittle heart warm
If your cascade, ocean wave blues come
All these people think love's for show
But I would die for you in secret
The devil's in the details, but you got a friend in me
Would it be enough if I could never give you peace?
Your integrity makes me seem small
You paint dreamscapes on the wall
I talk shit with my friends, it's like I'm wasting your honor
And you know that I'd swing with you for the fences
Sit with you in the trenches
Give you my wild, give you a child
Give you the silence that only comes when two people understand each other
Family that I chose, now that I see your brother as my brother
Is it enough?
But there's robbers to the east, clowns to the west
I'd give you my sunshine, give you my best
But the rain is always gonna come if you're standin' with me
But I'm a fire and I'll keep your brittle heart warm
If your cascade, ocean wave blues come
All these people think love's for show
But I would die for you in secret
The devil's in the details, but you got a friend in me
Would it be enough if I could never give you peace?
Would it be enough if I could never give you peace?
Would it be enough if I could never give you peace?",0.647,0.272,-12.906,0.0916,0.918,1.73e-05,0.0918,0.339,150.044,234000.0,5.0,1.0
champagne problems,evermore,Evermore,"You booked the night train for a reason
So you could sit there in this hurt
Bustling crowds or silent sleepers
You're not sure which is worse
Because I dropped your hand while dancing
Left you out there standing
Crestfallen on the landing
Champagne problems
Your mom's ring in your pocket
My picture in your wallet
Your heart was glass, I dropped it
Champagne problems
You told your family for a reason
You couldn't keep it in
Your sister splashed out on the bottle
Now no one's celebrating
Dom Pérignon, you brought it
No crowd of friends applauded
Your hometown skeptics called it
Champagne problems
You had a speech, you're speechless
Love slipped beyond your reaches
And I couldn't give a reason
Champagne problems
Your Midas touch on the Chevy door
November flush and your flannel cure
""This dorm was once a madhouse""
I made a joke, ""Well, it's made for me""
How evergreen, our group of friends
Don't think we'll say that word again
And soon they'll have the nerve to deck the halls
That we once walked through
One for the money, two for the show
I never was ready so I watch you go
Sometimes you just don't know the answer
'Til someone's on their knees and asks you
""She would've made such a lovely bride
What a shame she's fucked in the head,"" they said
But you'll find the real thing instead
She'll patch up your tapestry that I shred
And hold your hand while dancing
Never leave you standing
Crestfallen on the landing
With champagne problems
Your mom's ring in your pocket
Her picture in your wallet
You won't remember all my
Champagne problems
You won't remember all my
Champagne problems",0.462,0.24,-12.077,0.0377,0.92,0.0,0.113,0.32,171.319,244000.0,0.0,1.0
"no body, no crime (feat. HAIM)",evermore,Evermore,"On je bil
On je bil
Este je moja prijateljica
Vsak torek se dobiva za večerjo in kozarec vina
Este ne spi dobro
Njen mož se vede drugače in misli, da gre za nezvestobo
Reče: ''To na njegovih ustih ni moj Merlot
Nakit na najinem skupnem računu ni moj''
Ne, ni nobenih dvomov
Mislim, da se bom soočila z njim
Reče: ''Mislim, da je bil on, a nimam dokazov''
Mislim, da je bil on, a nimam dokazov
Mislim, da je bil on, a nimam dokazov
Ne, ni trupla, ni umora
A ne bom obupala, dokler ne umrem
Ne, ne
Mislim, da je bil on
Ne, ne
Bil je on
V torek Este ni bila v Olive Garden-u
V njeni službi ali kjerkoli drugje
Prijavil je svojo pogrešano ženo
A ko sem se peljala mimo njegove hiše sem opazila
Da ima njegov avto čisto nove gume
In njegova ljubica se je vselila
Spi v Estejini postelji in vse
Ne, ni nobenih dvomov
Nekdo ga mora zasačiti ker
Mislim, da je bil on, a nimam dokazov (On je bil)
Mislim, da je bil on, a nimam dokazov (On je bil)
Mislim, da je bil on, a nimam dokazov
Ne, ni trupla, ni umora
A ne bom obupala, dokler ne umrem
Ne, ne
Mislim, da je bil on
Ne, ne
Bil je on
Še dobro, da me je očka prisilil, da dobim izpit za ladjo pri petnajstih
In počistila sem dovolj hiš, da znam prikriti tudi kraj zločina
Še dobro, da bo Estejina sestra rekla, da je bila z mano (Z mano je bila, model)
Še dobro, da je njegova ljubica dobila veliko denarja od zavarovalnice
Mislijo, da je bila ona, a nimajo dokazov
Mislijo, da je bila ona, a nimajo dokazov
Ona misli, da sem bila jaz, a nima dokazov
Ne, ni trupla, ni umora
Nisem obupala do dneva ko je
Ne, ni trupla, ni umora
Nisem obupala do dneva ko je
Ne, ni trupla, ni umora
Nisem obupala do dneva, ko je umrl",0.546,0.613,-7.589,0.0264,0.418,0.0,0.103,0.535,79.015,215627.0,7.0,0.0
Bejeweled,Midnights,Midnights,"Baby love, I think I've been a little too kind
Didn't notice you walkin' all over my peace of mind
In the shoes I gave you as a present
Puttin' someone first only works when you're in their top five
And by the way, I'm goin' out tonight
Best believe I'm still bejeweled
When I walk in the room
I can still make the whole place shimmer
And when I meet the band
They ask, ""Do you have a man?""
I could still say, ""I don't remember""
Familiarity breeds contempt
Don't put mе in the basement
Whеn I want the penthouse of your heart
Diamonds in my eyes
I polish up real, I polish up real nice
Nice
Baby boy, I think I've been too good of a girl (Too good of a girl)
Did all the extra credit, then got graded on a curve
I think it's time to teach some lessons
I made you my world (Huh), have you heard? (Huh)
I can reclaim the land
And I miss you (Miss you), but I miss sparklin' (Nice)
Best believe I'm still bejeweled
When I walk in the room
I can still make the whole place shimmer
And when I meet the band
They ask, ""Do you have a man?""
I could still say, ""I don't remember""
Familiarity breeds contempt
Don't put me in the basement
When I want the penthouse of your heart
Diamonds in my eyes
I polish up real, I polish up real nice
Nice
Sapphire tears on my face
Sadness became my whole sky
But some guy said my aura's moonstone
Just 'cause he was high
And we're dancin' all night
And you can try to change my mind
But you might have to wait in line
What's a girl gonna do?
A diamond's gotta shine
Best believe I'm still bejeweled
When I walk in the room
I can still make the whole place shimmer (Shimmer)
And when I meet the band
They ask, ""Do you have a man?""
I could still say, ""I don't remember""
Familiarity breeds contempt
Don't put me in the basement
When I want the penthouse of your heart
Diamonds in my eyes
I polish up real (Nice), I polish up real nice
And we're dancin' all night
And you can try to change my mind
But you might have to wait in line
What's a girl gonna do? What's a girl gonna do?
I polish up nice
Best believe I'm still bejeweled
When I walk in the room
I can still make the whole place shimmer",0.696,0.559,-9.19,0.0693,0.0618,5.58e-05,0.0887,0.433,163.999,194166.0,7.0,1.0
Getaway Car,reputation,Reputation,"No, nothin' good starts in a getaway car
It was the best of times, the worst of crimes
I struck a match and blew your mind
But I didn’t mean it and you didn't see it
The ties were black, the lies were white
In shades of gray in candlelight
I wanted to leave him, I needed a reason
""X"" marks the spot where we fell apart
He poisoned the well, I was lyin' to myself
I knew it from the first Old Fashioned, we were cursed
We never had a shotgun shot in the dark (Oh)
You were drivin’ the getaway car
We were flyin', but we'd never get far
Don't pretend it's such a mystery
Think about the place where you first met me
Ridin' in a getaway car
There were sirens in the beat of your heart
Shoulda known I'd be the first to leave
Think about the place where you first met me
In a getaway car (Oh-oh-oh)
No, they never get far (Oh-oh-ah)
No, nothin' good starts in a getaway car
It was the great escape, the prison break
The light of freedom on my face
But you weren’t thinkin’ and I was just drinkin'
While he was runnin’ after us, I was screamin', ""Go, go, go""
But with three of us, honey, it's a sideshow
And a circus ain't a love story and now we’re both sorry (We're both sorry)
""X"" marks the spot where we fell apart
He poisoned the well, every man for himself
I knew it from the first Old Fashioned, we were cursed
It hit you like a shotgun shot to the heart (Oh)
You were drivin' the getaway car
We were flyin', but we'd never get far
Don't pretend it's such a mystery
Think about the place where you first met me
Ridin' in a getaway car
There were sirens in the beat of your heart
Shoulda known I'd be the first to leave
Think about the place where you first met me
In a getaway car (Oh-oh-oh)
No, they never get far (Oh-oh-ah)
No, nothin' good starts in a getaway car
We were jet-set, Bonnie and Clyde (Oh-oh)
Until I switched to the other side, to the other side
It's no surprise I turned you in (Oh-oh)
'Cause us traitors never win
I'm in a getaway car
I left you in a motel bar
Put the money in a bag and I stole the keys
That was the last time you ever saw me (Oh)
Drivin' the getaway car
We were flyin', but we'd never get far (Don't pretend)
Don't pretend it's such a mystery
Think about the place where you first met me
Ridin' in a getaway car
There were sirens in the beat of your heart (Shoulda known)
Shoulda known I'd be the first to leave
Think about the place where you first met me
In a getaway car (Oh-oh-oh)
No, they never get far, oh-oh-ah
No, nothin' good starts in a getaway car
I was ridin' in a getaway car
I was cryin' in a getaway car
I was dyin' in a getaway car
Said goodbye in a getaway car
Ridin' in a getaway car
I was cryin' in a getaway car
I was dyin' in a getaway car
Said goodbye in a getaway car",0.562,0.689,-6.745,0.127,0.00465,2.23e-06,0.0888,0.351,172.054,233627.0,2.0,1.0
Cornelia Street,Lover,Lover,"We were in the backseat
Drunk on something stronger than the drinks in the bar
""I rent a place on Cornelia Street""
I say casually in the car
We were a fresh page on the desk
Filling in the blanks as we go
As if the street lights pointed in an arrow head
Leading us home
And I hope I never lose you, hope it never ends
I'd never walk Cornelia Street again
That's the kinda heartbreak time could never mend
I'd never walk Cornelia Street again
And baby, I get mystified by how this city screams your name
And baby, I'm so terrified of if you ever walk away
I'd never walk Cornelia Street again
I'd never walk Cornelia Street again
Windows flung right open, autumn air
Jacket 'round my shoulders is yours
We bless the rains on Cornelia Street
Memorize the creaks in the floor
Back when we were card sharks, playing games
I thought you were leading me on
I packed my bags, left Cornelia Street
Before you even knew I was gone
But then you called, showed your hand
I turned around before I hit the tunnel
Sat on the roof, you and I
I hope I never lose you, hope it never ends
I'd never walk Cornelia Street again
That's the kinda heartbreak time could never mend
I'd never walk Cornelia Street again
And baby, I get mystified by how this city screams your name (City screams your name)
And baby, I'm so terrified of if you ever walk away
I'd never walk Cornelia Street again
I'd never walk Cornelia Street again
You hold my hand on the street
Walk me back to that apartment
Years ago, we were just inside
Barefoot in the kitchen
Sacred new beginnings
That became my religion, listen
I hope I never lose you
I'd never walk Cornelia Street again
Oh, never again
And baby, I get mystified by how this city screams your name (City screams your name)
And baby, I'm so terrified of if you ever walk away
I'd never walk Cornelia Street again
I'd never walk Cornelia Street again
I don't wanna lose you (Hope it never ends)
I'd never walk Cornelia Street again
I don't wanna lose you (Yeah)
""I rent a place on Cornelia Street""
I say casually in the car",0.824,0.624,-9.728,0.0827,0.781,0.000189,0.1,0.248,102.012,287267.0,0.0,1.0
Dress,reputation,Reputation,"Our secret moments in a crowded room
They got no idea about me and you
There is an indentation in the shape of you
Made your mark on me, a golden tattoo
All of this silence and patience, pining and anticipation
My hands are shakin' from holdin’ back from you, ha, ah, ah
All of this silence and patience, pining and desperately waitin'
My hands are shakin' from all this, ah, ha, ha, ha-ah
Say my name and everything just stops
I don’t want you like a best friend
Only bought this dress so you could take it off
Take it off, ha, ha, ha-ah
Carve your name into my bedpost
'Cause I don't want you like a best friend
Only bought this dress so you could take it off
Take it off, ha, ha, ha-ah
Inescapable, I'm not even gonna try
And if I get burned, at least we were electrified
I'm spillin' wine in the bathtub
You kiss my face and we're both drunk
Everyone thinks that they know us
But they know nothin' about
All of this silence and patience, pining and anticipation
My hands are shakin’ from holdin’ back from you, ha, ah, ah
All of this silence and patience, pining and desperately waitin'
My hands are shakin’ from all this, ah, ha, ha, ha-ah
Say my name and everything just stops
I don't want you like a best friend
Only bought this dress so you could take it off
Take it off, ha, ha, ha-ah
Carve your name into my bedpost
'Cause I don't want you like a best friend
Only bought this dress so you could take it off
Take it off, ha, ha
Ha-ah-ah, ha-ah-ah, ha-ah-ah-ah
Only bought this dress so you could take it off
Ha-ah-ah, ha-ah-ah, ha-ah-ah-ah
Only bought this dress so you could take it off
Flashback when you met me
Your buzzcut and my hair bleached
Even in my worst times
You could see the best in me
Flashback to my mistakes
My rebounds, my earthquakes
Even in my worst lies
You saw the truth in me
And I woke up just in time
Now I wake up by your side
My one and only, my lifeline
I woke up just in time
Now I wake up by your side
My hands shake, I can’t explain this, ah, ha, ha, ha-ah
Say my name and everything just stops
I don't want you like a best friend
Only bought this dress so you could take it off
Take it off, ha, ha, ha-ah
Carve your name into my bedpost
'Cause I don't want you like a best friend
Only bought this dress so you could take it off
Take it off, ha, ha, ha-ah
There is an indentation in the shape of you
(Only bought this dress so you could take it off)
You made your mark on me, golden tattoo
(Only bought this dress so you could take it off)",0.719,0.469,-8.792,0.0533,0.0329,0.0,0.169,0.0851,120.085,230373.0,0.0,1.0
I Did Something Bad,reputation,Reputation,"I never trust a narcissist, but they love me
So I play 'em like a violin
And I make it look, oh, so easy
'Cause for every lie I tell them, they tell me three
This is how the world works
Now all he thinks about is me
I can feel the flames on my skin
Crimson red paint on my lips
If a man talks shit, then I owe him nothin'
I don't regret it one bit 'cause he had it comin'
They say I did somethin' bad
Then why's it feel so good?
They say I did somethin' bad
But why's it feel so good?
Most fun I ever had
And I'd do it over and over and over again if I could
It just felt so good, good
Ra-di-di-di-di-di-di-di-di-di-da-da
Ra-di-di-di-di-di-di-di-di-di-da-da
Ra-di-di-di-di-di-di-di-di-di-da-da
Da-da, da, da
I never trust a playboy, but they love me
So I fly 'em all around the world
And I let them think they saved me
They never see it comin', what I do next
This is how the world works
You gotta leave before you get left
I can feel the flames on my skin
He says, ""Don't throw away a good thing""
But if he drops my name, then I owe him nothin'
And if he spends my change, then he had it comin'
They say I did somethin' bad (
Da-da
)
Then why's it feel so good?
They say I did somethin' bad
But why's it feel so good?
Most fun I ever had
And I'd do it over and over and over again if I could
It just felt so good, good
Ra-di-di-di-di-di-di-di-di-di-da-da
Ra-di-di-di-di-di-di-di-di-di-da-da
(It just felt so good)
Ra-di-di-di-di-di-di-di-di-di-da-da
Da-da, da, da
They're burning all the witches, even if you aren't one
They got their pitchforks and proof, their receipts and reasons
They're burning all the witches, even if you aren't one
So light me up (Light me up), light me up (Light me up)
Light me up, go ahead and light me up (Light me up)
Light me up (Light me up), light me up (Light me up)
Light me up (Light me up), light me up
They say I did somethin' bad (Oh)
Then why's it feel so good? (So good)
They say I did somethin' bad
But why's it feel so (Good) good?
Most fun I ever had (Most fun I ever had)
And I'd do it over and over and over again if I could
It just felt so good (Good), good
Ra-di-di-di-di-di-di-di-di-di-da-da
 (Bad)
Ra-di-di-di-di-di-di-di-di-di-da-da
Oh, they say I did somethin' bad (They say I did somethin' bad)
Ra-di-di-di-di-di-di-di-di-di-da-da
Then why's it feel so good, good?
So good (Bad), why's it feel so good?
Why's it feel, why's it feel so good? (Bad)
It just felt so good, good",0.696,0.602,-6.156,0.159,0.0679,2.11e-05,0.0696,0.305,82.989,238253.0,0.0,0.0
I Know Places,1989 (Deluxe),1989,"I-I-I-I, I-I-I-I
I-I-I-I, I-I-I-I
I-I-I-I, I-I-I-I, I-I (I, I)
You stand with your hand on my waistline
It's a scene and we're out here in plain sight
I can hear them whisper as we pass by
It's a bad sign, bad sign
Somethin' happens when everybody finds out
See the vultures circling, dark clouds
Love's a fragile little flame, it could burn out
It could burn out
'Cause they got the cages, they got the boxes and guns
They are the hunters, we are the foxes and we run
Baby, I know places we won't be found
And they'll be chasing their tails tryin' to track us down
'Cause I, I know places we can hide
I know places, I know places
Lights flash and we'll run for the fences
Let them say what they want, we won't hear it
Loose lips sink ships all the damn time
Not this time
Just grab my hand and don't ever drop it, my love
They are the hunters, we are the foxes and we run
Baby (Baby), I know places we won't be found
And they'll (They'll) be (Be) chasing their tails tryin' to track us down
'Cause I, I know places we can hide
I know places
They are the hunters, we are the foxes and we run
Just grab my hand and don't ever drop it, my love
Baby (Baby), I know places we won't be found
And they'll (They'll) be (Be) chasing their tails tryin' to track us down
'Cause I, I know places we can hide
I know places
(I) They take their shots, but we're bulletproof (I know places)
(Hide) And you know, for me, it's always you (I know places)
(I) In the dead of night, your eyes so green (I know places)
(Hide) And I know, for you, it's always me (I know places)
I-I-I-I, I-I-I-I
I-I-I-I, I-I-I-I (I, I)",0.596,0.763,-4.99,0.0661,0.231,0.0,0.2,0.507,159.958,195707.0,0.0,1.0
Don’t Blame Me,reputation,Reputation,"Don't blame me, love made me crazy
If it doesn't, you ain't doin' it right
Lord, save me, my drug is my baby
I'll be usin' for the rest of my life
I've been breakin' hearts a long time
And toyin' with them older guys
Just playthings for me to use
Somethin' happened for the first time
In the darkest little paradise
Shaking, pacin', I just need you
For you, I would cross the line
I would waste my time
I would lose my mind
They say, ""She's gone too far this time""
Don't blame me, love made me crazy
If it doesn't, you ain't doin' it right
Lord, save me, my drug is my baby
I'll be usin' for the rest of my life
Don't blame me, love made me crazy
If it doesn't, you ain't doin' it right
Oh Lord, save me, my drug is my baby
I'll be usin' for the rest of my life
My name is whatever you decide and
I'm just gonna call you mine
I'm insane, but I'm your baby (Your baby)
Echoes (Echoes) of your name inside my mind
Halo hidin' my obsession
I once was poison ivy, but now, I'm your daisy
And, baby, for you, I (I) would (Would) fall from grace
Just (Just) to (To) touch your face
If (If) you (You) walk away
I'd beg ya on my knees to stay
Don't blame me, love made me crazy
If it doesn't, you ain't doin' it right
Lord, save me, my drug is my baby
I'll be usin' for the rest of my life (Yeah, ooh)
Don't blame me, love made me crazy
If it doesn't, you ain't doin' it right
Oh Lord, save me, my drug is my baby
I'll be usin' for the rest of my life
I get so high, oh
Every time you're, every time you're lovin' me
You're lovin' me
Trip of my life, oh
Every time you're, every time you're touchin' me
You're touchin' me
Every time you're, every time you're lovin' me
Oh Lord, save me, my drug is my baby
I'll be usin' for the rest of my life
(Usin' for the rest of my life, oh, woah)
Don't blame me, love made me crazy
If it doesn't, you ain't doin' it right (Doin' it right, no)
Lord, save me, my drug is my baby
I'll be usin' for the rest of my life (Oh)
Don't blame me, love made me crazy (Ooh)
If it doesn't, you ain't doin' it right (You ain't doin' it right)
Oh Lord, save me, my drug is my baby
I'll be usin' for the rest of my life (I'll be usin', I'll be usin')
I get so high, oh
Every time you're, every time you're lovin' me
You're lovin' me
Oh Lord, save me, my drug is my baby
I'll be usin' for the rest of my life",0.615,0.534,-6.719,0.0386,0.106,1.76e-05,0.0607,0.193,135.917,236413.0,9.0,0.0
How You Get The Girl,1989 (Deluxe),1989,"Oh, oh, oh
Oh, oh, oh
Oh-oh, oh-oh
Stand there like a ghost
Shaking from the rain, rain
She'll open up the door and say, ""Are you insane?""
Say it's been a long six months
And you were too afraid to tell her what you want, want
And that's how it works
That's how you get the girl
And then, you say
I want you for worse or for better
I would wait forever and ever
Broke your heart, I'll put it back together
I would wait forever and ever
And that's how it works
That's how you get the girl, girl (Oh-oh, oh)
And that's how it works
That's how you get the girl, girl
Remind her how it used to be, be, yeah-yeah
With pictures in frames of kisses on cheeks, cheeks
Tell her how you must have lost your mind, ooh-ooh
When you left her all alone
And never told her why, why
And that's how it works
That's how you lost the girl
And now, you say
I want you for worse or for better
I would wait forever and ever (Ever and ever)
Broke your heart, I'll put it back together
I would wait forever and ever
And that's how it works
That's how you get the girl, girl (Oh-oh, oh-oh)
And that's how it works
That's how you get the girl, girl
Yeah, yeah
And you know
Oh, oh, oh, oh, oh, oh, oh, oh, oh, oh
That I don't want you to go, oh, oh
Remind me how it used to be
Pictures in frames of kisses on cheeks
And say you want me, yeah-yeah
And then you say
I want you for worse or for better (Worse or for better)
I would wait forever and ever (Ever and ever)
Broke your heart, I'll put it back together
I want you forever and ever (I would wait forever and ever)
And that's how it works
That's how you get the girl, girl (This is how it works)
And that's how it works
That's how you get the girl, girl (Get the girl)
(That's how it works)
And that's how it works
That's how you get the girl, girl
(Oh, oh, oh, oh, oh, oh, oh, oh, oh, oh)
And that's how it works
That's how you get the girl, girl
(Oh, oh, oh, oh, oh, oh, oh, oh, oh, oh)
And that's how it works
That's how you got the girl",0.764,0.66,-6.136,0.0494,0.00461,0.00477,0.0915,0.524,119.988,247533.0,5.0,1.0
cardigan,folklore,Folklore,"Vintage tee, brand new phone
High heels on cobblestones
When you are young, they assume you know nothing
Sequin smile, black lipstick
Sensual politics
When you are young, they assume you know nothing
But I knew you
Dancin' in your Levi's
Drunk under a streetlight, I
I knew you
Hand under my sweatshirt
Baby, kiss it better, I
And when I felt like I was an old cardigan
Under someone's bed
You put me on and said I was your favorite
A friend to all is a friend to none
Chase two girls, lose the one
When you are young, they assume you know nothing
But I knew you
Playing hide-and-seek and
Giving me your weekends, I
I knew you
Your heartbeat on the High Line
Once in twenty lifetimes, I
And when I felt like I was an old cardigan
Under someone's bed
You put me on and said I was your favorite
To kiss in cars and downtown bars
Was all we needed
You drew stars around my scars
But now I'm bleedin'
'Cause I knew you
Steppin' on the last train
Marked me like a bloodstain, I
I knew you
Tried to change the ending
Peter losing Wendy, I
I knew you
Leavin' like a father
Running like water, I
And when you are young, they assume you know nothing
But I knew you'd linger like a tattoo kiss
I knew you'd haunt all of my what-ifs
The smell of smoke would hang around this long
'Cause I knew everything when I was young
I knew I'd curse you for the longest time
Chasin' shadows in the grocery line
I knew you'd miss me once the thrill expired
And you'd be standin' in my front porch light
And I knew you'd come back to me
You'd come back to me
And you'd come back to me
And you'd come back
And when I felt like I was an old cardigan
Under someone's bed
You put me on and said I was your favorite",0.613,0.581,-8.588,0.0424,0.537,0.000345,0.25,0.551,130.033,239560.0,0.0,0.0
Mastermind,Midnights,Midnights,"Once upon a time, the planets and the fates
And all the stars aligned
You and I ended up in the same room
At the same time
And the touch of a hand lit the fuse
Of a chain reaction of countermoves
To assess the equation of you
Checkmate, I couldn't lose
What if I told you none of it was accidental?
And the first night that you saw me
Nothing was gonna stop me
I laid the groundwork, and then
Just like clockwork
The dominoes cascaded in a line
What if I told you I'm a mastermind?
And now you're mine
It was all by dеsign
'Cause I'm a mastermind
You see, all the wisеst women
Had to do it this way
'Cause we were born to be the pawn
In every lover's game
If you fail to plan, you plan to fail
Strategy sets the scene for the tale
I'm the wind in our free-flowing sails
And the liquor in our cocktails
What if I told you none of it was accidental?
And the first night that you saw me
I knew I wanted your body
I laid the groundwork, and then
Just like clockwork
The dominoes cascaded in a line
What if I told you I'm a mastermind?
And now you're mine
It was all my design
'Cause I'm a mastermind
No one wanted to play with me as a little kid
So I've been scheming like a criminal ever since
To make them love me and make it seem effortless
This is the first time I've felt the need to confess
And I swear
I'm only cryptic and Machiavellian
'Cause I care
So I told you none of it was accidental
And the first night that you saw me
Nothing was gonna stop me
I laid the groundwork, and then
Saw a wide smirk on your face
You knew the entire time
You knew that I'm a mastermind
And now you're mine
Yeah, all you did was smile
'Cause I'm a mastermind",0.662,0.357,-14.064,0.154,0.553,0.00129,0.0837,0.124,125.966,191039.0,4.0,1.0
I Forgot That You Existed,Lover,Lover,"How many days did I spend thinking
'Bout how you did me wrong, wrong, wrong?
Lived in the shade you were throwing
'Til all of my sunshine was gone, gone, gone
And I couldn't get away from ya
In my feelings more than Drake, so yeah
Your name on my lips, tongue-tied
Free rent, living in my mind
But then something happened one magical night
I forgot that you existed
And I thought that it would kill me, but it didn't
And it was so nice
So peaceful and quiet
I forgot that you existed
It isn't love, it isn't hate, it's just indifference
I forgot that you
Got out some popcorn
As soon as my rep started going down, down, down
Laughed on the school yard
As soon as I tripped up and hit the ground, ground, ground
And I would've stuck around for ya
Would've fought the whole town, so yeah
Would've been right there, front row
Even if nobody came to your show
But you showed who you are, then one magical night
I forgot that you existed
And I thought that it would kill me, but it didn't
And it was so nice
So peaceful and quiet
I forgot that you existed
It isn't love, it isn't hate, it's just indifference
I forgot that you
Sent me a clear message
Taught me some hard lessons
I just forget what they were
It's all just a blur
I forgot that you existed
And I thought that it would kill me, but it didn't
And it was so nice
So peaceful and quiet
I forgot that you existed
I did, I did, I did
It isn't hate, it's just indifference
It isn't love, it isn't hate, it's just indifference
So, yeah",0.664,0.316,-10.345,0.519,0.298,2.03e-06,0.0812,0.541,92.875,170640.0,5.0,1.0
hoax,folklore,Folklore,"My only one
My smoking gun
My eclipsed sun
This has broken me down
My twisted knife
My sleepless night
My winless fight
This has frozen my ground
Stood on the cliffside screaming, ""Give me a reason""
Your faithless love's the only hoax I believe in
Don't want no other shade of blue but you
No other sadness in the world would do
My best laid plan
Your sleight of hand
My barren land
I am ash from your fire
Stood on the cliffside screaming, ""Give me a reason""
Your faithless love's the only hoax I believe in
Don't want no other shade of blue but you
No other sadness in the world would do
You know I left a part of me back in New York
You knew the hero died so what's the movie for?
You knew it still hurts underneath my scars
From when they pulled me apart
You knew the password so I let you in the door
You knew you won so what's the point of keeping score?
You knew it still hurts underneath my scars
From when they pulled me apart
But what you did was just as dark
(Ah, ah, ah)
Darling, this was just as hard
As when they pulled me apart
My only one
My kingdom come undone
My broken drum
You have beaten my heart
Don't want no other shade of blue but you
No other sadness in the world would do",0.662,0.181,-15.065,0.0415,0.966,3.86e-06,0.133,0.429,118.819,220043.0,8.0,1.0
ME!,Lover,Lover,archer daylight daylight cruel daylight cruel summer archer daylight summer and I and the the love love we I love love I I the love I love we love the,0.61,0.83,-4.105,0.0571,0.033,0.0,0.118,0.728,182.162,193000.0,0.0,1.0
exile (feat. Bon Iver),folklore,Folklore,"Puedo verte de pie, cariño
Con sus brazos alrededor de tu cuerpo
Riéndote, pero la broma no es nada graciosa
Y te tomó sólo cinco minutos
Para olvidarte de nosotros y dejarme con todo eso
Manteniendo todo este amor aquí en el pasillo
Creo que he visto esta película antes
Y no me gustó el final
Y ya no eres mi problema
Entonces, ¿a quién estoy defendiendo ahora?
Eras mi ciudad, ahora estoy en el exilio, mirándote de lejos
Creo que he visto esta película antes
Uhh, uhh, uhh
Puedo verte mirándome, cariño
Como si él fuera sólo tú remplazo
Como si tus nudillos sangraran por mí
La segunda, la tercera y la centésima oportunidad
Nos balanceamos sobre ramas frágiles
Esa mirada son un insulto para las heridas
Creo que he visto esta película antes
Y no me gustó el final
Ya no soy tu problema
Entonces, ¿a quién estoy ofendiendo ahora?
Eras mi corona, ahora estoy en el exilio, mirándote de lejos
Creo que he visto esta película antes
Así que, me iré por la puerta lateral
Así que vete ya, no existe la cantidad
De lágrimas que pueda llorar por ti
Todo este tiempo
Siempre caminamos sobre una línea muy delgada
Ni siquiera me escuchaste
(Ni siquiera me escuchaste)
Nunca diste una señal de advertencia (Yo di tantas señales)
Todo este tiempo
Nunca aprendí a entender tu mentalidad (Nunca aprendiste a entender mi mentalidad)
No podía cambiar las cosas (Nunca cambiaste las cosas)
Porque nunca diste una señal de advertencia (Di tantas señales)
Tantas señales, tantas señales
Ni siquiera viste las señales
Creo que he visto esta película antes
Y no me gustó el final
Tú ya no eres mi problema
Entonces, ¿a quién estoy defendiendo ahora?
Eras mi ciudad, ahora estoy en el exilio, mirándote de lejos
Creo que he visto esta película antes
Así que, me iré por la puerta lateral
Así que vete ya, no existe la cantidad
De lágrimas que pueda llorar por ti
Todo este tiempo
Siempre caminamos sobre una línea muy delgada
Ni siquiera me escuchaste
(Ni siquiera me escuchaste)
Nunca diste una señal de advertencia (Yo di tantas señales)
Todo este tiempo, nunca aprendí a entender tú mentalidad (Nunca aprendiste a entender mi mentalidad)
No podía cambiar las cosas (Nunca cambiaste las cosas)
Porque nunca diste una señal de advertencia (Di tantas señales)
Nunca diste una señal de advertencia (Todo este tiempo)
(Tantas veces) Nunca aprendí a entender tú mentalidad
(Tantas señales) No podía cambiar las cosas (No podía cambiar las cosas)
Porque nunca diste una señal de advertencia
Nunca diste una señal de advertencia
Ah, ah",0.298,0.38,-8.426,0.0287,0.778,5.62e-05,0.11,0.152,75.602,285634.0,6.0,1.0
august,folklore,Folklore,"Salt air, and the rust on your door
I never needed anything more
Whispers of ""Are you sure?""
""Never have I ever before""
But I can see us lost in the memory
August slipped away into a moment in time
'Cause it was never mine
And I can see us twisted in bedsheets
August sipped away like a bottle of wine
'Cause you were never mine
Your back beneath the sun
Wishin' I could write my name on it
Will you call when you're back at school?
I remember thinkin' I had you
But I can see us lost in the memory
August slipped away into a moment in time
'Cause it was never mine
And I can see us twisted in bedsheets
August sipped away like a bottle of wine
'Cause you were never mine
Back when we were still changin' for the better
Wanting was enough
For me, it was enough
To live for the hope of it all
Cancel plans just in case you'd call
And say, ""Meet me behind the mall""
So much for summer love and saying ""us""
'Cause you weren't mine to lose
You weren't mine to lose, no
But I can see us lost in the memory
August slipped away into a moment in time
'Cause it was never mine
And I can see us twisted in bedsheets
August sipped away like a bottle of wine
'Cause you were never mine
'Cause you were never mine
Never mine
But do you remember?
Remember when I pulled up and said ""Get in the car""
And then canceled my plans just in case you'd call?
Back when I was livin' for the hope of it all, for the hope of it all
""Meet me behind the mall""
(Remember when I pulled up and said ""Get in the car"")
(And then canceled my plans just in case you'd call?)
(Back when I was livin' for the hope of it all, for the hope of it all)
(""Meet me behind the mall"")
Remember when I pulled up and said ""Get in the car""
And then canceled my plans just in case you'd call?
Back when I was livin' for the hope of it all (For the hope of it all)
For the hope of it all, for the hope of it all
(For the hope of it all, for the hope of it all)",0.532,0.623,-9.208,0.0331,0.538,7.28e-05,0.0925,0.403,89.937,261923.0,5.0,1.0
Bigger Than The Whole Sky,Midnights,Midnights,bejeweled anti-hero haze midnight anti-hero anti-hero anti-hero haze haze anti-hero love love you we love you I the I I love we we I I you you and we I,0.422,0.235,-12.379,0.0568,0.826,0.00648,0.115,0.068,165.71,218503.0,6.0,1.0
New Year’s Day,reputation,Reputation,"There's glitter on the floor after the party
Girls carryin’ their shoes down in the lobby
Candle wax and Polaroids on the hardwood floor
You and me from the night before, but
Don't read the last page
But I stay when you're lost and I’m scared and you're turnin' away
I want your midnights
But I'll be cleanin' up bottles with you on New Year's Day
You squeeze my hand three times in the back of the taxi
I can tell that it's gonna be a long road
I'll be there if you’re the toast of the town, babe
Or if you strike out and you’re crawlin' home
Don’t read the last page
But I stay when it's hard or it's wrong or we're makin’ mistakes
I want your midnights
But I'll be cleanin' up bottles with you on New Year's Day
Hold on to the memories, they will hold on to you
Hold on to the memories, they will hold on to you
Hold on to the memories, they will hold on to you
And I will hold on to you
Please, don't ever become a stranger
Whose laugh I could recognize anywhere
Please, don't ever become a stranger
Whose laugh I could recognize anywhere
There's glitter on the floor after the party
Girls carryin' their shoes down in the lobby
Candle wax and Polaroids on the hardwood floor
You and me forevermore
Don't read the last page
But I stay when it's hard or it's wrong or we're makin' mistakes
I want your midnights
But I'll be cleanin' up bottles with you on New Year's Day
Hold on to the memories, they will hold on to you
Hold on to the memories, they will hold on to you
Hold on to the memories, they will hold on to you
And I will hold on to you (Hold on)
Please, don't ever become a stranger
(To the memories, they will hold on to you)
Whose laugh I could recognize anywhere
(Hold on to the memories, they will hold on to you)
Please, don't ever become a stranger
(Hold on to the memories, they will hold on to you)
Whose laugh I could recognize anywhere
(And I will hold on to you)",0.661,0.151,-12.864,0.0354,0.921,0.0,0.13,0.23,94.922,235467.0,0.0,1.0
‘tis the damn season,evermore,Evermore,"If I wanted to know who you were hanging with
While I was gone, I would've asked you
It's the kind of cold, fogs up windshield glass
But I felt it when I passed you
There's an ache in you, put there by the ache in me
But if it's all the same to you
It's the same to me
So we could call it even
You could call me ""babe"" for the weekend
​'Tis the damn season, write this down
I'm stayin' at my parents' house
And the road not taken looks real good now
And it always leads to you and my hometown
I parkеd my car right between the Methodist
And thе school that used to be ours
The holidays linger like bad perfume
You can run, but only so far
I escaped it too, remember how you watched me leave
But if it's okay with you, it's okay with me
We could call it even
You could call me ""babe"" for the weekend
​'Tis the damn season, write this down
I'm stayin' at my parents' house
And the road not taken looks real good now
Time flies, messy as the mud on your truck tires
Now I'm missing your smile, hear me out
We could just ride around
And the road not taken looks real good now
And it always leads to you and my hometown
Sleep in half the day just for old times' sake
I won't ask you to wait if you don't ask me to stay
So I'll go back to L.A. and the so-called friends
Who'll write books about me if I ever make it
And wonder about the only soul
Who can tell which smiles I'm fakin'
And the heart I know I'm breakin' is my own
To leave the warmest bed I've ever known
We could call it even
Even though I'm leaving
And I'll be yours for the weekend
​'Tis the damn season
We could call it even
You could call me ""babe"" for the weekend
​'Tis the damn season, write this down
I'm stayin' at my parents' house
And the road not taken looks real good now
Time flies, messy as the mud on your truck tires
Now I'm missing your smile, hear me out
We could just ride around
And the road not taken looks real good now
And it always leads to you and my hometown
It always leads to you and my hometown",0.575,0.434,-8.193,0.0312,0.735,6.59e-05,0.105,0.348,145.916,229840.0,5.0,1.0
Soon You'll Get Better,Lover,Lover,cruel cruel summer lover cruel cruel daylight summer summer archer love and we I and love the love and and you we we you love the you love we you,0.433,0.182,-12.566,0.0641,0.907,0.0,0.123,0.421,207.476,201587.0,0.0,1.0
Daylight,Lover,Lover,"My love was as cruel as the cities I lived in
Everyone looked worse in the light
There are so many lines that I've crossed unforgiven
I'll tell you the truth but never goodbye
I don't wanna look at anything else now that I saw you
I don't wanna think of anything else now that I thought of you
I've been sleepin' so long in a twenty-year dark night
And now I see daylight, I only see daylight
Luck of the draw only draws the unlucky
And so I became the butt of the joke
I wounded the good and I trusted the wicked
Clearin' the air, I breathed in the smoke
Maybe you ran with the wolves and refused to settle down
Maybe I've stormed out of every single room in this town
Threw out our cloaks and our daggers because it's morning now
It's brighter now, now
I don't wanna look at anything else now that I saw you
(I can never look away)
I don't wanna think of anything else now that I thought of you
(Things will never be the same)
I've been sleepin' so long in a twenty-year dark night
(Now I'm wide awake)
And now I see daylight (Daylight), I only see daylight (Daylight)
I only see daylight, daylight, daylight, daylight
I only see daylight, daylight, daylight, daylight
And I can still see it all (In my mind)
All of you, all of me (Intertwined)
I once believed love would be (Black and white)
But it's golden (Golden)
And I can still see it all (In my head)
Back and forth from New York (Sneakin' in your bed)
I once believed love would be (Burnin' red)
But it's golden
Like daylight, like daylight
Like daylight, daylight
I don't wanna look at anything else now that I saw you
(I can never look away)
And I don't wanna think of anything else now that I thought of you
(Things will never be the same)
I've been sleepin' so long in a twenty-year dark night
(Now I'm wide awake)
And now I see daylight (I see daylight), I only see daylight (Ah)
I only see daylight, daylight, daylight, daylight
I only see daylight, daylight, daylight, daylight (Ah)
(And I can still see it all)
I only see daylight, daylight, daylight, daylight
(And I can still see it all, back and forth from New York)
I only see daylight, daylight, daylight, daylight
(I once believed love would be burning red)
Like daylight
It's golden like daylight
You gotta step into the daylight and let it go
Just let it go, let it go
I wanna be defined by the things that I love
Not the things I hate
Not the things I'm afraid of, I'm afraid of
Or the things that haunt me in the middle of the night
I, I just think that
You are what you love",0.557,0.496,-9.602,0.0563,0.808,0.000173,0.0772,0.265,149.983,293453.0,0.0,1.0
Wonderland,1989,1989,blank space clear new york style style style new york style shake new york I and I you I you love love you and love I I love the love the we you we,0.422,0.692,-5.447,0.0549,0.0493,2.57e-05,0.177,0.197,184.014,245560.0,3.0,1.0
Snow On The Beach (feat. Lana Del Rey),Midnights,Midnights,"Однієї ночі, кілька місяців тому
Я бачила плями того, що могло бути вогнями
Але це, певно, був всього лише ти
Проходив повз без мого відома
Життя емоційно-аб'юзивне
І час не може мене зупинити так, як зробив це ти
І мій політ був жахливим, дякую, що запитав
Я розклеєна завдяки тобі
І це як сніг на пляжі
Дивно, але до біса гарно
Літаю уві сні
Повні кишені зірочок
Ти хочеш мене
Сьогоднішня ніч здається неможливою
Але він падає
Ні звуку, він повсюди
Як сніг на пляжі
Як сніг на пляжі
Як сніг на пляжі
Як сніг, а
Ця картина нагадує мені ту, що я одного разу побачила на екрані
Я шукала «зелене полярне сяйво»
Я ніколи не бачила когось, хто світиться зсередини
Розмиваючи мою периферію
Моя посмішка, ніби я виграла змагання
І приховувати її було б так нечесно
І це нормально - вдавати, поки тобі не вдасться
Поки не вийде, поки це не стане правдою
І це як сніг на пляжі
Дивно, але до біса гарно
Літаю уві сні
Повні кишені зірочок
Ти хочеш мене
Сьогоднішня ніч здається неможливою
Але він падає
Ні звуку, він повсюди
Як сніг на пляжі
Як сніг на пляжі
Як сніг на пляжі
Як сніг, а
Я (Я) не можу (Не можу) говорити, боюсь наврочити
Я (Я) не (Не) наважуюсь навіть цього бажати
Але твої очі - летючі тарілки з іншої планети
Тепер я вся для тебе, як Джанет
Чи може це бути насправді? Може?
Ми падаємо, як сніг на пляжі? (Сніг на пляжі)
Дивно, але до біса гарно
Літаю уві сні (Літаю уві сні)
Повні кишені зірочок
Ти хочеш мене (Ти хочеш мене)
Сьогоднішня ніч здається неможливою
Але він падає
Ні звуку, він повсюди
Як сніг на пляжі (Сніг на пляжі)
Як сніг на пляжі (Літаю уві сні)
Як сніг на пляжі (Ти хочеш мене)
Як сніг, а
Але він падає
Ні звуку, він повсюди
Як сніг на пляжі
(Він падає, він падає)
(Він падає, він падає)
Як сніг на пляжі
(Він падає, він падає)
(Він падає, він падає)
(Він падає, він падає)
(Він падає, він падає)
(Він падає, він падає)
(Він падає, він падає)",0.663,0.319,-13.481,0.0375,0.69,0.000993,0.117,0.193,109.957,256124.0,9.0,1.0
New Romantics,1989,1989,new york blank space new york shake clear style style shake blank space blank space love I the you the I I the love we the we the love the you you and I the,0.633,0.889,-5.87,0.0715,0.00463,0.000458,0.0658,0.584,121.956,230467.0,5.0,1.0
"You're On Your Own, Kid (Strings Remix)",Midnights,Midnights,"Summer went away, still, the yearning stays
I play it cool with the best of them
I wait patiently, he's gonna notice me
It's okay, we're the best of friends
Anyway
I hear it in your voice, you're smoking with your boys
I touch my phone as if it's your face
I didn't choose this town, I dream of getting out
There's just one who could make me stay
All my days
From sprinkler splashes to fireplace ashes
I waited ages to see you there
I search the party of better bodies
Just to learn that you never cared
You're on your own, kid
You always have been
I see the great escape, so long, Daisy May
I picked the petals, he loves me not
Something different bloomed, writing in my room
I play my songs in the parking lot
I'll run away
From sprinkler splashes to fireplace ashes
I called a taxi to take me there
I search the party of better bodies
Just to learn that my dreams aren't rare
You're on your own, kid
You always have been
From sprinkler splashes to fireplace ashes
I gave my blood, sweat, and tears for this
I hosted parties and starved my body
Like I'd be saved by a perfect kiss
The jokes weren't funny, I took the money
My friends from home don't know what to say
I looked around in a blood-soaked gown
And I saw something they can't take away
'Cause there were pages turned with the bridges burned
Everything you lose is a step you take
So, make the friendship bracelets, take the moment and taste it
You've got no reason to be afraid
You're on your own, kid
Yeah, you can face this
You're on your own, kid
You always have been",0.5890084033613445,0.5770840336134454,-7.364197478991597,0.0535172268907562,0.2987187478991597,0.0033253801680672,0.1408903361344538,0.4078394957983193,124.03876470588236,237852.5924369748,4.676470588235294,0.9159663865546218
invisible string,folklore,Folklore,"Green was the color of the grass
Where I used to read at Centennial Park
I used to think I would meet somebody there
Teal was the color of your shirt
When you were sixteen at the yogurt shop
You used to work at to make a little money
Time, curious time
Gave me no compasses, gave me no signs
Were there clues I didn't see?
And isn't it just so pretty to think
All along there was some
Invisible string
Tying you to me?
Ooh-ooh-ooh-ooh
Bad was the blood of the song in the cab
On your first trip to LA
You ate at my favorite spot for dinner
Bold was the waitress on our three-year trip
Getting lunch down by the Lakes
She said I looked like an American singer
Time, mystical time
Cutting me open, then healing me fine
Were there clues I didn't see?
And isn't it just so pretty to think
All along there was some
Invisible string
Tying you to me?
Ooh-ooh-ooh-ooh
A string that pulled me
Out of all the wrong arms, right into that dive bar
Something wrapped all of my past mistakes in barbed wire
Chains around my demons
Wool to brave the seasons
One single thread of gold
Tied me to you
Cold was the steel of my axe to grind
For the boys who broke my heart
Now I send their babies presents
Gold was the color of the leaves
When I showed you around Centennial Park
Hell was the journey, but it brought me heaven
Time, wondrous time
Gave me the blues and then purple-pink skies
And it's cool, baby, with me
And isn't it just so pretty to think
All along there was some
Invisible string
Tying you to me?
Ooh-ooh-ooh-ooh
Me
Ooh-ooh-ooh-ooh
(Ah-ah-ah)
(Ah-ah-ah)",0.653,0.452,-11.143,0.055,0.838,7.73e-05,0.108,0.45,83.433,252881.0,4.0,0.0
tolerate it,evermore,Evermore,"I sit and watch you readin' with your head low
I wake and watch you breathin' with your eyes closed
I sit and watch you
I notice everything you do or don't do
You're so much older and wiser, and I
I wait by the door like I'm just a kid
Use my best colors for your portrait
Lay the table with the fancy shit
And watch you tolerate it
If it's all in my head, tell me now
Tell me I've got it wrong somehow
I know my love should be celebrated
But you tolerate it
I greet you with a battle hero's welcome
I take your indiscretions all in good fun
I sit and listеn
I polish plates until they gleam and glistеn
You're so much older and wiser, and I
I wait by the door like I'm just a kid
Use my best colors for your portrait
Lay the table with the fancy shit
And watch you tolerate it
If it's all in my head, tell me now
Tell me I've got it wrong somehow
I know my love should be celebrated
But you tolerate it
While you were out buildin' other worlds, where was I?
Where's that man who'd throw blankets over my barbed wire?
I made you my temple, my mural, my sky
Now I'm beggin' for footnotes in the story of your life
Drawin' hearts in the byline
Always takin' up too much space or time
You assume I'm fine, but what would you do if I (I)
Break free and leave us in ruins?
Took this dagger in me and removed it
Gain the weight of you, then lose it
Believe me, I could do it
If it's all in my head, tell me now
Tell me I've got it wrong somehow
I know my love should be celebrated
But you tolerate it
I sit and watch you",0.316,0.361,-10.381,0.0488,0.878,2.67e-05,0.0797,0.221,74.952,245440.0,9.0,1.0
Karma,Midnights,Midnights,"You're talking shit for the hell of it
Addicted to betrayal, but you're relevant
You're terrified to look down
'Cause if you dare, you'll see the glare
Of everyone you burned just to get there
It's coming back around
And I keep my side of the street clean
You wouldn't know what I mean
'Cause karma is my boyfriend
Karma is a god
Karma is the breeze in my hair on the weekend
Karma's a relaxing thought
Aren't you envious that for you it's not?
Sweet like honey, karma is a cat
Purring in my lap 'cause it loves me
Flexing like a goddamn acrobat
Me and karma vibe like that
Spiderboy, king of thieves
Weave your little webs of opacity
My pennies made your crown
Trick me once, trick me twice
Don't you know that cash ain't the only price?
It's coming back around
And I keep my side of the street clean
You wouldn't know what I mean
'Cause karma is my boyfriend
Karma is a god
Karma is the breeze in my hair on the weekend
Karma's a relaxing thought
Aren't you envious that for you it's not?
Sweet like honey, karma is a cat
Purring in my lap 'cause it loves me
Flexing like a goddamn acrobat
Me and karma vibe like that
Ask me what I learned from all those years
Ask me what I earned from all those tears
Ask me why so many fade, but I'm still here
(I'm still here, I'm still here)
'Cause karma is the thunder
Rattling your ground
Karma's on your scent like a bounty hunter
Karma's gonna track you down
Step by step, from town to town
Sweet like justice, karma is a queen
Karma takes all my friends to the summit
Karma is the guy on the screen
Coming straight home to me
'Cause karma is my boyfriend (Karma is my boyfriend)
Karma is a god
Karma is the breeze in my hair on the weekend (Weekend)
Karma's a relaxing thought
Aren't you envious that for you it's not?
Sweet like honey, karma is a cat
Purring in my lap 'cause it loves me
Flexing like a goddamn acrobat
Me and karma vibe like that
Karma is my boyfriend
Karma is a god (Ah)
Uh-huh, mm
Karma's a relaxing thought",0.642,0.62,-7.091,0.0666,0.0734,0.0,0.483,0.0969,90.02,204852.0,8.0,1.0
Blank Space,1989 (Deluxe),1989,"Nice to meet you, where you been?
I could show you incredible things
Magic, madness, heaven, sin
Saw you there and I thought
""Oh, my God, look at that face
You look like my next mistake
Love's a game, wanna play?"" Ayy
New money, suit and tie
I can read you like a magazine
Ain't it funny? Rumors fly
And I know you heard about me
So, hey, let's be friends
I'm dying to see how this one ends
Grab your passport and my hand
I can make the bad guys good for a weekend
So it's gonna be forever
Or it's gonna go down in flames?
You can tell me when it's over, mm
If the high was worth the pain
Got a long list of ex-lovers
They'll tell you I'm insane
'Cause you know I love the players
And you love the game
'Cause we're young and we're reckless
We'll take this way too far
It'll leave you breathless, mm
Or with a nasty scar
Got a long list of ex-lovers
They'll tell you I'm insane
But I've got a blank space, baby
And I'll write your name
Cherry lips, crystal skies
I could show you incredible things
Stolen kisses, pretty lies
You're the king, baby, I'm your queen
Find out what you want
Be that girl for a month
Wait, the worst is yet to come, oh, no
Screaming, crying, perfect storms
I can make all the tables turn
Rose garden filled with thorns
Keep you second guessing, like
""Oh, my God, who is she?""
I get drunk on jealousy
But you'll come back each time you leave
'Cause, darling, I'm a nightmare dressed like a daydream
So it's gonna be forever
Or it's gonna go down in flames?
You can tell me when it's over, mm
If the high was worth the pain
Got a long list of ex-lovers
They'll tell you I'm insane
'Cause you know I love the players
And you love the game
'Cause we're young and we're reckless (Oh)
We'll take this way too far
It'll leave you breathless (Oh-oh), mm
Or with a nasty scar
Got a long list of ex-lovers
They'll tell you I'm insane (Insane)
But I've got a blank space, baby
And I'll write your name
Boys only want love if it's torture
Don't say I didn't, say I didn't warn ya
Boys only want love if it's torture
Don't say I didn't, say I didn't warn ya
So it's gonna be forever
Or it's gonna go down in flames?
You can tell me when it's over (Over), mm
If the high was worth the pain
Got a long list of ex-lovers
They'll tell you I'm insane (I'm insane)
'Cause you know I love the players
And you love the game (And you love the game)
'Cause we're young and we're reckless (Yeah)
We'll take this way too far (Ooh)
It'll leave you breathless, mm
Or with a nasty scar (With a nasty scar)
Got a long list of ex-lovers
They'll tell you I'm insane
But I've got a blank space, baby
And I'll write your name",0.753,0.678,-5.421,0.0644,0.085,1.64e-06,0.13,0.583,96.006,231827.0,5.0,1.0
I Think He Knows,Lover,Lover,"I think he knows
His footprints on the sidewalk
Lead to where I can't stop
Go there every night
I think he knows
His hands around a cold glass
Make me wanna know that
Body like it's mine
He got that boyish look that I like in a man
I am an architect, I'm drawing up the plans
It's like I'm 17, nobody understands
No one understands
He got my heartbeat
Skipping down 16th Avenue
Got that, ah, I mean
Wanna see what's under that attitude like
I want you, bless my soul
And I ain't gotta tell him, I think he knows
I think he knows
I think he knows
When we get all alone
I'll make myself at home
And he'll want me to stay
I think he knows
He'd better lock it down
Or I won't stick around
'Cause good ones never wait (Ha)
He got that boyish look that I like in a man
I am an architect, I'm drawing up the plans
He's so obsessed with me and, boy, I understand
Boy, I understand
He got my heartbeat (Heartbeat)
Skipping down 16th Avenue
Got that, ah, I mean (I mean)
Wanna see what's under that attitude like
I want you, bless my soul
And I ain't gotta tell him, I think he knows
I think he knows
I want you, bless my
I want you, bless my
I want you, bless my
I want you, bless my soul
Lyrical smile, indigo eyes, hand on my thigh
We could follow the sparks, I'll drive
Lyrical smile, indigo eyes, hand on my thigh
We could follow the sparks, I'll drive
""So where we gonna go?""
I whisper in the dark
""Where we gonna go?""
I think he knows
He got my heartbeat (Heartbeat)
Skipping down 16th Avenue (Baby)
Got that, ah, I mean (I mean)
Wanna see what's under that attitude like (Yeah)
I want you, bless my soul
And I ain't gotta tell him, I think he knows
I think he knows
I want you, bless my
I want you, bless my
I want you, bless my (Oh, baby)
I want you, bless my soul (He got my heartbeat)
I want you, bless my (Skipping down 16th Avenue, baby)
I want you, bless my
I want you, bless my soul
And I ain't gotta tell him, I think he knows",0.897,0.366,-8.029,0.0569,0.00889,0.000353,0.0715,0.416,100.003,173387.0,0.0,1.0
Wildest Dreams,1989 (Deluxe),1989,"He said, ""Let's get out of this town
Drive out of the city, away from the crowds""
I thought, ""Heaven can't help me now""
Nothing lasts forever
But this is gonna take me down
He's so tall and handsome as hell
He's so bad, but he does it so well
I can see the end as it begins
My one condition is
Say you'll remember me
Standin' in a nice dress
Starin' at the sunset, babe
Red lips and rosy cheeks
Say you'll see me again
Even if it's just in your
Wildest dreams, ah, ha
Wildest dreams, ah, ha
I said, ""No one has to know what we do""
His hands are in my hair, his clothes are in my room
And his voice is a familiar sound
Nothin' lasts forever
But this is gettin' good now
He's so tall and handsome as hell
He's so bad, but he does it so well
And when we've had our very last kiss
My last request is
Say you'll remember me
Standin' in a nice dress
Starin' at the sunset, babe
Red lips and rosy cheeks
Say you'll see me again
Even if it's just in your
Wildest dreams, ah, ha
Wildest dreams, ah, ha
You'll see me in hindsight
Tangled up with you all night
Burnin' it down
Someday, when you leave me
I bet these memories
Follow you around
You'll see me in hindsight
Tangled up with you all night
Burnin' (Burnin') it (It) down (Down)
Someday, when you leave me
I bet these memories
Follow (Follow) you (You) around
(Follow you around)
Say you'll remember me
Standing in a nice dress
Starin' at the sunset, babe
Red lips and rosy cheeks
Say you'll see me again
Even if it's just pretend
Say you'll remember me
Standin' in a nice dress
Starin' at the sunset, babe
Red lips and rosy cheeks
Say you'll see me again
Even if it's just in your (Just pretend, just pretend)
Wildest dreams, ah, ha (Ah)
In your wildest dreams, ah, ha
Even if it's just in your
In your wildest dreams, ah, ha
In your wildest dreams, ah, ha",0.554,0.666,-7.414,0.0747,0.0702,0.00593,0.106,0.472,140.056,220440.0,8.0,1.0
Call It What You Want,reputation,Reputation,"My castle crumbled overnight
I brought a knife to a gunfight
They took the crown, but it's alright
All the liars are calling me one
Nobody's heard from me for months
I'm doin' better than I ever was
'Cause
My baby's fit like a daydream
Walkin' with his head down
I'm the one he's walking to
So call it what you want, yeah
Call it what you want to
My baby's fly like a jet stream
High above the whole scene
Loves me like I'm brand new
So call it what you want, yeah
Call it what you want to
All my flowers grew back as thorns
Windows boarded up after the storm
He built a fire just to keep me warm
All the drama queens taking swings
All the jokers dressing up as kings
They fade to nothing when I look at him
And I know I make the same mistakes every time
Bridges burn, I never learn
At least I did one thing right
I did one thing right
I'm laughing with my lover, makin' forts under covers
Trust him like a brother
Yeah, you know I did one thing right
Starry eyes sparkin' up my darkest night
My baby's fit like a daydream
Walkin' with his head down
I'm the one he's walking to
So call it what you want, yeah
Call it what you want to
My baby's fly like a jet stream
High above the whole scene
Loves me like I'm brand new
(Call it what you want, call it what you want, call it)
So call it what you want, yeah
Call it what you want to
I want to wear his initial on a chain 'round my neck
Chain 'round my neck
Not because he owns me
But 'cause he really knows me
Which is more than they can say, I
I recall late November
Holding my breath, slowly, I said
""You don't need to save me
But would you run away with me?""
Yes (Would you run away?)
My baby's fit like a daydream
Walkin' with his head down
I'm the one he's walking to
(Call it what you want, call it what you want, call it)
So call it what you want, yeah (Call it what you want it to)
Call it what you want to
My baby's fly like a jet stream (Oh)
High above the whole scene
Loves me like I'm brand new
(Call it what you want, call it what you want, call it)
So call it what you want, yeah
Call it what you want to
(Call it what you want, call it)
(Call it what you want, call it what you want, call it)
(Call it what you want, call it what you want, call it)
(Call it what you want, call it what you want, call it)
(Call it what you want, call it what you want, call it)
(Call it what you want, call it what you want, call it)
(Call it what you want, call it what you want, call it)
Call it what you want, yeah
Call it what you want to",0.598,0.504,-9.874,0.0731,0.186,0.000221,0.34,0.252,163.954,203507.0,9.0,1.0
Hits Different,Midnights,Midnights,bejeweled bejeweled anti-hero anti-hero midnight haze bejeweled midnight haze midnight you the the love I we love and I love we love and love the we the the love the,0.5890084033613445,0.5770840336134454,-7.364197478991597,0.0535172268907562,0.2987187478991597,0.0033253801680672,0.1408903361344538,0.4078394957983193,124.03876470588236,237852.5924369748,4.676470588235294,0.9159663865546218
Gorgeous,reputation,Reputation,"Gorgeous
You should take it as a compliment
That I got drunk and made fun of the way you talk
You should think about the consequence
Of your magnetic field bein' a little too strong
And I got a boyfriend, he's older than us
He's in the club doin' I don't know what
You're so cool, it makes me hate you so much (I hate you so much)
Whisky on ice, Sunset and Vine
You've ruined my life by not bein' mine
You're so gorgeous
I can't say anything to your face
'Cause look at your face (
Gorgeous
)
And I'm so furious
At you for makin' me feel this way
But what can I say? You're gorgeous
You should take it as a compliment
That I'm talkin' to everyone here but you (But you, but you)
And you should think about the consequence
Of you touchin' my hand in a darkened room (Dark room, dark room)
If you've got a girlfriend, I'm jealous of her
But if you're single, that's honestly worse
'Cause you're so gorgeous it actually hurts (Honey, it hurts)
Ocean blue eyes lookin' in mine
I feel like I might sink and drown and die
You're so gorgeous
I can't say anything to your face (To your face)
'Cause look at your face (Look at your face; 
Gorgeous
)
And I'm so furious
At you for makin' me feel this way (Feel this way)
But what can I say? You're gorgeous
You make me so happy it turns back to sad (Yeah)
There's nothin' I hate more than what I can't have (And)
You are so gorgeous, it makes me so mad (Mm)
You make me so happy it turns back to sad (Yeah)
There's nothin' I hate more than what I can't have (And)
Guess I'll just stumble on home to my cats (Ugh) alone
Unless you wanna come along (Oh)
You're so gorgeous (Gorgeous)
I can't say anything to your face (To your face)
'Cause look at your face (Look at your face; 
Gorgeous
)
And I'm so furious (I'm so furious)
At you for making me feel this way (Feel this way)
But what can I say? (I say) You're gorgeous
You make me so happy it turns back to sad (Yeah)
There's nothin' I hate more than what I can't have (And)
You are so gorgeous, it makes me so mad (Mm)
You're gorgeous
You make me so happy it turns back to sad (Turns back to sad)
There's nothin' I hate more than what I can't have (What I can't have)
You are so gorgeous, it makes me so mad (Mm)
You're gorgeous",0.8,0.535,-6.684,0.135,0.0713,9.48e-06,0.213,0.451,92.027,209680.0,7.0,1.0
the last great american dynasty,folklore,Folklore,"Rebekah rode up on the afternoon train, it was sunny
Her saltbox house on the coast took her mind off St. Louis
Bill was the heir to the Standard Oil name and money
And the town said, ""How did a middle-class divorcée do it?""
The wedding was charming, if a little gauche
There's only so far new money goes
They picked out a home and called it ""Holiday House""
Their parties were tasteful, if a little loud
The doctor had told him to settle down
It must have been her fault his heart gave out
And they said
""There goes the last great American dynasty
Who knows, if she never showed up, what could've been
There goes the maddest woman this town has ever seen
She had a marvelous time ruining everything""
Rebekah gave up on the Rhode Island set forever
Flew in all her Bitch Pack friends from the city
Filled the pool with champagne and swam with the big names
And blew through the money on the boys and the ballet
And losing on card game bets with Dalí
And they said
""There goes the last great American dynasty
Who knows, if she never showed up, what could've been
There goes the most shameless woman this town has ever seen
She had a marvelous time ruining everything""
They say she was seen on occasion
Pacing the rocks, staring out at the midnight sea
And in a feud with her neighbor
She stole his dog and dyed it key lime green
Fifty years is a long time
Holiday House sat quietly on that beach
Free of women with madness, their men and bad habits
And then it was bought by me
Who knows, if I never showed up, what could've been
There goes the loudest woman this town has ever seen
I had a marvelous time ruining everything
I had a marvelous time ruining everything
A marvelous time ruining everything
A marvelous time
I had a marvelous time",0.686,0.662,-8.505,0.0413,0.467,0.0023,0.109,0.706,147.922,230999.0,7.0,1.0
epiphany,folklore,Folklore,"Keep your helmet, keep your life, son
Just a flesh wound, here's your rifle
Crawling up the beaches now
""Sir, I think he's bleeding out""
And some things you just can't speak about
With you I serve, with you I fall down, down
Watch you breathe in, watch you breathing out, out
Something med school did not cover
Someone's daughter, someone's mother
Holds your hand through plastic now
""Doc, I think she's crashing out""
And some things you just can't speak about
Only twenty minutes to sleep
But you dream of some epiphany
Just one single glimpse of relief
To make some sense of what you've seen
With you I serve, with you I fall down, down (Down)
Watch you breathe in, watch you breathing out, out
With you I serve (With you I serve), with you I fall down (Down), down (Down)
Watch you breathe in (Watch you breathe in), watch you breathing out (Out), out (Out)
Only twenty minutes to sleep
But you dream of some epiphany
Just one single glimpse of relief
To make some sense of what you've seen",0.354,0.267,-13.69,0.0281,0.731,0.000402,0.0858,0.113,94.219,289749.0,1.0,1.0
So It Goes...,reputation,Reputation,"See you in the dark
All eyes on you, my magician
All eyes on us
You make everyone disappear and
Cut me into pieces
Gold cage, hostage to my feelings
Back against the wall
Trippin', trip-trippin' when you're gone
'Cause we break down a little
But when you get me alone, it's so simple
'Cause, baby, I know what you know
We can feel it
And all the pieces fall right into place
Gettin' caught up in a moment, lipstick on your face
So it goes
I'm yours to keep and I'm yours to lose
You know I'm not a bad girl, but I do bad things with you
So it goes
Met you in a bar
All eyes on me, your illusionist
All eyes on us
I make all your gray days clear and
Wear you like a necklace
I'm so chill, but you make me jealous
But I got your heart
Skippin', skip-skippin' when I'm gone
'Cause we break down a little
But when I get you alone, it's so simple
'Cause, baby, I know what you know
We can feel it
And all the pieces fall right into place
Gettin' caught up in a moment, lipstick on your face
So it goes
I'm yours to keep and I'm yours to lose
You know I'm not a bad girl, but I do bad things with you
So it goes
Come here, dressed in black now
So, so, so it goes
Scratches down your back now
So, so, so it goes
You did a number on me
But, honestly, baby, who's countin'?
I did a number on you
But, honestly, baby, who's countin'?
You did a number on me
But, honestly, baby, who's countin'?
Who's countin'? (One, two, three)
And all the pieces fall (Pieces fall) right into place
Gettin' caught up in a moment (Caught up, caught up), lipstick on your face
So it goes
I'm yours to keep (Oh) and I'm yours to lose (Baby)
You know I'm not a bad girl, but I (I do) do bad things with you
So it goes
Come here, dressed in black now
So, so, so it goes
Scratches down your back now
So, so, so it goes
Come here, dressed in black now
So, so, so it goes
Scratches down your back now
So, so, so it goes",0.574,0.61,-7.283,0.0732,0.122,1.1e-06,0.13,0.374,74.957,227907.0,2.0,1.0
betty,folklore,Folklore,"Betty, I won't make assumptions
About why you switched your homeroom, but
I think it's 'cause of me
Betty, one time, I was riding on my skateboard
When I passed your house
It's like I couldn't breathe
You heard the rumors from Inez
You can't believe a word she says
Most times, but this time, it was true
The worst thing that I ever did
Was what I did to you
But if I just showed up at your party
Would you have me? Would you want me?
Would you tell me to go fuck myself
Or lead me to the garden?
In the garden, would you trust me
If I told you it was just a summer thing?
I'm only seventeen, I don't know anything
But I know I miss you
Betty, I know where it all went wrong
Your favorite song was playing
From the far side of the gym
I was nowhere to be found
I hate the crowds, you know that
Plus, I saw you dance with him
You heard the rumors from Inez
You can't believe a word she says
Most times, but this time, it was true
The worst thing that I ever did
Was what I did to you
But if I just showed up at your party
Would you have me? Would you want me?
Would you tell me to go fuck myself
Or lead me to the garden?
In the garden, would you trust me
If I told you it was just a summer thing?
I'm only seventeen, I don't know anything
But I know I miss you
I was walking home on broken cobblestones
Just thinking of you when she pulled up like
A figment of my worst intentions
She said, ""James, get in, let's drive""
Those days turned into nights
Slept next to her, but
I dreamt of you all summer long
Betty, I'm here on your doorstep
And I planned it out for weeks now
But it's finally sinkin' in
Betty, right now is the last time
I can dream about what happens when
You see my face again
The only thing I wanna do
Is make it up to you
So I showed up at your party
Yeah, I showed up at your party
Yeah, I showed up at your party
Will you have me? Will you love me?
Will you kiss me on the porch
In front of all your stupid friends?
If you kiss me, will it be just like I dreamed it?
Will it patch your broken wings?
I'm only seventeen, I don't know anything
But I know I miss you
Standing in your cardigan
Kissin' in my car again
Stopped at a streetlight
You know I miss you",0.593,0.377,-8.761,0.0253,0.6,0.0,0.0976,0.502,95.939,294521.0,0.0,1.0
Afterglow,Lover,Lover,"I blew things out of proportion, now you're blue
Put you in jail for something you didn’t do
I pinned your hands behind your back, oh
Thought I had reason to attack, but no
Fighting with a true love is boxing with no gloves
Chemistry 'til it blows up, 'til there’s no us
Why'd I have to break what I love so much?
It's on your face, and I'm to blame, I need to say
Hey, it's all me, in my head
I'm the one who burned us down
But it's not what I meant
Sorry that I hurt you
I don't wanna do, I don’t wanna do this to you (Ooh)
I don’t wanna lose, I don't wanna lose this with you (Ooh)
I need to say, hey, it’s all me, just don't go
Meet me in the afterglow
It's so excruciating to see you low
Just wanna lift you up and not let you go
This ultraviolet morning light below
Tells me this love is worth the fight, oh
I lived like an island, punished you with silence
Went off like sirens, just crying
Why'd I have to break what I love so much?
It’s on your face, don't walk away, I need to say
Hey, it's all me, in my head
I'm the one who burned us down
But it's not what I meant
I'm sorry that I hurt you
I don't wanna do, I don't wanna do this to you (Ooh)
I don't wanna lose, I don't wanna lose this with you (Ooh)
I need to say, hey, it's all me, just don't go
Meet me in the afterglow
Tell me that you're still mine
Tell me that we'll be just fine
Even when I lose my mind
I need to say
Tell me that it's not my fault
Tell me that I'm all you want
Even when I break your heart
I need to say
Hey, it's all me, in my head
I'm the one who burned us down
But it's not what I meant
Sorry that I hurt you
I don't wanna do, I don't wanna do this to you (Ooh)
I don't wanna lose, I don't wanna lose this with you (Ooh)
I need to say, hey, it's all me, just don't go
Meet me in the afterglow",0.756,0.449,-8.746,0.0344,0.13,0.0,0.114,0.399,111.011,223293.0,9.0,1.0
Maroon,Midnights,Midnights,"When the morning came
We were cleaning incense off your vinyl shelf
'Cause we lost track of time again
Laughing with my feet in your lap
Like you were my closest friend
""How'd we end up on the floor, anyway?"" you say
""Your roommate's cheap-ass screw-top rosé, that's how""
I see you every day now
And I chose you
The one I was dancing with
In New York, no shoes
Looked up at the sky and it was
The burgundy on my t-shirt
When you splashed your wine into me
And how the blood rushed into my cheeks
So scarlet, it was
The mark thеy saw on my collarbone
The rust that grew bеtween telephones
The lips I used to call home
So scarlet, it was maroon
When the silence came
We were shaking, blind and hazy
How the hell did we lose sight of us again?
Sobbing with your head in your hands
Ain't that the way shit always ends?
You were standing hollow-eyed in the hallway
Carnations you had thought were roses, that's us
I feel you, no matter what
The rubies that I gave up
And I lost you
The one I was dancing with
In New York, no shoes
Looked up at the sky and it was (Maroon)
The burgundy on my t-shirt
When you splashed your wine into me
And how the blood rushed into my cheeks
So scarlet, it was (Maroon)
The mark they saw on my collarbone
The rust that grew between telephones
The lips I used to call home
So scarlet, it was maroon
And I wake with your memory over me
That's a real fucking legacy, legacy (It was maroon)
And I wake with your memory over me
That's a real fucking legacy to leave
The burgundy on my t-shirt
When you splashed your wine into me
And how the blood rushed into my cheeks
So scarlet, it was maroon
The mark they saw on my collarbone
The rust that grew between telephones
The lips I used to call home
So scarlet, it was maroon
It was maroon
It was maroon",0.637,0.398,-8.294,0.0564,0.0573,1.03e-06,0.101,0.0374,108.075,218271.0,7.0,1.0
Clean,1989 (Deluxe),1989,"The drought was the very worst, ah-ah, ah-ah
When the flowers that we'd grown together died of thirst
It was months and months of back and forth, ah-ah, ah-ah
You're still all over me like a wine-stained dress I can't wear anymore
Hung my head as I lost the war
And the sky turned black like a perfect storm
The rain came pouring down
When I was drownin', that's when I could finally breathe
And by mornin'
Gone was any trace of you, I think I am finally clean
There was nothin' left to do, ah-ah, ah-ah
When the butterflies turned to dust that covered my whole room
So I punched a hole in the roof, ah-ah, ah-ah
Let the flood carry away all my pictures of you
The water filled my lungs, I screamed so loud
But no one heard a thing
The rain came pouring down
When I was drownin', that's when I could finally breathe
And by mornin'
Gone was any trace of you, I think I am finally clean
I think I am finally clean
Ah-ah-ah-ah-ah
Said, I think I am finally clean
Ah-ah-ah-ah
Ten months sober, I must admit
Just because you're clean, don't mean you don't miss it
Ten months older, I won't give in
Now that I'm clean, I'm never gonna risk it
The drought was the very worst, ah-ah, ah-ah
When the flowers that we'd grown together died of thirst (Oh)
The rain came pouring down
When I was drownin', that's when I could finally breathe
And by mornin'
Gone was any trace of you, I think I am finally clean
The rain came pouring down
When I was drownin', that's when I could finally breathe
And by mornin'
Gone was any trace of you, I think I am finally clean
Finally clean
Think I'm finally clean
Ah-ah, ah-ah
Think I'm finally clean",0.81,0.379,-7.771,0.0349,0.241,0.0,0.113,0.22,103.981,271000.0,4.0,1.0
Midnight Rain,Midnights,Midnights,"Rain
He wanted it comfortable, I wanted that pain
He wanted a bride, I was making my own name
Chasing that fame, he stayed the same
All of me changed like midnight
My town was a wasteland
Full of cages, full of fences
Pageant queens and big pretenders
But for some, it was paradise
My boy was a montage
A slow-motion, love potion
Jumping off things in the ocean
I broke his heart 'cause he was nice
He was sunshine, I was midnight rain
He wanted it comfortable, I wanted that pain
He wanted a bride, I was making my own name
Chasing that fame, he stayed the same
All of me changed like midnight
It came like a postcard
Picture perfect shiny family
Holiday peppermint candy
But for him, it's every day
So I peered through a window
A deep portal, time travel
All the love we unravel
And the life I gave away
'Cause he was sunshine, I was midnight rain
He wanted it comfortable, I wanted that pain
He wanted a bride, I was making my own name
Chasing that fame, he stayed the same
All of me changed like midnight rain
He wanted it comfortable, I wanted that pain
He wanted a bride, I was making my own name
Chasing that fame, he stayed the same
All of me changed like midnight
I guess sometimes we all get
Just what we wanted, just what we wanted
And he never thinks of me
Except for when I'm on TV
I guess sometimes we all get
Some kind of haunted, some kind of haunted
And I never think of him
Except on midnights like this
(Midnights like this, midnights like this)",0.643,0.363,-11.738,0.0767,0.69,5.17e-05,0.115,0.23,139.865,174783.0,0.0,1.0
Paris,Midnights,Midnights,anti-hero haze bejeweled bejeweled karma midnight anti-hero anti-hero bejeweled karma love love we I you love and we I you I I you love love the we love love love,0.7,0.509,-10.547,0.0789,0.112,3.27e-05,0.137,0.345,110.947,196259.0,7.0,1.0
"no body, no crime",evermore,Evermore,gold gold evermore ivy willow champagne champagne willow ivy gold the love the the and we we you love we the love the I the you we I we you,0.546,0.613,-7.589,0.0264,0.418,0.0,0.103,0.535,79.015,215627.0,7.0,0.0
happiness,evermore,Evermore,"Honey, when I'm above the trees
I see this for what it is
But now I'm right down in it, all the years I've given
Is just shit we're dividin' up
Showed you all of my hiding spots
I was dancing when the music stopped
And in the disbelief, I can't face reinvention
I haven't met the new me yet
There'll be happiness after you
But there was happiness because of you
Both of these things can be true
There is happiness
Past the blood and bruise
Past the curses and cries
Beyond the terror in the nightfall
Haunted by the look in my eyes
That would've loved you for a lifetime
Leave it all behind
And there is happiness
Tell me, when did your winning smile
Begin to look like a smirk?
When did all our lessons start to look like weapons
Pointed at my deepest hurt?
I hope she'll be a beautiful fool
Who takes my spot next to you
No, I didn't mean that
Sorry, I can't see facts through all of my fury
You haven't met the new me yet
There'll be happiness after me
But there was happiness because of me
Both of these things, I believe
There is happiness
In our history, across our great divide
There is a glorious sunrise
Dappled with the flickers of light
From the dress I wore at midnight, leave it all behind
And there is happiness
I can't make it go away by making you a villain
I guess it's the price I paid for seven years in Heaven
And I pulled your body into mine
Every goddamn night, now I get fake niceties
No one teaches you what to do
When a good man hurts you
And you know you hurt him too
Honey, when I'm above the trees
I see it for what it is
But now my eyes leak acid rain on the pillow where you used to lay your head
After giving you the best I had
Tell me what to give after that
All you want from me now is the green light of forgiveness
You haven't met the new me yet
And I think she'll give you that
There'll be happiness after you
But there was happiness because of you too
Both of these things can be true
There is happiness
In our history, across our great divide
There is a glorious sunrise
Dappled with the flickers of light
From the dress I wore at midnight, leave it all behind
Oh, leave it all behind
Leave it all behind
And there is happiness",0.559,0.334,-10.733,0.0376,0.87,0.0,0.114,0.211,122.079,315147.0,11.0,1.0
marjorie,evermore,Evermore,"Never be so kind
You forget to be clever
Never be so clever
You forget to be kind
And if I didn't know better
I'd think you were talking to me now
If I didn't know better
I'd think you were still around
What died didn't stay dead
What died didn't stay dead
You're alive, you're alive in my head
What died didn't stay dead
What died didn't stay dead
You're alive, so alive
Never be so politе
You forget your power
Nevеr wield such power
You forget to be polite
And if I didn't know better
I'd think you were listening to me now
If I didn't know better
I'd think you were still around
What died didn't stay dead
What died didn't stay dead
You're alive, you're alive in my head
What died didn't stay dead
What died didn't stay dead
You're alive, so alive
The autumn chill that wakes me up
You loved the amber skies so much
Long limbs and frozen swims
You'd always go past where our feet could touch
And I complained the whole way there
The car ride back and up the stairs
I should've asked you questions
I should've asked you how to be
Asked you to write it down for me
Should've kept every grocery store receipt
'Cause every scrap of you would be taken from me
Watched as you signed your name Marjorie
All your closets of backlogged dreams
And how you left them all to me
What died didn't stay dead
What died didn't stay dead
You're alive, you're alive in my head
What died didn't stay dead
What died didn't stay dead
You're alive, so alive
And if I didn't know better
I'd think you were singing to me now
If I didn't know better
I'd think you were still around
I know better
But I still feel you all around
I know better
But you're still around",0.535,0.561,-11.609,0.0484,0.876,0.000136,0.115,0.287,96.103,257773.0,5.0,1.0
Labyrinth,Midnights,Midnights,"""It only hurts this much right now""
Was what I was thinkin' the whole time
Breathe in, breathe through, breathe deep, breathe out
I'll be gettin' over you my whole life
You know how scared I am of elevators
Never trust it if it rises fast
It can't last
Uh-oh, I'm fallin' in love
Oh no, I'm fallin' in love again
Oh, I'm fallin' in love
I thought the plane was goin' down
How'd you turn it right around?
It only feels this raw right now
Lost in the labyrinth of my mind
Break up, break free, break through, break down
You would break your back to make me break a smile
You know how much I hate
That everybody just expects me to bounce back
Just like that
Uh-oh, I'm fallin' in love
Oh no, I'm fallin' in love again
Oh, I'm fallin' in love
I thought the plane was goin' down
How'd you turn it right around?
Uh-oh, I'm fallin' in love
Oh no, I'm fallin' in love again
Oh, I'm fallin' in love
I thought the plane was goin' down
How'd you turn it right around?
Uh-oh, I'm fallin' in love
Oh no, I'm fallin' in love again
Oh, I'm fallin' in love
I thought the plane was goin' down
How'd you turn it right around?
Uh-oh, I'm fallin' in love
Oh no, I'm fallin' in love again
Oh, I'm fallin' in love
I thought the plane was goin' down
How'd you turn it right around?",0.406,0.306,-15.48,0.0517,0.785,0.488,0.122,0.122,110.014,247962.0,0.0,1.0
willow,evermore,Evermore,"I'm like the water when your ship rolled in that night
Rough on the surface, but you cut through like a knife
And if it was an open-shut case
I never would've known from that look on your face
Lost in your current like a priceless wine
The more that you say, the less I know
Wherever you stray, I follow
I'm begging for you to take my hand
Wreck my plans, that's my man
Life was a willow and it bent right to your wind
Head on the pillow, I could feel you sneakin' in
As if you were a mythical thing
Like you were a trophy or a champion ring
And there was one prize I'd cheat to win
The more that you say, the less I know
Wherever you stray, I follow
I'm begging for you to take my hand
Wreck my plans, that's my man
You know that my train could take you home
Anywhere else is hollow
I'm begging for you to take my hand
Wreck my plans, that's my man
Life was a willow and it bent right to your wind
They count me out time and time again
Life was a willow and it bent right to your wind
But I come back stronger than a '90s trend
Wait for the signal, and I'll meet you after dark
Show me the places where the others gave you scars
Now this is an open-shut case
I guess I should've known from the look on your face
Every bait-and-switch was a work of art
The more that you say, the less I know
Wherever you stray, I follow
I'm begging for you to take my hand
Wreck my plans, that's my man
You know that my train could take you home
Anywhere else is hollow
I'm begging for you to take my hand
Wreck my plans, that's my man
The more that you say, the less I know
Wherever you stray, I follow
I'm begging for you to take my hand
Wreck my plans, that's my man
You know that my train could take you home
Anywhere else is hollow
I'm begging for you to take my hand
Wreck my plans, that's my man
Hey, that's my man
That's my man
Yeah, that's my man
Every bait-and-switch was a work of art
That's my man
Hey, that's my man
I'm begging for you to take my hand
Wreck my plans, that's my man",0.392,0.574,-9.195,0.17,0.833,0.00179,0.145,0.529,81.112,214707.0,7.0,1.0
Out Of The Woods,1989 (Deluxe),1989,"Looking at it now
It all seems so simple
We were lying on your couch
I remember
You took a Polaroid of us
Then discovered (Then discovered)
The rest of the world was black and white
But we were in screaming color
And I remember thinking
Are we out of the woods yet? Are we out of the woods yet?
Are we out of the woods yet? Are we out of the woods?
Are we in the clear yet? Are we in the clear yet?
Are we in the clear yet, in the clear yet? Good
Are we out of the woods yet? Are we out of the woods yet?
Are we out of the woods yet? Are we out of the woods?
Are we in the clear yet? Are we in the clear yet?
Are we in the clear yet, in the clear yet? Good
(Are we out of the woods?)
Looking at it now
Last December (Last December)
We were built to fall apart
Then fall back together (Back together)
Ooh, your necklace hanging from my neck
The night we couldn't quite forget
When we decided, we decided
To move the furniture so we could dance
Baby, like we stood a chance
Two paper airplanes flying, flying, flying
And I remember thinking
Are we out of the woods yet? Are we out of the woods yet?
Are we out of the woods yet? Are we out of the woods?
Are we in the clear yet? Are we in the clear yet?
Are we in the clear yet, in the clear yet? Good
Are we out of the woods yet? Are we out of the woods yet?
Are we out of the woods yet? (Oh) Are we out of the woods?
Are we in the clear yet? Are we in the clear yet?
Are we in the clear yet, in the clear yet? Good
(Are we out of the woods?)
Remember when you hit the brakes too soon?
Twenty stitches in the hospital room
When you started crying, baby, I did too
But when the sun came up, I was looking at you
Remember when we couldn't take the heat?
I walked out, I said, ""I'm setting you free""
But the monsters turned out to be just trees
When the sun came up, you were looking at me
You were looking at me, oh
You were looking at me
(Are we out of the woods yet? Are we out of the woods yet?)
(Are we out of the woods yet? Are we out of the woods?)
I remember
(Are we in the clear yet? Are we in the clear yet?)
(Are we in the clear yet, in the clear yet? Good)
Oh, I remember
Are we out of the woods yet? Are we out of the woods yet? (Yeah)
Are we out of the woods yet? Are we out of the woods?
Are we in the clear yet? Are we in the clear yet? (Say, are we?)
Are we in the clear yet, in the clear yet? Good
Are we out of the woods yet? Are we out of the woods yet?
Are we out of the woods yet? Are we out of the woods?
Are we in the clear yet? (Yeah) Are we in the clear yet? (Yeah)
Are we in the clear yet, in the clear yet? Good (Clear yet? Good)
Are we out of the woods yet? Are we out of the woods yet?
Are we out of the woods yet? Are we out of the woods?
Are we in the clear yet? Are we in the clear yet?
Are we in the clear yet, in the clear yet? Good (Do you remember?)
Are we out of the woods yet? Are we out of the woods yet?
Are we out of the woods yet? Are we out of the woods?
Are we in the clear yet? Are we in the clear yet?
Are we in the clear yet, in the clear yet? Good",0.552,0.842,-6.938,0.0373,0.00103,1.17e-05,0.337,0.343,91.991,235800.0,7.0,1.0
New Year's Day,reputation,Reputation,reputation snake bad snake look snake look snake reputation look love I the the the love you you we and the and love and we the the you you love,0.661,0.151,-12.864,0.0354,0.921,0.0,0.13,0.23,94.922,235467.0,0.0,1.0
dorothea,evermore,Evermore,"Hey, Dorothea, do you ever stop and think about me?
When we were younger, down in the park
Honey, makin' a lark of the misery
You got shiny friends since you left town
A tiny screen's the only place I see you now
And I got nothin' but well wishes for ya
Ooh
This place is the same as it ever was
Ooh
But you won't like it that way
It's never too late to come back to my side
The stars in your eyes shined brighter in Tupelo
And if you're ever tired of bеin' known for who you know
You know that you'll always know me
Dorothea, uh-uh
Dorothea, ah-ah
Ooh
You'rе a queen sellin' dreams, sellin' makeup and magazines
Ooh
From you, I'd buy anything
Hey, Dorothea, do you ever stop and think about me?
When it was calmer, skippin' the prom
Just to piss off your mom and her pageant schemes
And damn, Dorothea, they all wanna be ya
But are you still the same soul I met under the bleachers? Well
Ooh
I guess I'll never know
Ooh
And you'll go on with the show
But it's never too late to come back to my side
The stars in your eyes shined brighter in Tupelo
And if you're ever tired of bein' known for who you know
You know, you'll always know me
Dorothea, uh-uh
Dorothea, ah-ah
Ooh, ooh
Ooh-woo-ooh-ooh-ooh, ooh-ooh-ooh-ooh
Ooh, ooh
Ooh-woo-ooh-ooh-ooh, ooh-ooh-ooh
Dorothea (Ah-ah-ah)
Ah-ah
Ooh",0.605,0.488,-8.322,0.0264,0.696,0.0,0.129,0.354,119.966,225880.0,4.0,1.0
Shake It Off,1989 (Deluxe),1989,"I stay out too late
Got nothin' in my brain
That's what people say, mm-mm
That's what people say, mm-mm
I go on too many dates (Haha)
But I can't make them stay
At least, that's what people say, mm-mm
That's what people say, mm-mm
But I keep cruisin'
Can't stop, won't stop movin'
It's like I got this music in my mind
Sayin', ""It's gonna be alright""
'Cause the players gonna play, play, play, play, play
And the haters gonna hate, hate, hate, hate, hate
Baby, I'm just gonna shake, shake, shake, shake, shake
I shake it off, I shake it off
Heartbreakers gonna break, break, break, break, break
And the fakers gonna fake, fake, fake, fake, fake
Baby, I'm just gonna shake, shake, shake, shake, shake
I shake it off, I shake it off
I never miss a beat
I'm lightnin' on my feet
And that's what they don't see, mm-mm
That's what they don't see, mm-mm
I'm dancin' on my own (Dancin' on my own)
I make the moves up as I go (Moves up as I go)
And that's what they don't know, mm-mm
That's what they don't know, mm-mm
But I keep cruisin'
Can't stop, won't stop groovin'
It's like I got this music in my mind
Sayin', ""It's gonna be alright""
'Cause the players gonna play, play, play, play, play
And the haters gonna hate, hate, hate, hate, hate
Baby, I'm just gonna shake, shake, shake, shake, shake
I shake it off, I shake it off
Heartbreakers gonna break, break, break, break, break
And the fakers gonna fake, fake, fake, fake, fake
Baby, I'm just gonna shake, shake, shake, shake, shake
I shake it off, I shake it off
I shake it off, I shake it off
I, I, I shake it off, I shake it off
I, I, I shake it off, I shake it off
I, I, I shake it off, I shake it off
Hey, hey, hey
Just think, while you've been gettin' down and out about the liars
And the dirty, dirty cheats of the world
You could've been gettin' down
To this sick beat
My ex-man brought his new girlfriend
She's like, ""Oh my God,"" but I'm just gonna shake
And to the fella over there with the hella good hair
Won't you come on over, baby? We can shake, shake, shake
Yeah, oh-oh, oh
'Cause the players gonna play, play, play, play, play
And the haters gonna hate, hate, hate, hate, hate (Haters gonna hate)
Baby, I'm just gonna shake, shake, shake, shake, shake
I shake it off, I shake it off (Ha)
Heartbreakers gonna break, break, break, break, break (Mmm)
And the fakers gonna fake, fake, fake, fake, fake (They fake and fake and fake)
Baby, I'm just gonna shake, shake, shake, shake, shake
I shake it off, I shake it off (I, I)
I shake it off, I shake it off
I, I, I shake it off, I shake it off
I, I, I shake it off, I shake it off
I, I, I shake it off (Yeah), I shake it off
I shake it off, I shake it off
I, I, I shake it off, I shake it off (You got to)
I, I, I shake it off, I shake it off
I, I, I shake it off, I shake it off",0.647,0.785,-5.414,0.165,0.0561,0.0,0.148,0.943,160.015,219200.0,7.0,1.0
Paper Rings,Lover,Lover,"The moon is high
Like your friends were the night that we first met
Went home and tried to stalk you on the internet
Now I've read all of the books beside your bed
The wine is cold
Like the shoulder that I gave you in the street
Cat and mouse for a month or two or three
Now I wake up in the night and watch you breathe
(Ayy)
Kiss me once 'cause you know I had a long night (Oh)
Kiss me twice 'cause it's gonna be alright (Uh)
Three times 'cause I waited my whole life (One, two, one, two, three, four)
I like shiny things, but I'd marry you with paper rings
Uh-huh, that's right
Darling, you're the one I want, and
I hate accidents, except when we went from friends to this
Uh-huh, that's right
Darling, you're the one I want
In paper rings, in picture frames, in dirty dreams
Oh, you're the one I want
In the winter, in the icy outdoor pool
When you jumped in first, I went in too
I'm with you even if it makes me blue
Which takes me back
To the color that we painted your brother's wall
Honey, without all the exes, fights and flaws
We wouldn't be standing here so tall, so
(Ayy)
Kiss you once 'cause I know you had a long night (Oh)
Kiss you twice 'cause it's gonna be alright (Uh)
Three times 'cause you waited your whole life (One, two, one, two, three, four)
Ah
I like shiny things, but I'd marry you with paper rings
Uh-huh, that's right
Darling, you're the one I want, and
I hate accidents, except when we went from friends to this
Uh-huh, that's right
Darling, you're the one I want
In paper rings, in picture frames, in dirty dreams
Oh, you're the one I want
I want to drive away with you
I want your complications too
I want your dreary Mondays
Wrap your arms around me, baby boy
I want to drive away with you
I want your complications too
I want your dreary Mondays
Wrap your arms around me, baby boy
Uh-huh
I like shiny things, but I'd marry you with paper rings
Ah-ah, that's right, you're the one I want
I hate accidents, except when we went from friends to this
Ah-ah, darling, you're the one I want
I like shiny things, but I'd marry you with paper rings
Uh-huh, that's right
Darling, you're the one I want, and
I hate accidents, except when we went from friends to this
Uh-huh, that's right
Darling, you're the one I want
In paper rings, in picture frames, in all my dreams
You're the one I want
In paper rings, in picture frames, in all my dreams
Oh, you're the one I want
You're the one I want, one I want
You're the one I want, one I want",0.811,0.719,-6.553,0.0497,0.0129,1.36e-05,0.0742,0.865,103.979,222400.0,9.0,1.0
Dear Reader,Midnights,Midnights,anti-hero karma anti-hero midnight karma anti-hero bejeweled midnight bejeweled anti-hero I we love and we we you love and I the I we I you I and you love the,0.562,0.388,-12.088,0.0705,0.481,0.00145,0.117,0.159,107.747,225194.0,0.0,1.0
exile,folklore,Folklore,mirrorball exile exile august august betty cardigan exile cardigan exile you love you you the I we and I we and I you we and and you I we the,0.31,0.374,-8.464,0.0275,0.761,2.46e-05,0.11,0.16,75.938,285640.0,6.0,1.0
Question...?,Midnights,Midnights,"I remember
Good girl, sad boy
Big city, wrong choices
We had one thing goin' on
I swear that it was somethin'
'Cause I don't remember who I was
Before you painted all my nights
A color I've searched for since
But one thing after another
Fuckin' situations, circumstances
Miscommunications, and I
Have to say, by the way
I just may like some explanations
Can I ask you a question?
Did you ever have someone kiss you in a crowded room
And every single one of your friends was makin' fun of you
But fifteen seconds later, thеy were clappin' too?
Then what did you do?
Did you lеave her house in the middle of the night? Oh
Did you wish you'd put up more of a fight, oh
When she said it was too much?
Do you wish you could still touch her?
It's just a question
Half-moon eyes, bad surprise
Did you realize out of time?
She was on your mind with some dickhead guy
That you saw that night
But you were on somethin'
It was one drink after another
Fuckin' politics and gender roles
And you're not sure and I don't know
Got swept away in the gray
I just may like to have a conversation
Can I ask you a question?
Did you ever have someone kiss you in a crowded room
And every single one of your friends was makin' fun of you
But fifteen seconds later, they were clappin' too?
Then what did you do?
Did you leave her house in the middle of the night? Oh
Did you wish you'd put up more of a fight, oh
When she said it was too much?
Do you wish you could still touch her?
It's just a question
Does it feel like everything's just like
Second best after that meteor strike?
And what's that that I heard? That you're still with her?
That's nice, I'm sure that's what's suitable
And right, but tonight
Can I ask you a question? (Can I ask you a question?)
Did you ever have someone kiss you in a crowded room (In a crowded room)
And every single one of your friends was makin' fun of you (Makin' fun of you)
But fifteen seconds later, they were clappin' too?
Then what did you do? (Do)
Did you leave her house in the middle of the night? Oh
Did you wish you'd put up more of a fight, oh (More of a fight)
When she said it was too much?
Do you wish you could still touch her?
It's just a question",0.751,0.502,-8.763,0.167,0.2,0.0,0.296,0.106,108.943,210557.0,7.0,1.0
ME! (feat. Brendon Urie of Panic! At The Disco),Lover,Lover,"I promise that you'll never find another like me
I know that I'm a handful, baby, uh
I know I never think before I jump
And you're the kind of guy the ladies want
(And there's a lot of cool chicks out there)
I know that I went psycho on the phone
I never leave well enough alone
And trouble's gonna follow where I go
(And there's a lot of cool chicks out there)
But one of these things is not like the others
Like a rainbow with all of the colors
Baby doll, when it comes to a lover
I promise that you'll never find another like
Me-e-e, ooh-ooh-ooh-ooh
I'm the only one of me
Baby, that's the fun of me
Eeh-eeh-eeh, ooh-ooh-ooh-ooh
You're the only one of you
Baby, that's the fun of you
And I promise that nobody's gonna love you like me-e-e
I know I tend to make it about me
I know you never get just what you see
But I will never bore you, baby
(And there's a lot of lame guys out there)
And when we had that fight out in the rain
You ran after me and called my name
I never wanna see you walk away
(And there's a lot of lame guys out there)
'Cause one of these things is not like the others
Livin' in winter, I am your summer
Baby doll, when it comes to a lover
I promise that you'll never find another like
Me-e-e, ooh-ooh-ooh-ooh
I'm the only one of me
Let me keep you company
Eeh-eeh-eeh, ooh-ooh-ooh-ooh
You're the only one of you
Baby, that's the fun of you
And I promise that nobody's gonna love you like me-e-e
[Bridge: Taylor Swift & 
Brendon Urie
]
Hey, kids!
Vegas is fun!
I’m Taylor
I’m Brendon
Welcome to the Billboard Music Awards
Yeah!
Girl there ain’t no “I” in team
But you know there is a ""me""
Strike the band up, 1, 2, 3
I promise that you'll never find another like me
Girl, there ain't no I in ""team""
But you know there is a ""me""
And you can't spell ""awesome"" without ""me""
I promise that you'll never find another like
Me-e-e (Yeah), ooh-ooh-ooh-ooh (And I want ya, baby)
I'm the only one of me (I'm the only one of me)
Baby, that's the fun of me (Baby, that's the fun of me)
Eeh-eeh-eeh, ooh-ooh-ooh-ooh (Oh)
You're the only one of you (Oh)
Baby, that's the fun of you
And I promise that nobody's gonna love you like me-e-e
Girl, there ain't no I in ""team"" (Ooh-ooh-ooh-ooh)
But you know there is a ""me""
I'm the only one of me (Oh-oh)
Baby, that's the fun of me
(Eeh-eeh-eeh, ooh-ooh-ooh-ooh)
Strike the band up, 1, 2, 3
You can't spell ""awesome"" without ""me""
You're the only one of you
Baby, that's the fun of you
And I promise that nobody's gonna love you like me-e-e",0.61,0.83,-4.105,0.0571,0.033,0.0,0.118,0.728,182.162,193000.0,0.0,1.0
"Would've, Could've, Should've",Midnights,Midnights,bejeweled midnight karma anti-hero midnight karma midnight karma midnight bejeweled love and we love love we I I love and you love you I you love you we you the,0.483,0.84,-6.508,0.119,0.43,0.000575,0.146,0.55,157.979,260362.0,7.0,1.0
London Boy,Lover,Lover,"We can go drivin' in, on my scooter
Uh, you know, just 'round London (
Oh, I'd—
)
I love my hometown as much as Motown, I love SoCal
And you know I love Springsteen, faded blue jeans, Tennessee whiskey
But somethin' happened, I heard him laughin'
I saw the dimples first and then I heard the accent
They say, ""Home is where the heart is""
But that's not where mine lives
You know I love a London boy
I enjoy walkin' Camden Market in the afternoon
He likes my American smile, like a child when our eyes meet
Darling, I fancy you
Took me back to Highgate, met all of his best mates
So I guess all the rumors are true
You know I love a London boy
Boy, I fancy you (Ooh)
And now I love high tea, stories from Uni' and the West End
You can find me in the pub, we are watchin' rugby with his school friends
Show me a gray sky, a rainy cab ride
Babes, don't threaten me with a good time
They say, ""Home is where the heart is""
But, God, I love the English
You know I love a London boy
I enjoy nights in Brixton, Shoreditch in the afternoon
He likes my American smile, like a child when our eyes meet
Darling, I fancy you
Took me back to Highgate, met all of his best mates
So I guess all the rumors are true
You know I love a London boy
Boy, I fancy you
So please show me Hackney
Doesn't have to be Louis V up on Bond Street
Just wanna be with you
Wanna be with you
Stick with me, I'm your queen
Like a Tennessee Stella McCartney on the Heath
Just wanna be with you (Wanna be with you)
Wanna be with you, oh, woah
You know I love a London boy
I enjoy walkin' Soho, drinkin' in the afternoon (Yeah)
He likes my American smile, like a child when our eyes meet
Darling, I fancy you (You)
Took me back to Highgate, met all of his best mates
So I guess all the rumors are true (Yeah)
You know I love a London boy (Oh)
Boy (Oh), I fancy you (I fancy you; ooh)
So please show me Hackney
Doesn't have to be Louis V up on Bond Street
Just wanna be with you (Ooh)
I, oh, I, I fancy you, oh, woah-ah-ah (Ooh)
Stick with me, I'm your queen
Like a Tennessee Stella McCartney on the Heath
Just wanna be with you (Ooh), wanna be with you
I fancy you (Yeah), I fancy you, ah-ah (Ooh)",0.695,0.71,-6.639,0.05,0.0246,0.000104,0.133,0.557,157.925,190240.0,1.0,1.0
Style,1989 (Deluxe),1989,"Midnight
You come and pick me up, no headlights
Long drive
Could end in burning flames or paradise
Fade into view, oh
It's been a while since I have even heard from you
(Heard from you)
And I should just tell you to leave, 'cause I
Know exactly where it leads, but I
Watch us go 'round and 'round each time
You got that James Dean daydream look in your eye
And I got that red lip classic thing that you like
And when we go crashing down, we come back every time
'Cause we never go out of style, we never go out of style
You got that long hair, slicked back, white T-shirt
And I got that good-girl faith and a tight little skirt
And when we go crashing down, we come back every time
'Cause we never go out of style, we never go out of style
So it goes
He can't keep his wild eyes on the road, mm
Takes me home
The lights are off, he's taking off his coat, mm, yeah
I say, ""I heard, oh
That you've been out and about with some other girl""
Some other girl
He says, ""What you heard is true, but I
Can't stop thinking 'bout you and I""
I said, ""I've been there too, a few times""
You got that James Dean daydream look in your eye
And I got that red lip classic thing that you like
And when we go crashing down, we come back every time
'Cause we never go out of style, we never go out of style
You got that long hair, slicked back, white T-shirt
And I got that good-girl faith and a tight little skirt (A tight little skirt)
And when we go crashing down, we come back every time
'Cause we never go out of style (We never go, we never go), we never go out of style
Take me home (Ah)
Just take me home (Ah)
Yeah, just take me home (Ah)
Oh-oh, woah-oh, oh (Out of style)
Oh, you got that James Dean daydream look in your eye
And I got that red lip classic thing that you like
And when we go crashing down (And when we go), we come back every time
'Cause we never go out of style, we never go out of style",0.598,0.786,-5.572,0.0383,0.00253,0.0016,0.117,0.456,95.019,231000.0,2.0,1.0
coney island (feat. The National),evermore,Evermore,"Prelomim si dušo na pol ko te iščem
A si prav tukaj
Če se ne morem več poistovetiti s tabo
S kom sem torej v sorodu?
In če je to dolg hodnik
Kako sva prišla sem tako hitro?
Sem dlan zaprla okoli nečesa krhkega?
Sem te zlomila?
In sedim na klopci na Coney Island-u
Sprašujem se, kam je šel moj ljubi?
Hitri časi, svetle luči, vrtiljak
Oprosti, ker nisi bil sredina moje knjige
Spet in spet
Izgubljena, nobenih presenečenj
Razočaranja, zapri oči
In postaja bolj in bolj mrzlo
Ko sonce zaide
Vprašanjе razbija v moji glavi
Kaj je življenje uspеhov
Če sem te porinil do roba
A si bila preveč vljudna, da bi me zapustila?
In ali pogrešaš kriminalca
Ki te je pregovoril, da prideš v raj in te pustil tam samo?
Boš oprostila moji duši
Ko boš prepameten(a), da bi zaupal(a) in prestar(a), da bi ti bilo mar?
Ker bila sva kot nakupovalno središče pred internetom
To je bil kraj, kjer si moral biti
Navihanost, v darilni papir zavite predmestne sanje
Oprosti, ker ti nisem zadel(a) prstana v igralnici
Spet in spet
Izgubljena, nobenih presenečenj
Razočaranja, zapri oči
In postaja bolj in bolj hladno
Ko sonce zaide
Si čakal na najinem starem kraju
Pri vrsti dreves pri zlati uri
Kjer sem te pustila čakati vsak dan?
Si čakala na hodniku
Z veliko torto, vse najboljše
Sem tvoje modro nebo obarvala temno sivo?
Eno univerzo stran
In ko sem bila udeležen v nesreči
Se je pred mano prikazal tvoj obraz
A ko sem odšla na oder
Mislim, da sem pozabila reči tvoje ime
In sedim na klopci na Coney Island-u
Sprašujem se, kam je šel moj ljubi?
Hitri časi, svetle luči, vrtiljak
Oprosti, ker nisi bil sredina moje knjige
Spet in spet
Izgubljena, nobenih presenečenj
Razočaranja, zapri oči
In postaja bolj in bolj mrzlo
Ko sonce zaide
Ko sonce zaide
Se je pred mano prikazal tvoj obraz
Ko sonce zaide
A mislim, da sem pozabil(a) reči tvoje ime
Spet in spet
Oprosti, ker nisi bil(a), nisi bil(a)
Sredina moje knjige",0.537,0.537,-11.266,0.0617,0.819,0.000904,0.142,0.292,107.895,275320.0,8.0,1.0
evermore,evermore,Evermore,evermore gold evermore champagne willow gold evermore champagne ivy willow I we love the we we the the the the and you I and the we you love love you,0.39,0.27,-10.673,0.0308,0.937,0.00227,0.111,0.32,125.177,304107.0,1.0,1.0
The Archer,Lover,Lover,"Combat, I'm ready for combat
I say I don't want that, but what if I do?
'Cause cruelty wins in the movies
I've got a hundred thrown-out speeches I almost said to you
Easy they come, easy they go
I jump from the train, I ride off alone
I never grew up, it's getting so old
Help me hold on to you
I've been the archer, I've been the prey
Who could ever leave me, darling
But who could stay?
Dark side, I search for your dark side
But what if I'm alright, right, right, right here?
And I cut off my nose just to spite my face
Then I hate my reflection for years and years
I wake in the night, I pace like a ghost
The room is on fire, invisible smoke
And all of my heroes die all alone
Help me hold on to you
I've been the archer, I've been the prey
Screaming, who could ever leave me, darling
But who could stay?
(I see right through me, I see right through me)
'Cause they see right through me
They see right through me
They see right through
Can you see right through me?
They see right through
They see right through me
I see right through me
I see right through me
All the king's horses, all the king's men
Couldn't put me together again
'Cause all of my enemies started out friends
Help me hold on to you
I've been the archer, I've been the prey
Who could ever leave me, darling
But who could stay?
(I see right through me, I see right through me)
Who could stay?
Who could stay?
Who could stay?
You could stay
You could stay
Combat, I'm ready for combat",0.292,0.574,-9.375,0.0401,0.12,0.00569,0.0663,0.166,124.344,211240.0,0.0,1.0
the lakes,folklore,Folklore,exile exile cardigan betty mirrorball august cardigan exile betty mirrorball love you the love and the the we we you I you we the you and we love and love,0.313,0.258,-11.532,0.0383,0.842,1.3e-06,0.0948,0.268,179.947,211813.0,2.0,1.0
Death By A Thousand Cuts,Lover,Lover,"My, my, my, my
My, my, my, my
My, my, my, my
My, my, my, my
My, my, my, my
My, my, my, my
My, my, my, my
My, my, my, my
Saying goodbye is death by a thousand cuts
Flashbacks waking me up
I get drunk, but it's not enough
’Cause the morning comes and you're not my baby
I look through the windows of this love
Even though we boarded them up
Chandelier's still flickering here
’Cause I can't pretend it's okay when it's not
It's death by a thousand cuts
I dress to kill my time, I take the long way home
I ask the traffic lights if it'll be alright
They say, ""I don't know""
And what once was ours is no one's now
I see you everywhere, the only thing we share
Is this small town
You said it was a great love, one for the ages
But if the story’s over, why am I still writing pages?
’Cause saying goodbye is death by a thousand cuts
Flashbacks waking me up
I get drunk, but it's not enough
’Cause the morning comes and you're not my baby
I look through the windows of this love
Even though we boarded them up
Chandelier's still flickering here
'Cause I can’t pretend it's okay when it's not
It's death by a thousand cuts
My heart, my hips, my body, my love
Tryna find a part of me that you didn't touch
Gave up on me like I was a bad drug
Now I'm searching for signs in a haunted club
Our songs, our films, united we stand
Our country, guess it was a lawless land
Quiet my fears with the touch of your hand
Paper cut stings from our paper-thin plans
My time, my wine, my spirit, my trust
Tryna find a part of me you didn't take up
Gave you too much, but it wasn't enough
But I'll be alright, it's just a thousand cuts
I get drunk, but it's not enough
'Cause you're not my baby
I look through the windows of this love
Even though we boarded them up
Chandelier's still flickering here
'Cause I can't pretend it's okay when it's not
No, it's not
It's death by a thousand cuts (You didn't touch)
Tryna find a part of me that you didn't touch
My body, my love, my trust (It's death by a thousand cuts)
But it wasn't enough, it wasn't enough, no, no
I take the long way home
I ask the traffic lights if it'll be alright
They say, ""I don't know""",0.712,0.732,-6.754,0.0629,0.454,0.0,0.319,0.313,94.071,198533.0,4.0,1.0
The Great War,Midnights,Midnights,karma midnight midnight anti-hero haze haze midnight anti-hero karma karma the you the I I love I you you the I and I I we you and we the and,0.573,0.741,-8.987,0.0353,0.219,2.23e-05,0.0842,0.554,96.016,240356.0,5.0,1.0
right where you left me,evermore,Evermore,evermore champagne willow ivy willow willow ivy ivy ivy willow love the and and I the you and I I we the you love I the I the and I,0.581,0.619,-6.524,0.0282,0.769,0.000106,0.117,0.645,137.915,245027.0,10.0,1.0
ivy,evermore,Evermore,"How's one to know?
I'd meet you where the spirit meets the bones
In a faith-forgotten land
In from the snow
Your touch brought forth an incandescent glow
Tarnished but so grand
And the old widow goes to the stone every day
But I don't, I just sit here and wait
Grieving for the living
Oh, goddamn
My pain fits in the palm of your freezing hand
Taking mine, but it's been promised to another
Oh, I can't
Stop you putting roots in my dreamland
My house of stone, your ivy grows
And now I'm covered in you
I wish to know
The fatal flaw that makes you long to be
Magnificently cursed
He's in the room
Your opal eyes are all I wish to see
He wants what's only yours
Oh, goddamn
My pain fits in the palm of your freezing hand
Taking mine, but it's been promised to another
Oh, I can't
Stop you putting roots in my dreamland
My house of stone, your ivy grows
And now I'm covered
Clover blooms in the fields
Spring breaks loose, the time is near
What would he do if he found us out?
Crescent moon, coast is clear
Spring breaks loose, but so does fear
He's gonna burn this house to the ground
How's one to know?
I'd live and die for moments that we stole
On begged and borrowed time
So tell me to run
Or dare to sit and watch what we'll become
And drink my husband's wine
Oh, goddamn
My pain fits in the palm of your freezing hand
Taking mine, but it's been promised to another
Oh, I can't
Stop you putting roots in my dreamland
My house of stone, your ivy grows
And now I'm covered in you
And I'm covered in you
So yeah, it's a fire
It's a goddamn blaze in the dark
And you started it
You started it
So yeah, it's a war
It's the goddamn fight of my life
And you started it
You started it
Oh, I can't
Stop you putting roots in my dreamland
My house of stone, your ivy grows
And now I'm covered
In you, in you
Now I'm covered in you
In you",0.515,0.545,-9.277,0.0353,0.855,1.97e-05,0.0921,0.535,88.856,260440.0,2.0,1.0
Look What You Made Me Do,reputation,Reputation,"I don't like your little games
Don't like your tilted stage
The role you made me play
Of the fool, no, I don't like you
I don't like your perfect crime
How you laugh when you lie
You said the gun was mine
Isn't cool, no, I don't like you (Oh)
But I got smarter, I got harder in the nick of time
Honey, I rose up from the dead, I do it all the time
I've got a list of names and yours is in red, underlined
I check it once, then I check it twice, oh
Ooh, look what you made me do
Look what you made me do
Look what you just made me do
Look what you just made me
Ooh, look what you made me do
Look what you made me do
Look what you just made me do
Look what you just made me do
I (I) don't (Don't) like your kingdom keys (Keys)
They (They) once belonged to me (Me)
You (You) asked me for a place to sleep
Locked me out and threw a feast (What?)
The world moves on, another day, another drama, drama
But not for me, not for me, all I think about is karma
And then the world moves on, but one thing's for sure
Maybe I got mine, but you'll all get yours
But I got smarter, I got harder in the nick of time (Nick of time)
Honey, I rose up from the dead, I do it all the time (I do it all the time)
I've got a list of names and yours is in red, underlined
I check it once, then I check it twice, oh
Ooh, look what you made me do
Look what you made me do
Look what you just made me do
Look what you just made me
Ooh, look what you made me do
Look what you made me do
Look what you just made me do
Look what you just made me do
I don't trust nobody and nobody trusts me
I'll be the actress starrin' in your bad dreams
I don't trust nobody and nobody trusts me
I'll be the actress starrin' in your bad dreams
I don't trust nobody and nobody trusts me
I'll be the actress starrin' in your bad dreams
I don't trust nobody and nobody trusts me
I'll be the actress starrin' in your bad dreams
(Ooh, look what you made me do)
(Look what you made me do)
(Look what you just made me do)
(Look what you just made me)
""I'm sorry, the old Taylor can't come to the phone right now""
(Ooh, look what you made me do)
(Look what you made me do)
(Look what you just made me)
""Why? Oh, 'cause she's dead"" (Oh)
Ooh, look what you made me do
Look what you made me do
Look what you just made me do
Look what you just made me
Ooh, look what you made me do
Look what you made me do
Look what you just made me do
Look what you just made me do
Ooh, look what you made me do
Look what you made me do
Look what you just made me do
Look what you just made me
Ooh, look what you made me do
Look what you made me do
Look what you just made me do
Look what you just made me do",0.766,0.709,-6.471,0.123,0.204,1.41e-05,0.126,0.506,128.07,211853.0,9.0,0.0
All You Had To Do Was Stay,1989 (Deluxe),1989,"(Hey, hey, hey)
(Hey, hey, hey)
(Hey, hey, hey)
(Hey, hey, hey)
People like you always want back
The love they gave away
And people like me wanna believe you
When you say you've changed
The more I think about it now
The less I know
All I know is that you drove us
Off the road
(Stay) Hey, all you had to do was stay
Had me in the palm of your hand, then
Why'd you have to go and lock me out when I let you in?
(Stay) Hey, now you say you want it back
Now that it's just too late, well, could've been easy
All you had to do was (Stay)
All you had to do was (Stay)
All you had to do was (Stay)
All you had to do was (Stay)
All you had to do was stay
Here you are now, calling me up
But I don't know what to say
I've been pickin' up the pieces
Of the mess you made
People like you always want back
The love they pushed aside
But people like me are gone forever
When you say goodbye
(Stay) Hey, all you had to do was stay
Had me in the palm of your hand, then
Why'd you have to go and lock me out when I let you in?
(Stay) Hey, now you say you want it back
Now that it's just too late, well, could've been easy
All you had to do was (Stay)
All you had to do was (Stay)
All you had to do was (Stay)
All you had to do was (Stay, stay, stay, stay, stay)
Let me remind you
This was what you wanted (Oh, oh, oh-oh-oh)
You ended it
You were all I wanted (Oh, oh, oh-oh-oh)
But not like this
Not like this, not like this
Oh, all you had to do was
(Stay) Hey, all you had to do was stay
Had me in the palm of your hand, then
Why'd you have to go and lock me out when I let you in?
(Stay) Hey, now you say you want it back
Now that it's just too late, well, could've been easy
All you had to do was
(Stay) Hey, all you had to do was stay
Had me in the palm of your hand, then
Why'd you have to go and lock me out when I let you in?
(Stay) Hey, now you say you want it back
Now that it's just too late, well, it could've been easy (All you had to do was stay)
All you had to do was (Stay)
All you had to do was (Stay, oh)
All you had to do was (Stay)
All you had to do was (Stay, ooh)
All you had to do was (Stay)",0.602,0.736,-5.778,0.0338,0.00196,4.57e-05,0.105,0.471,96.969,193293.0,5.0,1.0
Bad Blood,1989 (Deluxe),1989,"'Cause, baby, now we got bad blood
You know it used to be mad love
So take a look what you've done
'Cause, baby, now we got bad blood, hey
Now we got problems
And I don't think we can solve 'em
You made a really deep cut
And, baby, now we got bad blood, hey
Did you have to do this?
I was thinking that you could be trusted
Did you have to ruin
What was shiny? Now it's all rusted
Did you have to hit me
Where I'm weak? Baby, I couldn't breathe
And rub it in so deep
Salt in the wound like you're laughin' right at me
Oh, it's so sad to
Think about the good times
You and I
'Cause, baby, now we got bad blood
You know it used to be mad love
So take a look what you've done
'Cause, baby, now we got bad blood, hey
Now we got problems
And I don't think we can solve 'em
You made a really deep cut
And, baby, now we got bad blood, hey
Did you think we'd be fine?
Still got scars on my back from your knife
So don't think it's in the past
These kinda wounds, they last and they last
Now, did you think it all through?
All these things will catch up to you
And time can heal, but this won't
So if you're comin' my way, just don't
Oh, it's so sad to
Think about the good times
You and I
'Cause, baby, now we got bad blood
You know it used to be mad love
So take a look what you've done
'Cause, baby, now we've got bad blood, hey
Now we got problems
And I don't think we can solve 'em
You made a really deep cut
And, baby, now we've got bad blood, hey
Band-Aids don't fix bullet holes
You say sorry just for show
If you live like that, you live with ghosts
Band-Aids don't fix bullet holes (Hey)
You say sorry just for show (Hey)
If you live like that, you live with ghosts (Hey), mmm
If you love like that, blood runs cold
'Cause, baby, now we got bad blood
You know it used to be mad love
So take a look what you've done
'Cause, baby, now we got bad blood, hey (Bad blood)
Now we got problems
And I don't think we can solve 'em (Don't think we can solve 'em)
You made a really deep cut
And, baby, now we got bad blood, hey ('Cause now we got bad blood)
'Cause, baby, now we got bad blood
You know it used to be mad love
So take a look what you've done (Look what you've done)
'Cause, baby, now we got bad blood, hey (Ooh, woah)
Now we got problems
And I don't think we can solve 'em
You made a really deep cut
And, baby, now we got bad blood, hey",0.65,0.802,-6.114,0.181,0.0871,6.54e-06,0.148,0.295,170.146,211933.0,7.0,1.0
gold rush,evermore,Evermore,"Gleaming, twinkling
Eyes like sinking
Ships on waters
So inviting, I almost jump in
But I don't like a gold rush, gold rush
I don't like anticipatin' my face in a red flush
I don't like that anyone would die to feel your touch
Everybody wants you
Everybody wonders what it would be like to love you
Walk past, quick brush
I don't like slow motion, double vision in rose blush
I don't like that falling feels like flying 'til the bone crush
Everybody wants you
But I don't like a gold rush
What must it be like to grow up that beautiful?
With your hair falling into place like dominoes
I see me padding across your wooden floors
With my Eagles T-shirt hanging from the door
At dinner parties, I call you out on your contrarian shit
And the coastal town we wandered 'round had nеver seen a love as pure as it
And thеn it fades into the gray of my day-old tea
'Cause it could never be
'Cause I don't like a gold rush, gold rush
I don't like anticipatin' my face in a red flush
I don't like that anyone would die to feel your touch
Everybody wants you
Everybody wonders what it would be like to love you
Walk past, quick brush
I don't like slow motion, double vision in rose blush
I don't like that falling feels like flying 'til the bone crush
Everybody wants you
But I don't like a gold rush
What must it be like to grow up that beautiful?
With your hair falling into place like dominoes
My mind turns your life into folklore
I can't dare to dream about you anymore
At dinner parties, I won't call you out on your contrarian shit
And the coastal town we never found will never see a love as pure as it
'Cause it fades into the gray of my day-old tea
'Cause it will never be
Gleaming, twinkling
Eyes like sinking
Ships on waters
So inviting, I almost jump in",0.512,0.462,-10.491,0.0408,0.83,0.166,0.121,0.353,112.05,185320.0,9.0,1.0
