album_name,ep,album_release,track_number,track_name,artist,track_release,danceability,energy,key,loudness,mode,speechiness,acousticness,instrumentalness,liveness,valence,tempo,time_signature,duration_ms,explicit,key_name,mode_name,key_mode,lyric
Taylor Swift,False,2006-10-24,1.0,Tim McGraw,Taylor Swift,2006-06-19,0.58,0.491,0.0,-6.462,1.0,0.0251,0.575,0.0,0.121,0.425,76.009,4.0,232107.0,False,C,major,C major,"[Verse 1] He said the way my blue eyes shined Put those Georgia stars to shame that night I said, ""That's a lie"" Just a boy in a Chevy truck That had a tendency of gettin' stuck On backroads at night And I was right there beside him all summer long And then the time we woke up to find that summer gone [Chorus] But when you think Tim McGraw I hope you think my favorite song The one we danced to all night long The moon like a spotlight on the lake When you think happiness I hope you think that little black dress Think of my head on your chest And my old faded blue jeans When you think Tim McGraw I hope you think of me [Verse 2] September saw a month of tears And thankin' God that you weren't here To see me like that But in a box beneath my bed Is a letter that you never read From three summers back It's hard not to find it all a little bittersweet And lookin' back on all of that, it's nice to believe [Chorus] When you think Tim McGraw I hope you think my favorite song The one we danced to all night long The moon like a spotlight on the lake When you think happiness I hope you think that little black dress Think of my head on your chest And my old faded blue jeans When you think Tim McGraw I hope you think of me [Bridge] And I'm back for the first time since then I'm standin' on your street And there's a letter left on your doorstep And the first thing that you'll read is: ""When you think Tim McGraw I hope you think my favorite song Someday you'll turn your radio on I hope it takes you back to that place"" [Chorus] When you think happiness I hope you think that little black dress Think of my head on your chest And my old faded blue jeans When you think Tim McGraw I hope you think of me Oh, think of me Mmmm [Outro] He said the way my blue eyes shine Put those Georgia stars to shame that night I said, ""That's a lie"""
Taylor Swift,False,2006-10-24,2.0,Picture To Burn,Taylor Swift,2006-10-24,0.658,0.877,7.0,-2.098,1.0,0.0323,0.173,0.0,0.0962,0.821,105.586,4.0,173067.0,False,G,major,G major,"[Verse 1] State the obvious, I didn't get my perfect fantasy I realize you love yourself more than you could ever love me So go and tell your friends that I'm obsessive and crazy That's fine, you won't mind if I say By the way [Chorus] I hate that stupid old pickup truck you never let me drive You're a redneck heartbreak who's really bad at lying So watch me strike a match on all my wasted time As far as I'm concerned, you're just another picture to burn [Verse 2] There's no time for tears I'm just sitting here planning my revenge There's nothing stopping me From going out with all of your best friends And if you come around saying sorry to me My daddy's gonna show you how sorry you'll be [Chorus] 'Cause I hate that stupid old pickup truck you never let me drive You're a redneck heartbreak who's really bad at lying So watch me strike a match on all my wasted time As far as I'm concerned, you're just another picture to burn [Bridge] And if you're missing me, you'd better keep it to yourself 'Cause coming back around here would be bad for your health [Chorus] 'Cause I hate that stupid old pickup truck you never let me drive You're a redneck heartbreak who's really bad at lying So watch me strike a match on all my wasted time In case you haven't heard I really really hate that Stupid old pickup truck you never let me drive You're a redneck heartbreak, who's really bad at lying So watch me strike a match on all my wasted time As far as I'm concerned, you're just another picture to burn [Outro] Burn, burn, burn, baby, burn You're just another picture to burn Baby, burn"
Taylor Swift,False,2006-10-24,3.0,Teardrops On My Guitar,Taylor Swift,2006-10-24,0.621,0.417,10.0,-6.941,1.0,0.0231,0.288,0.0,0.119,0.289,99.953,4.0,203040.0,False,A#,major,A# major,"[Verse 1] Drew looks at me I fake a smile so he won't see That I want and I'm needing Everything that we should be [Pre-Chorus 1] I'll bet she's beautiful, that girl he talks about And she's got everything that I have to live without [Verse 2] Drew talks to me I laugh 'cause it's so damn funny That I can't even see Anyone when he's with me [Pre-Chorus 2] He says he's so in love, he's finally got it right I wonder if he knows he's all I think about at night [Chorus] He's the reason for the teardrops on my guitar The only thing that keeps me wishing on a wishing star He's the song in the car I keep singing, don't know why I do... [Verse 3] Drew walks by me Can't he tell that I can't breathe? And there he goes, so perfectly The kind of flawless I wish I could be [Pre-Chorus 3] She'd better hold him tight, give him all her love Look in those beautiful eyes and know she's lucky 'cause [Chorus] He's the reason for the teardrops on my guitar The only thing that keeps me wishing on a wishing star He's the song in the car I keep singing, don't know why I do... [Bridge] So I drive home alone, as I turn off the light I'll put his picture down and maybe get some sleep tonight [Chorus] 'Cause he's the reason for the teardrops on my guitar The only one who’s got enough of me to break my heart He's the song in the car I keep singing, don't know why I do... [Outro] He's the time taken up, but there's never enough And he's all that I need to fall into Drew looks at me I fake a smile so he won't see"
Taylor Swift,False,2006-10-24,4.0,A Place In This World,Taylor Swift,2006-10-24,0.576,0.777,9.0,-2.881,1.0,0.0324,0.051,0.0,0.32,0.428,115.028,4.0,199200.0,False,A,major,A major,"[Spoken Intro] So, we're gonna have the band take a little tiny break and I'm gonna play you a song that, uh, I wrote this when I was like thirteen years old and just moved to Nashville, and I knew that I wanted to end up making music and on a record label, but I didn't know how I was going to get there. And I wrote this song about it [Verse 1] I don't know what I want, so don't ask me Cause I'm still trying to figure it out Don't know what's down this road, I'm just walking Trying to see through the rain coming down Even though I'm not the only one Who feels the way I do [Chorus] I'm alone, on my own, and that's all I know I'll be strong, I'll be wrong, oh but life goes on Oh, I'm just a girl, trying to find a place in this world [Verse 2] Got the radio on, my old blue jeans And I'm wearing my heart on my sleeve I'm feeling lucky today, got the sunshine Could you tell me what more do I need And tomorrow's just a mystery, oh yeah But that's OK [Chorus] I'm alone, on my own, and that's all I know I'll be strong, I'll be wrong, oh but life goes on Oh, I'm just a girl, trying to find a place in this world [Guitar Solo] [Chorus] I'm alone, on my own, and that's all I know I'll be strong, I'll be wrong, oh but life goes on Oh I'm alone, on my own, and that's all I know 'Cause I'm just a girl, trying to find a place in this world"
Taylor Swift,False,2006-10-24,5.0,Cold As You,Taylor Swift,2006-10-24,0.418,0.482,5.0,-5.769,1.0,0.0266,0.217,0.0,0.123,0.261,175.558,4.0,239013.0,False,F,major,F major,"[Verse 1] You have a way of coming easily to me And when you take, you take the very best of me So I start a fight cause I need to feel something And you do what you want cause I'm not what you wanted [Chorus] Oh what a shame, what a rainy ending given to a perfect day Just walk away, no use defending words that you will never say And now that I'm sitting here thinking it through I've never been anywhere cold as you [Verse 2] You put up walls and paint them all a shade of gray And I stood there loving you and wished them all away And you come away with a great little story Of a mess of a dreamer with the nerve to adore you [Chorus] Oh what a shame, what a rainy ending given to a perfect day Just walk away, no use defending words that you will never say And now that I'm sitting here thinking it through I've never been anywhere cold as you [Bridge] You never did give a damn thing honey but I cried, cried for you And I know you wouldn't have told nobody if I died, died for you (Died for you) [Chorus] Oh what a shame, what a rainy ending given to a perfect day Every smile you fake is so condescending Counting all the scars you made And now that I'm sitting here thinking it through I've never been anywhere cold as you"
Taylor Swift,False,2006-10-24,6.0,The Outside,Taylor Swift,2006-10-24,0.589,0.805,5.0,-4.055,1.0,0.0293,0.00491,0.0,0.24,0.591,112.982,4.0,207107.0,False,F,major,F major,"[Verse 1] I didn't know what I would find When I went looking for a reason, I know I didn't read between the lines And, baby, I've got nowhere to go I tried to take the road less traveled by But nothing seems to work the first few times Am I right? [Chorus] So how can I ever try to be better? Nobody ever lets me in I can still see you, this ain't the best view On the outside looking in I've been a lot of lonely places I've never been on the outside [Verse 2] You saw me there, but never knew I would give it all up to be A part of this, a part of you And now it's all too late so you see You could've helped if you had wanted to But no one notices until it's too Late to do anything [Chorus] So how can I ever try to be better? Nobody ever lets me in I can still see you, this ain't the best view On the outside looking in I've been a lot of lonely places I've never been on the outside So how can I ever try to be better? Nobody ever lets me in I can still see you, this ain't the best view On the outside looking in I've been a lot of lonely places I've never been on the outside"
Taylor Swift,False,2006-10-24,7.0,Tied Together With A Smile,Taylor Swift,2006-10-24,0.479,0.578,2.0,-4.963,1.0,0.0294,0.525,0.0,0.0841,0.192,146.165,4.0,248107.0,False,D,major,D major,"[Verse 1] Seems the only one who doesn't see your beauty Is the face in the mirror looking back at you You walk around here thinking you're not pretty But that's not true, 'cause I know you [Chorus] Hold on Baby, you're losing it The water's high You're jumping into it And letting go And no one knows That you cry But you don't tell anyone That you might Not be the golden one And you're tied together with a smile But you're coming undone [Verse 2] I guess it's true that love was all you wanted 'Cause you're giving it away like it's extra change Hoping it will end up in his pocket But he leaves you out like a penny in the rain Oh, 'cause it's not his price to pay It's not his price to pay [Chorus] Hold on Baby, you're losing it The water's high You're jumping into it And letting go And no one knows That you cry But you don't tell anyone That you might Not be the golden one And you're tied together with a smile But you're coming undone Hold on Baby, you're losing it The water's high You're jumping into it And letting go And no one knows That you cry But you don't tell anyone That you might Not be the golden one And you're tied together with a smile But you're coming undone [Outro] You're tied together with a smile But you're coming undone oh Goodbye, baby With a smile, baby, baby"
Taylor Swift,False,2006-10-24,8.0,Stay Beautiful,Taylor Swift,2006-10-24,0.594,0.629,8.0,-4.919,1.0,0.0246,0.0868,0.0,0.137,0.504,131.597,4.0,236053.0,False,G#,major,G# major,"[Verse 1] Corey's eyes are like a jungle He smiles, it's like the radio He whispers songs into my window in words that nobody knows These pretty girls on every corner They watch him as he's walking home, saying, ""Does he know?"" Will you ever know? [Chorus] You're beautiful Every little piece, love And don't you know You're really gonna be someone Ask anyone And when you find everything you looked for I hope your life will lead you back to my door Oh, but if it don't Stay beautiful [Verse 2] Corey finds another way to be the highlight of my day I'm taking pictures in my mind so I can save them for a rainy day It's hard to make a conversation when he's taking my breath away I should say Hey, by the way [Chorus] You're beautiful Every little piece, love And don't you know You're really gonna be someone Ask anyone And when you find everything you looked for I hope your life will lead you back to my door Oh, but if it don't Stay beautiful [Bridge] If you and I are a story That never gets told If what you are is a daydream I'll never get to hold At least you'll know [Chorus] You're beautiful Every little piece, love And don't you know You're really gonna be someone Ask anyone And when you find everything you looked for I hope your life will lead you back to my front door Oh, but if it don't Will you stay Beautiful, beautiful, beautiful? Beautiful, beautiful, beautiful? [Outro] La la la Oh, oh, oh, oh Oh, but if it don't Stay beautiful Stay beautiful Na, na, na, na, na"
Taylor Swift,False,2006-10-24,9.0,Should've Said No,Taylor Swift,2006-10-24,0.476,0.777,4.0,-3.771,0.0,0.0289,0.0103,0.0,0.196,0.472,167.964,4.0,242200.0,False,E,minor,E minor,"[Verse 1] It's strange to think The songs we used to sing The smiles, the flowers, everything is gone Yesterday I found out about you Even now just looking at you feels wrong [Pre-Chorus] You say that you'd take it all back, given one chance It was a moment of weakness and you said ""yes"" [Chorus] You should've said no, you should've gone home You should've thought twice 'fore you let it all go You should have known the word 'bout what you did with her'd get back to me And I should've been there in the back of your mind I shouldn't be asking myself why You shouldn't be begging for forgiveness at my feet You should've said no, baby, and you might still have me [Verse 2] You can see that I've been crying Baby, you know all the right things to say But do you honestly expect me to believe We could ever be the same? [Pre-Chorus] You say that the past is the past, you need one chance It was a moment of weakness and you said yes [Chorus] You should've said no, you should've gone home You should've thought twice 'fore you let it all go You should've known the word 'bout what you did with her'd get back to me And I should've been there in the back of your mind I shouldn't be asking myself why You shouldn't be begging for forgiveness at my feet You should've said no baby and you might still have me [Bridge] I can't resist Before you go tell me this Was it worth this? Was she worth this? No, no, no, no, no, no [Chorus] You should've said no, you should've gone home You should've thought twice 'fore you let it all go You should've known the word 'bout what you did with her'd get back to me And I should've been there in the back of your mind I shouldn't be asking myself why You shouldn't be begging for forgiveness at my feet You should've said no baby and you might still have me"
Taylor Swift,False,2006-10-24,11.0,Our Song,Taylor Swift,2006-10-24,0.668,0.672,2.0,-4.931,1.0,0.0303,0.111,0.0,0.329,0.539,89.011,4.0,201107.0,False,D,major,D major,"[Verse 1] I was riding shotgun with my hair undone In the front seat of his car He's got a one-hand feel on the steering wheel The other on my heart I look around, turn the radio down He says, ""Baby, is something wrong?"" I say, ""Nothing, I was just thinking How we don't have a song"" And he says [Chorus] Our song is the slamming screen door Sneakin' out late, tapping on your window When we're on the phone and you talk real slow 'Cause it's late and your mama don't know Our song is the way you laugh The first date: ""Man, I didn't kiss her, and I should have"" And when I got home 'fore I said amen Asking God if he could play it again [Verse 2] I was walking up the front porch steps After everything that day Had gone all wrong and been trampled on And lost and thrown away Got to the hallway, well on my way To my lovin' bed I almost didn't notice all the roses And the note that said [Chorus] Our song is the slamming screen door Sneakin' out late, tapping on your window When we're on the phone and you talk real slow 'Cause it's late and your mama don't know Our song is the way you laugh The first date: ""Man, I didn't kiss her, and I should have"" And when I got home 'fore I said amen Asking God if he could play it again [Bridge] I've heard every album, listened to the radio Waited for something to come along That was as good as our song [Chorus] 'Cause our song is the slamming screen door Sneakin' out late, tapping on his window When we're on the phone and he talks real slow 'Cause it's late and his mama don't know Our song is the way he laughs The first date: ""Man, I didn't kiss him, and I should have"" And when I got home 'fore I said amen Asking God if he could play it again Play it again [Outro] I was riding shotgun with my hair undone In the front seat of his car I grabbed a pen and an old napkin And I wrote down our song"
Taylor Swift,False,2006-10-24,12.0,I'm Only Me When I'm With You,Taylor Swift,2008-03-18,0.563,0.934,8.0,-3.629,1.0,0.0646,0.00452,0.000807,0.103,0.518,143.964,4.0,213053.0,False,G#,major,G# major,"[Verse 1] Friday night beneath the stars In a field behind your yard You and I are painting pictures in the sky And sometimes we don't say a thing Just listen to the crickets sing Everything I need is right here by my side And I know everything about you I don't wanna live without you [Chorus] I'm only up when you're not down Don't wanna fly if you're still on the ground It's like no matter what I do Well you drive me crazy half the time The other half I'm only tryna let you know that what I feel is true And I'm only me when I'm with you [Verse 2] Just a small town boy and girl Living in a crazy world Tryna figure out what is and isn't true And I don't try to hide my tears The secrets or my deepest fears Through it all nobody gets me like you do And you know everything about me You say that you can't live without me [Chorus] I'm only up when you're not down Don't wanna fly if you're still on the ground It's like no matter what I do Well you drive me crazy half the time The other half I'm only tryna let you know that what I feel is true And I'm only me when I'm with you [Bridge] When I'm with anybody else it's so hard to be myself Only you can tell [Chorus] That I'm only up when you're not down Don't wanna fly if you're still on the ground It's like no matter what I do Well you drive me crazy half the time The other half I'm only tryna let you know that what I feel is true And I'm only me Who I wanna be Well, I'm only me when I'm with you With you Uh huh Yeah"
Taylor Swift,False,2006-10-24,13.0,Invisible,Taylor Swift,2008-03-18,0.612,0.394,7.0,-5.723,1.0,0.0243,0.637,0.0,0.147,0.233,96.001,4.0,203227.0,False,G,major,G major,"[Verse 1] She can't see the way your eyes Light up when you smile She'll never notice how you stop and stare Whenever she walks by [Pre-Chorus] And you can't see me wanting you the way you want her But you are everything to me [Chorus] I just want to show you She don't even know you She's never going to love you like I want to And you just see right through me But if you only knew me We could be a beautiful Miracle Unbelievable Instead of just invisible [Verse 2] There's a fire inside of you That can't help but shine through She's never going to see the light No matter what you do [Pre-Chorus] And all I think about is how to make you think of me And everything that we could be [Chorus] I just want to show you She don't even know you She's never going to love you like I want to And you just see right through me If you only knew me We could be a beautiful Miracle Unbelievable Instead of just invisible [Bridge] Like shadows in a faded light Oh, we're invisible I just want to open your eyes And make you realize [Chorus - Variation] I just want to show you She don't even know you Baby, let me love you Let me want you You just see right through me But if you only knew me We could be a beautiful Miracle Unbelievable Instead of just invisible [Outro] She can't see the way your eyes Light up when you smile"
Taylor Swift,False,2006-10-24,14.0,A Perfectly Good Heart,Taylor Swift,2008-03-18,0.483,0.751,4.0,-5.726,1.0,0.0365,0.00349,0.0,0.128,0.268,156.092,4.0,220147.0,False,E,major,E major,"[Chorus] Why would you wanna break a perfectly good heart? Why would you wanna take our love and tear it all apart, now? Why would you wanna make the very first scar? Why would you wanna break a perfectly good heart? [Verse] Maybe I should've seen the signs, should've read the writing on the wall And realized by the distance in your eyes that I would be the one to fall No matter what you say, I still can't believe That you would walk away It don't make sense to me, but [Chorus] Why would you wanna break a perfectly good heart? Why would you wanna take our love and tear it all apart, now? Why would you wanna make the very first scar? Why would you wanna break a perfectly good heart? [Bridge] It's not unbroken anymore How do I get it back the way it was before? [Chorus] Why would you wanna break a perfectly good heart? Why would you wanna take our love and tear it all apart, now? Why would you wanna make the very first scar? Why would you wanna break? Why would you wanna break it? Why would you wanna break a perfectly good heart? Why would you wanna take our love and tear it all apart, now? Why would you wanna make the very first scar? Why would you wanna break a perfectly good heart?"
Taylor Swift,False,2006-10-24,15.0,Teardrops On My Guitar (Pop Version),Taylor Swift,2008-03-18,0.459,0.753,10.0,-3.827,1.0,0.0537,0.0402,0.0,0.0863,0.483,199.997,4.0,179067.0,False,A#,major,A# major,"[Verse 1] Drew looks at me I fake a smile so he won't see That I want and I'm needing Everything that we should be [Pre-Chorus 1] I'll bet she's beautiful, that girl he talks about And she's got everything that I have to live without [Verse 2] Drew talks to me I laugh 'cause it's so damn funny That I can't even see Anyone when he's with me [Pre-Chorus 2] He says he's so in love, he's finally got it right I wonder if he knows he's all I think about at night [Chorus] He's the reason for the teardrops on my guitar The only thing that keeps me wishing on a wishing star He's the song in the car I keep singing, don't know why I do... [Verse 3] Drew walks by me Can't he tell that I can't breathe? And there he goes, so perfectly The kind of flawless I wish I could be [Pre-Chorus 3] She'd better hold him tight, give him all her love Look in those beautiful eyes and know she's lucky 'cause [Chorus] He's the reason for the teardrops on my guitar The only thing that keeps me wishing on a wishing star He's the song in the car I keep singing, don't know why I do... [Bridge] So I drive home alone, as I turn off the light I'll put his picture down and maybe get some sleep tonight [Chorus] 'Cause he's the reason for the teardrops on my guitar The only one who’s got enough of me to break my heart He's the song in the car I keep singing, don't know why I do... [Outro] He's the time taken up, but there's never enough And he's all that I need to fall into Drew looks at me I fake a smile so he won't see"
Fearless,False,2008-11-11,1.0,Fearless,Taylor Swift,2008-10-14,0.598,0.714,5.0,-4.397,1.0,0.0273,0.0364,1.04e-06,0.31,0.467,99.979,4.0,242000.0,False,F,major,F major,"[Verse 1] There's something 'bout the way the street looks when it's just rained There's a glow off the pavement, you walk me to the car And you know I wanna ask you to dance right there In the middle of the parking lot, yeah Oh, yeah We're driving down the road, I wonder if you know I'm trying so hard not to get caught up now But you're just so cool, run your hands through your hair Absentmindedly making me want you [Chorus] And I don't know how it gets better than this You take my hand and drag me head first, fearless And I don't know why but with you I'd dance In a storm in my best dress, fearless [Verse 2] So, baby, drive slow 'til we run out of road in this one horse town I wanna stay right here, in this passenger's seat You put your eyes on me In this moment now, capture it, remember it [Chorus] 'Cause I don't know how it gets better than this You take my hand and drag me head first, fearless And I don't know why but with you I'd dance In a storm in my best dress, fearless [Bridge] Well, you stood there with me in the doorway My hands shake, I'm not usually this way but You pull me in and I'm a little more brave It's the first kiss, it's flawless, really something It's fearless Oh, yeah [Chorus] 'Cause I don't know how it gets better than this You take my hand and drag me head first, fearless And I don't know why but with you I'd dance In a storm in my best dress, fearless [Chorus] 'Cause I don't know how it gets better than this You take my hand and drag me head first, fearless And I don't know why but with you I'd dance In a storm in my best dress, fearless [Outro] Oh, oh Oh, yeah"
Fearless,False,2008-11-11,2.0,Fifteen,Taylor Swift,2008-11-11,0.559,0.636,7.0,-4.4,1.0,0.0263,0.0728,0.0,0.144,0.214,95.485,4.0,294347.0,False,G,major,G major,"[Verse 1] You take a deep breath and you walk through the doors It's the morning of your very first day You say hi to your friends you ain't seen in a while Try and stay out of everybody's way It's your freshman year and you're gonna be here For the next four years in this town Hoping one of those senior boys will wink at you and say ""You know, I haven't seen you around before"" [Chorus] 'Cause when you're fifteen and somebody tells you they love you You're gonna believe them And when you're fifteen feeling like there's nothing to figure out Well, count to ten, take it in This is life before you know who you're gonna be Fifteen [Verse 2] You sit in class next to a redhead named Abigail And soon enough you're best friends Laughing at the other girls who think they're so cool We'll be outta here as soon as we can And then you're on your very first date and he's got a car And you're feeling like flying And your momma's waiting up and you're thinking he's the one And you're dancing 'round your room when the night ends When the night ends [Chorus] 'Cause when you're fifteen and somebody tells you they love you You're gonna believe them And when you're fifteen and your first kiss Makes your head spin 'round But in your life you'll do things greater than Dating the boy on the football team But I didn't know it at fifteen [Bridge] When all you wanted was to be wanted Wish you could go back and tell yourself what you know now Back then I swore I was gonna marry him someday But I realized some bigger dreams of mine And Abigail gave everything she had to a boy Who changed his mind and we both cried [Chorus] 'Cause when you're fifteen and somebody tells you they love you You're gonna believe them And when you're fifteen, don't forget to look before you fall I've found time can heal most anything And you just might find who you're supposed to be I didn't know who I was supposed to be at fifteen La la la la la la la la la la La la la la la la la la la la La la la la la la [Outro] Your very first day Take a deep breath, girl Take a deep breath as you walk through the doors"
Fearless,False,2008-11-11,3.0,Love Story,Taylor Swift,2008-09-12,0.618,0.736,2.0,-3.937,1.0,0.0308,0.157,0.0,0.073,0.307,118.982,4.0,235280.0,False,D,major,D major,"[Verse 1] We were both young when I first saw you I close my eyes, and the flashback starts I'm standing there On a balcony in summer air See the lights, see the party, the ball gowns See you make your way through the crowd And say, ""hello"" Little did I know [Pre-Chorus 1] That you were Romeo, you were throwing pebbles And my daddy said, ""stay away from Juliet"" And I was crying on the staircase Begging you, ""please don't go,"" and I said [Chorus 1] Romeo, take me somewhere we can be alone I'll be waiting, all there's left to do is run You'll be the prince and I'll be the princess It's a love story, baby, just say ""yes"" [Verse 2] So I sneak out to the garden to see you We keep quiet, 'cause we're dead if they knew So close your eyes Escape this town for a little while [Pre-Chorus 2] 'Cause you were Romeo, I was a scarlet letter And my daddy said, ""Stay away from Juliet"" But you were everything to me I was begging you please don't go, and I said [Chorus 2] Romeo, take me somewhere we can be alone I'll be waiting, all there's left to do is run You'll be the prince and I'll be the princess It's a love story baby just say ""yes"" Romeo, save me, they're trying to tell me how to feel This love is difficult, but it's real Don't be afraid, we'll make it out of this mess It's a love story baby just say ""yes"" Oh, oh [Bridge] I got tired of waiting Wondering if you were ever coming around My faith in you was fading When I met you on the outskirts of town And I said: ""Romeo, save me, I've been feeling so alone I keep waiting for you but you never come Is this in my head? I don't know what to think"" He knelt to the ground and pulled out a ring, and said [Chorus 3] Marry me Juliet You'll never have to be alone I love you and that's all I really know I talked to your dad, go pick out a white dress It's a love story, baby, just say 'yes'"" [Outro] Oh, oh Oh, oh 'Cause we were both young when I first saw you"
Fearless,False,2008-11-11,4.0,Hey Stephen,Taylor Swift,2008-11-11,0.843,0.553,6.0,-7.348,1.0,0.0317,0.168,2.66e-06,0.107,0.825,115.997,4.0,254320.0,False,F#,major,F# major,"[Verse 1] Hey Stephen, I know looks can be deceiving But I know I saw a light in you And as we walked we were talking I didn't say half the things I wanted to Of all the girls tossing rocks at your window I'll be the one waiting there even when it's cold Hey Stephen, boy, you might have me believing I don't always have to be alone [Chorus] 'Cause I can't help it if you look like an angel Can't help it if I wanna kiss you in the rain so Come feel this magic I've been feeling since I met you Can't help it if there's no one else Mmm, I can't help myself [Verse 2] Hey Stephen, I've been holding back this feeling So I got some things to say to you I've seen it all, so I thought But I never seen nobody shine the way you do The way you walk, way you talk, way you say my name It's beautiful, wonderful, don't you ever change Hey Stephen, why are people always leaving? I think you and I should stay the same [Chorus] 'Cause I can't help it if you look like an angel Can't help it if I wanna kiss you in the rain so Come feel this magic I've been feeling since I met you Can't help it if there's no one else Mmm, I can't help myself [Bridge] They're dimming the street lights, you're perfect for me Why aren't you here tonight? I'm waiting alone now, so come on and come out And pull me near and shine, shine, shine Hey Stephen, I could give you fifty reasons Why I should be the one you choose All those other girls, well, they're beautiful But would they write a song for you? [Chorus] I can't help it if you look like an angel Can't help it if I wanna kiss you in the rain so Come feel this magic I've been feeling since I met you Can't help it if there's no one else Mmm, I can't help myself If you look like an angel Can't help it if I wanna kiss you in the rain so Come feel this magic I've been feeling since I met you Can't help it if there's no one else Mmm, I can't help myself [Outro] Myself Can't help myself I can't help myself"
Fearless,False,2008-11-11,5.0,White Horse,Taylor Swift,2008-11-11,0.585,0.346,0.0,-8.014,1.0,0.0256,0.302,0.0,0.102,0.195,92.564,4.0,234440.0,False,C,major,C major,"[Verse 1] Say you're sorry, that face of an angel Comes out just when you need it to As I paced back and forth all this time 'Cause I honestly believed in you Holdin' on, the days drag on Stupid girl, I shoulda known, I shoulda known [Chorus] That I'm not a princess, this ain't a fairytale I'm not the one you'll sweep off her feet, lead her up the stairwell This ain't Hollywood, this is a small town I was a dreamer before you went and let me down Now it's too late for you and your white horse To come around [Verse 2] Maybe I was naive, got lost in your eyes And never really had a chance My mistake, I didn't know to be in love You had to fight to have the upper hand I had so many dreams about you and me Happy endings, now I know [Chorus] That I'm not a princess, this ain't a fairytale I'm not the one you'll sweep off her feet, lead her up the stairwell This ain't Hollywood, this is a small town I was a dreamer before you went and let me down Now it's too late for you and your white horse To come around [Bridge] And there you are on your knees Beggin' for forgiveness, beggin' for me Just like I always wanted But I'm so sorry [Chorus] 'Cause I'm not your princess, this ain't our fairytale I'm gonna find someone someday Who might actually treat me well This is a big world, that was a small town There in my rear view mirror disappearing now And it's too late for you and your white horse Now it's too late for you and your white horse To catch me now [Outro] Oh, whoa, whoa, whoa Try and catch me now, oh It's too late to catch me now"
Fearless,False,2008-11-11,6.0,You Belong With Me,Taylor Swift,2008-11-04,0.687,0.771,6.0,-4.424,1.0,0.0384,0.164,2.46e-05,0.112,0.445,129.964,4.0,231147.0,False,F#,major,F# major,"[Verse 1] You're on the phone with your girlfriend, she's upset She's going off about something that you said 'Cause she doesn't get your humor like I do I'm in the room, it's a typical Tuesday night I'm listening to the kind of music she doesn't like And she'll never know your story like I do [Pre-Chorus] But she wears short skirts, I wear T-shirts She's Cheer Captain and I'm on the bleachers Dreaming about the day when you wake up and find That what you're looking for has been here the whole time [Chorus] If you could see that I'm the one who understands you Been here all along, so why can't you see? You belong with me, you belong with me [Verse 2] Walking the streets with you and your worn-out jeans I can't help thinking this is how it ought to be Laughing on a park bench, thinking to myself Hey, isn't this easy? And you've got a smile that could light up this whole town I haven't seen it in a while since she brought you down You say you're fine, I know you better than that Hey, whatcha doing with a girl like that? [Pre-Chorus] She wears high heels, I wear sneakers She's Cheer Captain and I'm on the bleachers Dreaming about the day when you wake up and find That what you're looking for has been here the whole time [Chorus] If you could see that I'm the one who understands you Been here all along, so why can't you see? You belong with me Standing by and waiting at your back door All this time how could you not know, baby? You belong with me, you belong with me [Bridge] Oh, I remember you driving to my house In the middle of the night I'm the one who makes you laugh When you know you're 'bout to cry And I know your favorite songs And you tell me 'bout your dreams Think I know where you belong Think I know it's with me [Chorus] Can't you see that I'm the one who understands you Been here all along, so why can't you see? You belong with me Standing by and waiting at your back door All this time how could you not know, baby? You belong with me, you belong with me [Outro] You belong with me Have you ever thought just maybe You belong with me? You belong with me"
Fearless,False,2008-11-11,7.0,Breathe,Taylor Swift,2008-10-21,0.498,0.486,1.0,-7.384,1.0,0.0273,0.373,0.0,0.113,0.17,147.952,4.0,263987.0,False,C#,major,C# major,"[Verse 1] I see your face in my mind as I drive away 'Cause none of us thought it was gonna end that way People are people and sometimes we change our minds But it's killing me to see you go after all this time [Verse 2] Music starts playing like the end of a sad movie It's the kind of ending you don't really wanna see 'Cause it's tragedy and it'll only bring you down Now I don't know what to be without you around [Pre-Chorus] And we know it's never simple, never easy Never a clean break, no one here to save me You're the only thing I know like the back of my hand [Chorus] And I can't breathe without you, but I have to Breathe without you but I have to [Verse 3] Never wanted this, never wanna see you hurt Every little bump in the road I tried to swerve But people are people and sometimes it doesn't work out Nothing we say is gonna save us from the fall out [Pre-Chorus] And we know it's never simple, never easy Never a clean break, no one here to save me You're the only thing I know like the back of my hand [Chorus] And I can't breathe without you but I have to Breathe without you but I have to [Bridge] It's 2 A.M, feeling like I just lost a friend Hope you know it's not easy, easy for me It's 2 A.M, feeling like I just lost a friend Hope you know this ain't easy, easy for me [Pre-Chorus] And we know it's never simple, never easy Never a clean break, no one here to save me, oh [Chorus] I can't breathe without you but I have to Breathe without you but I have to Breathe without you but I have to [Outro] I'm sorry, I'm sorry I'm sorry, (Yeah eh) I'm sorry I'm sorry, I'm sorry I'm sorry"
Fearless,False,2008-11-11,8.0,Tell Me Why,Taylor Swift,2008-11-11,0.601,0.852,7.0,-3.096,1.0,0.0386,0.0606,3.41e-06,0.37,0.513,100.015,4.0,200560.0,False,G,major,G major,"[Verse 1] I took a chance, I took a shot And you might think I'm bulletproof, but I'm not You took a swing, I took it hard And down here from the ground I see who you are [Chorus] I'm sick and tired of your attitude I'm feeling like I don't know you You tell me that you love me, then cut me down And I need you like a heartbeat But you know you got a mean streak That makes me run for cover when you're around And here's to you and your temper Yes, I remember what you said last night And I know, that you see, what you're doing to me Tell me why [Verse 2] You could write a book on how to ruin someone's perfect day Well, I get so confused and frustrated Forget what I'm trying to say, oh [Chorus] I'm sick and tired of your reasons I got no one to believe in You tell me that you want me, then push me around And I need you like a heartbeat But you know you got a mean streak That makes me run for cover when you're around Here's to you and your temper Yes, I remember what you said last night And I know, that you see, what you're doing to me Tell me why [Bridge] Why do you have to make me feel small So you can feel whole inside? Why do you have to put down my dreams So you're the only thing on my mind? [Chorus] I'm sick and tired of your attitude I'm feeling like I don't know you You tell me that you want me, then cut me down I'm sick and tired of your reasons I've got no one to believe in You ask me for my love, then you push me around Here's to you and your temper Yes, I remember what you said last night And I know that you see what you're doing to me Tell me why (why) Tell me why (why) [Outro] I take a step back, let you go I told you I'm not bulletproof Now you know"
Fearless,False,2008-11-11,9.0,You're Not Sorry,Taylor Swift,2008-10-28,0.459,0.459,6.0,-4.126,1.0,0.0275,0.13,2.3e-06,0.113,0.281,134.018,4.0,261800.0,False,F#,major,F# major,"[Verse 1] All this time I was wasting hoping you would come around I've been giving out chances every time and all you do is let me down And it's taken me this long, baby, but I've figured you out And you're thinking we'll be fine again, but not this time around [Chorus] You don't have to call anymore I won't pick up the phone This is the last straw Don't wanna hurt anymore And you can tell me that you're sorry But I don't believe you baby like I did before You're not sorry (No no no no) [Verse 2] You're looking so innocent, I might believe you if I didn't know Could've loved you all my life if you hadn't left me waiting in the cold And you've got your share of secrets And I'm tired of being last to know And now you're asking me to listen 'cause it's worked each time before [Chorus] But you don't have to call anymore I won't pick up the phone This is the last straw Don't wanna hurt anymore And you can tell me that you're sorry But I don't believe you baby like I did before You're not sorry (No no no no) You're not sorry (No no no no) [Bridge] You had me crawling for you, honey and it never would have gone away, no You used to shine so bright, but I watched all of it fade [Chorus] So you don't have to call anymore I won't pick up the phone This is the last straw There's nothing left to beg for And you can tell me that you're sorry But I don't believe you baby like I did before You're not sorry (No no no no) You're not sorry (No no no no) (No, no, no...)"
Fearless,False,2008-11-11,10.0,The Way I Loved You,Taylor Swift,2008-11-11,0.436,0.712,5.0,-3.689,1.0,0.0329,0.0322,0.0,0.111,0.379,160.886,4.0,244240.0,False,F,major,F major,"[Verse 1] He is sensible and so incredible And all my single friends are jealous He says everything I need to hear and it's like I couldn't ask for anything better He opens up my door and I get into his car And he says you look beautiful tonight And I feel perfectly fine [Chorus] But I miss screaming and fighting and kissing in the rain And it's 2am and I'm cursing your name You're so in love that you act insane And that's the way I loved you Breaking down and coming undone It's a roller coaster kind of rush And I never knew I could feel that much And that's the way I loved you [Verse 2] He respects my space And never makes me wait And he calls exactly when he says he will He's close to my mother Talks business with my father He's charming and endearing And I'm comfortable [Chorus] But I miss screaming and fighting and kissing in the rain It's 2am and I'm cursing your name You're so in love that you acted insane And that's the way I loved you Breaking down and coming undone It's a roller coaster kind of rush And I never knew I could feel that much And that's the way I loved you [Bridge] He can't see the smile I'm faking And my heart's not breaking 'Cause I'm not feeling anything at all And you were wild and crazy Just so frustrating Intoxicating, complicated Got away by some mistake and now [Chorus] I miss screaming and fighting and kissing in the rain It's 2am and I'm cursing your name I'm so in love that I acted insane And that's the way I loved you Breaking down and coming undone It's a roller coaster kind of rush And I never knew I could feel that much And that's the way I loved you oh, oh [Outro] And that's the way I loved you oh, oh Never knew I could feel that much And that's the way I loved you"
Fearless,False,2008-11-11,11.0,Forever & Always,Taylor Swift,2008-11-11,0.605,0.829,10.0,-4.993,1.0,0.0549,0.0907,0.0,0.106,0.514,128.012,4.0,225333.0,False,A#,major,A# major,"[Verse 1] Once upon a time I believe it was a Tuesday when I caught your eye And we caught onto something I hold onto the night, you looked me in the eye and told me you loved me Were you just kidding? 'Cause it seems to me, this thing is breaking down We almost never speak I don't feel welcome anymore Baby, what happened? Please tell me 'Cause one second it was perfect, now you're halfway out the door [Chorus] And I stare at the phone, he still hasn't called And then you feel so low you can't feel nothing at all And you flashback to when he said forever and always Oh, and it rains in your bedroom Everything is wrong It rains when you're here and it rains when you're gone 'Cause I was there when you said forever and always [Verse 2] Was I out of line? Did I say something way too honest, made you run and hide Like a scared little boy? I looked into your eyes Thought I knew you for a minute, now I'm not so sure So here's to everything coming down to nothing Here's to silence that cuts me to the core Where is this going? Thought I knew for a minute, but I don't anymore [Chorus] And I stare at the phone, he still hasn't called And then you feel so low you can't feel nothing at all And you flashback to when he said forever and always Oh, and it rains in your bedroom Everything is wrong It rains when you're here and it rains when you're gone 'Cause I was there when you said forever and always You didn't mean it baby, I don't think so [Bridge] Oh, back up, baby, back up Did you forget everything? Back up, baby, back up Did you forget everything? [Chorus] 'Cause it rains in your bedroom Everything is wrong It rains when you're here and it rains when you're gone 'Cause I was there when you said forever and always Oh, I stare at the phone, he still hasn't called And then you feel so low you can't feel nothing at all And you flashback to when we said forever and always And  it rains in your bedroom Everything is wrong It rains when you're here and it rains when you're gone 'Cause I was there when you said forever and always You didn't mean it baby You said forever and always, yeah"
Fearless,False,2008-11-11,12.0,The Best Day,Taylor Swift,2008-11-11,0.664,0.447,1.0,-8.535,1.0,0.0292,0.611,1e-06,0.139,0.364,126.079,4.0,245347.0,False,C#,major,C# major,"[Verse 1] I'm five years old, it's getting cold, I've got my big coat on I hear your laugh and look up smiling at you, I run and run Past the pumpkin patch and the tractor rides Look now, the sky is gold I hug your legs and fall asleep on the way home [Chorus] I don't know why all the trees change in the fall But I know you're not scared of anything at all Don't know if Snow White's house is near or far away But I know I had the best day with you today [Verse 2] I'm thirteen now And don't know how my friends could be so mean I come home crying and you hold me tight and grab the keys And we drive and drive until we found a town far enough away And we talk and window shop 'til I've forgotten all their names [Chorus] I don't know who I'm going to talk to now at school But I know I'm laughing on the car ride home with you Don't know how long it's going to take to feel okay But I know I had the best day with you today [Bridge] I have an excellent father, his strength is making me stronger God smiles on my little brother, inside and out He's better than I am I grew up in a pretty house and I had space to run And I had the best days with you [Verse 3] There is a video I found from back when I was three You set up a paint set in the kitchen and you're talking to me It's the age of princesses and pirate ships and the seven dwarfs And Daddy's smart And you're the prettiest lady in the whole wide world [Chorus] And now I know why all the trees change in the fall I know you were on my side even when I was wrong And I love you for giving me your eyes For staying back and watching me shine And I didn't know if you knew, so I'm taking this chance to say That I had the best day with you today"
Fearless,False,2008-11-11,13.0,Change,Taylor Swift,2008-08-08,0.548,0.756,5.0,-4.175,1.0,0.036,0.00471,0.0,0.117,0.224,96.038,4.0,281053.0,False,F,major,F major,"[Verse 1] And it's a sad picture, the final blow hits you Somebody else gets what you wanted again and You know it's all the same, another time and place Repeating history and you're getting sick of it But I believe in whatever you do And I'll do anything to see it through [Chorus] Because these things will change Can you feel it now? These walls that they put up to hold us back will fall down This revolution, the time will come For us to finally win And we'll sing hallelujah, we'll sing hallelujah Oh, oh [Verse 2] So we've been outnumbered, raided, and now cornered It's hard to fight when the fight ain’t fair We're getting stronger now, finding things they never found They might be bigger but we're faster and never scared You can walk away, say we don't need this But there's something in your eyes says we can beat this [Chorus] 'Cause these things will change Can you feel it now? These walls that they put up to hold us back will fall down This revolution, the time will come For us to finally win And we'll sing hallelujah, we'll sing hallelujah Oh, oh [Bridge] Tonight we stand, get off our knees Fight for what we've worked for all these years And the battle was long, it's the fight of our lives But we'll stand up champions tonight [Chorus] It was the night things changed Can you see it now? These walls that they put up to hold us back fell down It's a revolution, throw your hands up 'Cause we never gave in And we'll sing hallelujah, we sang hallelujah Hallelujah"
Fearless,False,2008-11-11,14.0,Jump Then Fall,Taylor Swift,2009-10-26,0.618,0.687,2.0,-5.737,1.0,0.0271,0.111,0.0,0.0693,0.82,79.991,4.0,237067.0,False,D,major,D major,"[Verse 1] I like the way you sound in the morning We're on the phone and without a warning I realize your laugh is the best sound I have ever heard I like the way I can't keep my focus I watch you talk, you didn't notice I hear the words but all I can think is We should be together Every time you smile, I smile And every time you shine, I'll shine for you [Chorus] Whoa oh, I'm feeling you baby Don't be afraid to Jump then fall Jump then fall into me Baby, I'm never going to leave you Say that you want to be with me too So I'ma stay through it all So jump then fall [Verse 2] I like the way your hair falls in your face You got the keys to me I love each freckle on your face, oh I've never been so wrapped up, honey I like the way you're everything I ever wanted I had time to think it oh, over And all I can say is come closer Take a deep breath, then jump, then fall into me 'Cause every time you smile, I smile And every time you shine, I'll shine for you [Chorus] Whoa oh, I'm feeling you baby Don't be afraid to Jump then fall Jump then fall into me Baby, I'm never going to leave you Say that you want to be with me too So I'ma stay through it all So jump then fall [Bridge] The bottom's going to drop out from under our feet I'll catch you, I'll catch you And people say things that bring you to your knees I'll catch you The time is going to come when you're so mad you could cry But I'll hold you through the night until you smile Whoa oh, I need you baby Don't be afraid, please Jump then fall Jump then fall into me [Chorus] Be there, never going to leave you Say that you want to be with me too So I'ma stay through it all So jump then fall Jump then fall baby Jump then fall into me, into me [Outro] Every time you smile, I smile And every time you shine, I shine And every time you're here Baby I'll show you, I'll show you You can jump then fall, jump then fall Jump then fall into me, into me, yeah"
Fearless,False,2008-11-11,15.0,Untouchable,Taylor Swift,2009-10-26,0.419,0.454,5.0,-6.809,1.0,0.0335,0.0583,3.78e-06,0.0974,0.288,200.017,4.0,311040.0,False,F,major,F major,"[Verse 1] Untouchable like a distant diamond sky I'm reaching out and I just can't tell you why I'm caught up in you, I'm caught up in you [Pre-Chorus] Untouchable, burning brighter than the sun And when you're close, I feel like coming undone [Chorus] In the middle of the night when I'm in this dream It's like a million little stars spelling out your name You got to come on, come on, say that we'll be together Come on, come on, little taste of heaven [Verse 2] It's half full and I won't wait here all day I know you're saying that you'd be here anyway [Pre-Chorus] But you're untouchable, burning brighter than the sun Now that you're close, I feel like coming undone [Chorus] In the middle of the night when I'm in this dream It's like a million little stars spelling out your name You got to come on, come on, say that we'll be together Come on, come on, oh In the middle of the night waking from this dream I want to feel you by my side, standing next to me You got to come on, come on, say that we'll be together Come on, come on, little taste of heaven [Bridge] I'm caught up in you Oh, oh, oh [Pre-Chorus] But you're untouchable, burning brighter than the sun Now that you're close, I feel like coming undone [Chorus] In the middle of the night when I'm in this dream It's like a million little stars spelling out your name You got to come on, come on, say that we'll be together Come on, come on, oh In the middle of the night when I'm in this dream It's like a million little stars spelling out your name You got to come on, come on, say that we'll be together Come on, come on, oh In the middle of the night waking from this dream I want to feel you by my side, standing next to me You got to come on, come on, say that we'll be together Come on, come on, little taste of heaven And in the middle of the night when I'm in this dream It's like a million little stars spelling out your name You got to come on, come on, come on, come on Come on, come on, oh, oh, oh [Outro] Like a million little stars spelling out your name They're spelling out your name, oh"
Fearless,False,2008-11-11,16.0,Forever & Always (Piano Version),Taylor Swift,2009-10-26,0.592,0.16,9.0,-10.785,1.0,0.0347,0.852,0.0,0.116,0.294,118.929,4.0,267507.0,False,A,major,A major,"[Verse 1] Once upon a time I believe it was a Tuesday when I caught your eye And we caught onto something I hold onto the night, you looked me in the eye and told me you loved me Were you just kidding? 'Cause it seems to me, this thing is breaking down We almost never speak I don't feel welcome anymore Baby, what happened? Please tell me 'Cause one second it was perfect, now you're halfway out the door [Chorus] And I stare at the phone, he still hasn't called And then you feel so low you can't feel nothing at all And you flashback to when he said forever and always Oh, and it rains in your bedroom Everything is wrong It rains when you're here and it rains when you're gone 'Cause I was there when you said forever and always [Verse 2] Was I out of line? Did I say something way too honest, made you run and hide Like a scared little boy? I looked into your eyes Thought I knew you for a minute, now I'm not so sure So here's to everything coming down to nothing Here's to silence that cuts me to the core Where is this going? Thought I knew for a minute, but I don't anymore [Chorus] And I stare at the phone, he still hasn't called And then you feel so low you can't feel nothing at all And you flashback to when he said forever and always Oh, and it rains in your bedroom Everything is wrong It rains when you're here and it rains when you're gone 'Cause I was there when you said forever and always You didn't mean it baby, I don't think so [Bridge] Oh, back up, baby, back up Did you forget everything? Back up, baby, back up Did you forget everything? [Chorus] 'Cause it rains in your bedroom Everything is wrong It rains when you're here and it rains when you're gone 'Cause I was there when you said forever and always Oh, I stare at the phone, he still hasn't called And then you feel so low you can't feel nothing at all And you flashback to when we said forever and always And  it rains in your bedroom Everything is wrong It rains when you're here and it rains when you're gone 'Cause I was there when you said forever and always You didn't mean it baby You said forever and always, yeah"
Fearless,False,2008-11-11,17.0,Come In With The Rain,Taylor Swift,2009-10-26,0.527,0.475,2.0,-6.205,1.0,0.0258,0.0868,4.34e-06,0.248,0.224,143.962,4.0,238107.0,False,D,major,D major,"[Verse 1] I could go back to every laugh But I don't wanna go there anymore And I know all the steps up to your door But I don't wanna go there anymore [Pre-Chorus] Talk to the wind, talk to the sky Talk to the man with the reasons why And let me know what you find [Chorus] I’ll leave my window open ‘Cause I’m too tired at night to call your name Just know I’m right here hoping That you’ll come in with the rain [Verse 2] I could stand up and sing you a song But I don't wanna have to go that far And I, I’ve got you down, I know you by heart And you don’t even know where I start [Pre-Chorus] Talk to yourself, talk to the tears Talk to the man who put you here And don’t wait for the sky to clear [Chorus] I’ll leave my window open ‘Cause I’m too tired at night to call your name Just know I’m right here hoping That you’ll come in with the rain [Bridge] I’ve watched you so long, screamed your name I don’t know what else I can say [Chorus] But I’ll leave my window open 'Cause I’m too tired at night for all these games Just know I’m right here hoping That you’ll come in with the rain [Outro] I could go back to every laugh But I don’t want to go there anymore"
Fearless,False,2008-11-11,18.0,SuperStar,Taylor Swift,2009-10-26,0.61,0.531,2.0,-6.123,1.0,0.0239,0.367,0.0,0.351,0.228,85.979,4.0,261453.0,False,D,major,D major,"[Verse 1] This is wrong but I can't help but feel like There ain’t nothing more right babe Misty morning comes again and I can't Help but wish I could see your face And I knew from the first note played I'd be breaking all my rules to see you You smile that beautiful smile and all the girls in the front row Scream your name [Chorus] So dim that spotlight, tell me things like I can't take my eyes off of you I'm no one special, just another wide-eyed girl Who's desperately in love with you Give me a photograph to hang on my wall, superstar [Verse 2] Good morning loneliness Comes around when I'm not dreaming about you When my world wakes up today You'll be in another town And I knew when I saw your face I'd be counting down the ways to see you You smile that beautiful smile and all the girls in the front row Scream your name [Chorus] So dim that spotlight, tell me things like I can't take my eyes off of you I'm no one special, just another wide-eyed girl Who's desperately in love with you Give me a photograph to hang on my wall, superstar [Bridge] You played in bars, you play guitar And I'm invisible and everyone knows who you are And you'll never see, you sing me to sleep Every night from the radio [Chorus] So dim that spotlight, tell me things like I can't take my eyes off of you I'm no one special, just another wide-eyed girl Who's desperately in love with you Give me a photograph to hang on my wall, superstar [Outro] Sweet, sweet superstar Superstar"
Fearless,False,2008-11-11,19.0,The Other Side Of The Door,Taylor Swift,2009-10-26,0.476,0.816,4.0,-4.279,1.0,0.0347,0.169,0.0,0.238,0.469,163.847,4.0,237600.0,False,E,major,E major,"[Verse 1] In the heat of the fight I walked away Ignoring words that you were saying Trying to make me stay I said, ""This time I've had enough"" And you've called a hundred times But I'm not picking up 'Cause I'm so mad I might tell you that it's over But if you look a little closer [Chorus] I said, ""Leave,"" but all I really want is you To stand outside my window throwing pebbles Screaming, ""I'm in love with you"" Wait there in the pouring rain Come back for more And don't you leave 'cause I know All I need is on the other side of the door [Verse 2] Me and my stupid pride are sitting here alone Going through the photographs, staring at the phone I keep going back over things we both said And I remember the slamming door And all the things that I misread So babe if you know everything Tell me why you couldn't see When I left, I wanted you to chase after me [Chorus] Yeah, I said, ""Leave,"" but all I really want is you To stand outside my window throwing pebbles Screaming, ""I'm in love with you"" Wait there in the pouring rain Come back for more And don't you leave 'cause I know All I need is on the other side of the door [Bridge] And I'll scream out the window I can't even look at you I don't need you but I do, I do, I do I say, ""There's nothing you can say To make this right again, I mean it, I mean it"" What I mean is [Chorus] I said, ""Leave,"" but baby all I want is you To stand outside my window throwing pebbles Screaming, ""I'm in love with you"" Wait there in the pouring rain Come back for more And don't you leave 'cause I know All I need is on the other side of the door [Outro] With your face and the beautiful eyes And the conversation with the little white lies And the faded picture of a beautiful night You carried me from your car up the stairs And I broke down crying, was she worth this mess? After everything and that little black dress After everything I must confess, I need you"
Fearless (Taylor's Version),False,2021-04-09,1.0,Fearless (Taylor's Version),Taylor Swift,2021-04-09,0.569,0.741,5.0,-4.963,1.0,0.0282,0.0122,0.0,0.333,0.43,100.118,4.0,241592.0,False,F,major,F major,"[Verse 1] There's something 'bout the way the street looks when it's just rained There's a glow off the pavement, you walk me to the car And you know I wanna ask you to dance right there In the middle of the parking lot, yeah Oh, yeah We're driving down the road, I wonder if you know I'm trying so hard not to get caught up now But you're just so cool, run your hands through your hair Absentmindedly making me want you [Chorus] And I don't know how it gets better than this You take my hand and drag me head first, fearless And I don't know why but with you I'd dance In a storm in my best dress, fearless [Verse 2] So, baby, drive slow 'til we run out of road in this one horse town I wanna stay right here, in this passenger's seat You put your eyes on me In this moment now, capture it, remember it [Chorus] 'Cause I don't know how it gets better than this You take my hand and drag me head first, fearless And I don't know why but with you I'd dance In a storm in my best dress, fearless [Bridge] Well, you stood there with me in the doorway My hands shake, I'm not usually this way but You pull me in and I'm a little more brave It's the first kiss, it's flawless, really something It's fearless Oh, yeah [Chorus] 'Cause I don't know how it gets better than this You take my hand and drag me head first, fearless And I don't know why but with you I'd dance In a storm in my best dress, fearless [Chorus] 'Cause I don't know how it gets better than this You take my hand and drag me head first, fearless And I don't know why but with you I'd dance In a storm in my best dress, fearless [Outro] Oh, oh Oh, yeah"
Fearless (Taylor's Version),False,2021-04-09,2.0,Fifteen (Taylor's Version),Taylor Swift,2021-04-09,0.559,0.646,7.0,-4.61,1.0,0.0272,0.116,0.0,0.32,0.289,95.466,4.0,294419.0,False,G,major,G major,"[Verse 1] You take a deep breath and you walk through the doors It's the morning of your very first day You say hi to your friends you ain't seen in a while Try and stay out of everybody's way It's your freshman year and you're gonna be here For the next four years in this town Hoping one of those senior boys will wink at you and say ""You know, I haven't seen you around before"" [Chorus] 'Cause when you're fifteen and somebody tells you they love you You're gonna believe them And when you're fifteen feeling like there's nothing to figure out Well, count to ten, take it in This is life before you know who you're gonna be Fifteen [Verse 2] You sit in class next to a redhead named Abigail And soon enough you're best friends Laughing at the other girls who think they're so cool We'll be outta here as soon as we can And then you're on your very first date and he's got a car And you're feeling like flying And your momma's waiting up and you're thinking he's the one And you're dancing 'round your room when the night ends When the night ends [Chorus] 'Cause when you're fifteen and somebody tells you they love you You're gonna believe them And when you're fifteen and your first kiss Makes your head spin 'round But in your life you'll do things greater than Dating the boy on the football team But I didn't know it at fifteen [Bridge] When all you wanted was to be wanted Wish you could go back and tell yourself what you know now Back then I swore I was gonna marry him someday But I realized some bigger dreams of mine And Abigail gave everything she had to a boy Who changed his mind and we both cried [Chorus] 'Cause when you're fifteen and somebody tells you they love you You're gonna believe them And when you're fifteen, don't forget to look before you fall I've found time can heal most anything And you just might find who you're supposed to be I didn't know who I was supposed to be at fifteen La la la la la la la la la la La la la la la la la la la la La la la la la la [Outro] Your very first day Take a deep breath, girl Take a deep breath as you walk through the doors"
Fearless (Taylor's Version),False,2021-04-09,3.0,Love Story (Taylor's Version),Taylor Swift,2021-02-12,0.627,0.792,2.0,-4.311,1.0,0.031,0.13,3.97e-06,0.0845,0.415,119.054,4.0,235767.0,False,D,major,D major,"[Verse 1] We were both young when I first saw you I close my eyes, and the flashback starts I'm standing there On a balcony in summer air See the lights, see the party, the ball gowns See you make your way through the crowd And say, ""hello"" Little did I know [Pre-Chorus 1] That you were Romeo, you were throwing pebbles And my daddy said, ""stay away from Juliet"" And I was crying on the staircase Begging you, ""please don't go,"" and I said [Chorus 1] Romeo, take me somewhere we can be alone I'll be waiting, all there's left to do is run You'll be the prince and I'll be the princess It's a love story, baby, just say ""yes"" [Verse 2] So I sneak out to the garden to see you We keep quiet, 'cause we're dead if they knew So close your eyes Escape this town for a little while [Pre-Chorus 2] 'Cause you were Romeo, I was a scarlet letter And my daddy said, ""Stay away from Juliet"" But you were everything to me I was begging you please don't go, and I said [Chorus 2] Romeo, take me somewhere we can be alone I'll be waiting, all there's left to do is run You'll be the prince and I'll be the princess It's a love story baby just say ""yes"" Romeo, save me, they're trying to tell me how to feel This love is difficult, but it's real Don't be afraid, we'll make it out of this mess It's a love story baby just say ""yes"" Oh, oh [Bridge] I got tired of waiting Wondering if you were ever coming around My faith in you was fading When I met you on the outskirts of town And I said: ""Romeo, save me, I've been feeling so alone I keep waiting for you but you never come Is this in my head? I don't know what to think"" He knelt to the ground and pulled out a ring, and said [Chorus 3] Marry me Juliet You'll never have to be alone I love you and that's all I really know I talked to your dad, go pick out a white dress It's a love story, baby, just say 'yes'"" [Outro] Oh, oh Oh, oh 'Cause we were both young when I first saw you"
Fearless (Taylor's Version),False,2021-04-09,4.0,Hey Stephen (Taylor's Version),Taylor Swift,2021-04-09,0.788,0.571,6.0,-6.135,1.0,0.0296,0.106,0.0,0.0934,0.797,115.99,4.0,254255.0,False,F#,major,F# major,"[Verse 1] Hey Stephen, I know looks can be deceiving But I know I saw a light in you And as we walked we were talking I didn't say half the things I wanted to Of all the girls tossing rocks at your window I'll be the one waiting there even when it's cold Hey Stephen, boy, you might have me believing I don't always have to be alone [Chorus] 'Cause I can't help it if you look like an angel Can't help it if I wanna kiss you in the rain so Come feel this magic I've been feeling since I met you Can't help it if there's no one else Mmm, I can't help myself [Verse 2] Hey Stephen, I've been holding back this feeling So I got some things to say to you I've seen it all, so I thought But I never seen nobody shine the way you do The way you walk, way you talk, way you say my name It's beautiful, wonderful, don't you ever change Hey Stephen, why are people always leaving? I think you and I should stay the same [Chorus] 'Cause I can't help it if you look like an angel Can't help it if I wanna kiss you in the rain so Come feel this magic I've been feeling since I met you Can't help it if there's no one else Mmm, I can't help myself [Bridge] They're dimming the street lights, you're perfect for me Why aren't you here tonight? I'm waiting alone now, so come on and come out And pull me near and shine, shine, shine Hey Stephen, I could give you fifty reasons Why I should be the one you choose All those other girls, well, they're beautiful But would they write a song for you? [Chorus] I can't help it if you look like an angel Can't help it if I wanna kiss you in the rain so Come feel this magic I've been feeling since I met you Can't help it if there's no one else Mmm, I can't help myself If you look like an angel Can't help it if I wanna kiss you in the rain so Come feel this magic I've been feeling since I met you Can't help it if there's no one else Mmm, I can't help myself [Outro] Myself Can't help myself I can't help myself"
Fearless (Taylor's Version),False,2021-04-09,5.0,White Horse (Taylor's Version),Taylor Swift,2021-04-09,0.423,0.517,0.0,-7.377,1.0,0.0486,0.369,0.0,0.177,0.366,185.262,4.0,234516.0,False,C,major,C major,"[Verse 1] Say you're sorry, that face of an angel Comes out just when you need it to As I paced back and forth all this time 'Cause I honestly believed in you Holdin' on, the days drag on Stupid girl, I shoulda known, I shoulda known [Chorus] That I'm not a princess, this ain't a fairytale I'm not the one you'll sweep off her feet, lead her up the stairwell This ain't Hollywood, this is a small town I was a dreamer before you went and let me down Now it's too late for you and your white horse To come around [Verse 2] Maybe I was naive, got lost in your eyes And never really had a chance My mistake, I didn't know to be in love You had to fight to have the upper hand I had so many dreams about you and me Happy endings, now I know [Chorus] That I'm not a princess, this ain't a fairytale I'm not the one you'll sweep off her feet, lead her up the stairwell This ain't Hollywood, this is a small town I was a dreamer before you went and let me down Now it's too late for you and your white horse To come around [Bridge] And there you are on your knees Beggin' for forgiveness, beggin' for me Just like I always wanted But I'm so sorry [Chorus] 'Cause I'm not your princess, this ain't our fairytale I'm gonna find someone someday Who might actually treat me well This is a big world, that was a small town There in my rear view mirror disappearing now And it's too late for you and your white horse Now it's too late for you and your white horse To catch me now [Outro] Oh, whoa, whoa, whoa Try and catch me now, oh It's too late to catch me now"
Fearless (Taylor's Version),False,2021-04-09,6.0,You Belong With Me (Taylor's Version),Taylor Swift,2021-04-09,0.632,0.773,6.0,-4.856,1.0,0.0346,0.0623,0.0,0.0885,0.474,130.033,4.0,231124.0,False,F#,major,F# major,"[Verse 1] You're on the phone with your girlfriend, she's upset She's going off about something that you said 'Cause she doesn't get your humor like I do I'm in the room, it's a typical Tuesday night I'm listening to the kind of music she doesn't like And she'll never know your story like I do [Pre-Chorus] But she wears short skirts, I wear T-shirts She's Cheer Captain and I'm on the bleachers Dreaming about the day when you wake up and find That what you're looking for has been here the whole time [Chorus] If you could see that I'm the one who understands you Been here all along, so why can't you see? You belong with me, you belong with me [Verse 2] Walking the streets with you and your worn-out jeans I can't help thinking this is how it ought to be Laughing on a park bench, thinking to myself Hey, isn't this easy? And you've got a smile that could light up this whole town I haven't seen it in a while since she brought you down You say you're fine, I know you better than that Hey, whatcha doing with a girl like that? [Pre-Chorus] She wears high heels, I wear sneakers She's Cheer Captain and I'm on the bleachers Dreaming about the day when you wake up and find That what you're looking for has been here the whole time [Chorus] If you could see that I'm the one who understands you Been here all along, so why can't you see? You belong with me Standing by and waiting at your back door All this time how could you not know, baby? You belong with me, you belong with me [Bridge] Oh, I remember you driving to my house In the middle of the night I'm the one who makes you laugh When you know you're 'bout to cry And I know your favorite songs And you tell me 'bout your dreams Think I know where you belong Think I know it's with me [Chorus] Can't you see that I'm the one who understands you Been here all along, so why can't you see? You belong with me Standing by and waiting at your back door All this time how could you not know, baby? You belong with me, you belong with me [Outro] You belong with me Have you ever thought just maybe You belong with me? You belong with me"
Fearless (Taylor's Version),False,2021-04-09,7.0,Breathe (Taylor's Version),Taylor Swift,2021-04-09,0.506,0.626,1.0,-6.066,1.0,0.0287,0.156,0.0,0.228,0.321,148.035,4.0,263377.0,False,C#,major,C# major,"[Verse 1] I see your face in my mind as I drive away 'Cause none of us thought it was gonna end that way People are people and sometimes we change our minds But it's killing me to see you go after all this time [Verse 2] Music starts playing like the end of a sad movie It's the kind of ending you don't really wanna see 'Cause it's tragedy and it'll only bring you down Now I don't know what to be without you around [Pre-Chorus] And we know it's never simple, never easy Never a clean break, no one here to save me You're the only thing I know like the back of my hand [Chorus] And I can't breathe without you, but I have to Breathe without you but I have to [Verse 3] Never wanted this, never wanna see you hurt Every little bump in the road I tried to swerve But people are people and sometimes it doesn't work out Nothing we say is gonna save us from the fall out [Pre-Chorus] And we know it's never simple, never easy Never a clean break, no one here to save me You're the only thing I know like the back of my hand [Chorus] And I can't breathe without you but I have to Breathe without you but I have to [Bridge] It's 2 A.M, feeling like I just lost a friend Hope you know it's not easy, easy for me It's 2 A.M, feeling like I just lost a friend Hope you know this ain't easy, easy for me [Pre-Chorus] And we know it's never simple, never easy Never a clean break, no one here to save me, oh [Chorus] I can't breathe without you but I have to Breathe without you but I have to Breathe without you but I have to [Outro] I'm sorry, I'm sorry I'm sorry, (Yeah eh) I'm sorry I'm sorry, I'm sorry I'm sorry"
Fearless (Taylor's Version),False,2021-04-09,8.0,Tell Me Why (Taylor's Version),Taylor Swift,2021-04-09,0.578,0.909,7.0,-3.669,1.0,0.0628,0.0222,0.0,0.333,0.541,100.023,4.0,200576.0,False,G,major,G major,"[Verse 1] I took a chance, I took a shot And you might think I'm bulletproof, but I'm not You took a swing, I took it hard And down here from the ground I see who you are [Chorus] I'm sick and tired of your attitude I'm feeling like I don't know you You tell me that you love me, then cut me down And I need you like a heartbeat But you know you got a mean streak That makes me run for cover when you're around And here's to you and your temper Yes, I remember what you said last night And I know, that you see, what you're doing to me Tell me why [Verse 2] You could write a book on how to ruin someone's perfect day Well, I get so confused and frustrated Forget what I'm trying to say, oh [Chorus] I'm sick and tired of your reasons I got no one to believe in You tell me that you want me, then push me around And I need you like a heartbeat But you know you got a mean streak That makes me run for cover when you're around Here's to you and your temper Yes, I remember what you said last night And I know, that you see, what you're doing to me Tell me why [Bridge] Why do you have to make me feel small So you can feel whole inside? Why do you have to put down my dreams So you're the only thing on my mind? [Chorus] I'm sick and tired of your attitude I'm feeling like I don't know you You tell me that you want me, then cut me down I'm sick and tired of your reasons I've got no one to believe in You ask me for my love, then you push me around Here's to you and your temper Yes, I remember what you said last night And I know that you see what you're doing to me Tell me why (why) Tell me why (why) [Outro] I take a step back, let you go I told you I'm not bulletproof Now you know"
Fearless (Taylor's Version),False,2021-04-09,9.0,You're Not Sorry (Taylor's Version),Taylor Swift,2021-04-09,0.506,0.444,6.0,-4.99,1.0,0.0285,0.0538,0.0,0.123,0.241,133.873,4.0,261843.0,False,F#,major,F# major,"[Verse 1] All this time I was wasting hoping you would come around I've been giving out chances every time and all you do is let me down And it's taken me this long, baby, but I've figured you out And you're thinking we'll be fine again, but not this time around [Chorus] You don't have to call anymore I won't pick up the phone This is the last straw Don't wanna hurt anymore And you can tell me that you're sorry But I don't believe you baby like I did before You're not sorry (No no no no) [Verse 2] You're looking so innocent, I might believe you if I didn't know Could've loved you all my life if you hadn't left me waiting in the cold And you've got your share of secrets And I'm tired of being last to know And now you're asking me to listen 'cause it's worked each time before [Chorus] But you don't have to call anymore I won't pick up the phone This is the last straw Don't wanna hurt anymore And you can tell me that you're sorry But I don't believe you baby like I did before You're not sorry (No no no no) You're not sorry (No no no no) [Bridge] You had me crawling for you, honey and it never would have gone away, no You used to shine so bright, but I watched all of it fade [Chorus] So you don't have to call anymore I won't pick up the phone This is the last straw There's nothing left to beg for And you can tell me that you're sorry But I don't believe you baby like I did before You're not sorry (No no no no) You're not sorry (No no no no) (No, no, no...)"
Fearless (Taylor's Version),False,2021-04-09,10.0,The Way I Loved You (Taylor's Version),Taylor Swift,2021-04-09,0.402,0.732,5.0,-4.665,1.0,0.0484,0.0033,0.0,0.108,0.472,161.032,4.0,243137.0,False,F,major,F major,"[Verse 1] He is sensible and so incredible And all my single friends are jealous He says everything I need to hear and it's like I couldn't ask for anything better He opens up my door and I get into his car And he says you look beautiful tonight And I feel perfectly fine [Chorus] But I miss screaming and fighting and kissing in the rain And it's 2am and I'm cursing your name You're so in love that you act insane And that's the way I loved you Breaking down and coming undone It's a roller coaster kind of rush And I never knew I could feel that much And that's the way I loved you [Verse 2] He respects my space And never makes me wait And he calls exactly when he says he will He's close to my mother Talks business with my father He's charming and endearing And I'm comfortable [Chorus] But I miss screaming and fighting and kissing in the rain It's 2am and I'm cursing your name You're so in love that you acted insane And that's the way I loved you Breaking down and coming undone It's a roller coaster kind of rush And I never knew I could feel that much And that's the way I loved you [Bridge] He can't see the smile I'm faking And my heart's not breaking 'Cause I'm not feeling anything at all And you were wild and crazy Just so frustrating Intoxicating, complicated Got away by some mistake and now [Chorus] I miss screaming and fighting and kissing in the rain It's 2am and I'm cursing your name I'm so in love that I acted insane And that's the way I loved you Breaking down and coming undone It's a roller coaster kind of rush And I never knew I could feel that much And that's the way I loved you oh, oh [Outro] And that's the way I loved you oh, oh Never knew I could feel that much And that's the way I loved you"
Fearless (Taylor's Version),False,2021-04-09,11.0,Forever & Always (Taylor's Version),Taylor Swift,2021-04-09,0.598,0.821,10.0,-4.433,1.0,0.0447,0.0231,0.0,0.143,0.673,128.03,4.0,225328.0,False,A#,major,A# major,"[Verse 1] Once upon a time I believe it was a Tuesday when I caught your eye And we caught onto something I hold onto the night, you looked me in the eye and told me you loved me Were you just kidding? 'Cause it seems to me, this thing is breaking down We almost never speak I don't feel welcome anymore Baby, what happened? Please tell me 'Cause one second it was perfect, now you're halfway out the door [Chorus] And I stare at the phone, he still hasn't called And then you feel so low you can't feel nothing at all And you flashback to when he said forever and always Oh, and it rains in your bedroom Everything is wrong It rains when you're here and it rains when you're gone 'Cause I was there when you said forever and always [Verse 2] Was I out of line? Did I say something way too honest, made you run and hide Like a scared little boy? I looked into your eyes Thought I knew you for a minute, now I'm not so sure So here's to everything coming down to nothing Here's to silence that cuts me to the core Where is this going? Thought I knew for a minute, but I don't anymore [Chorus] And I stare at the phone, he still hasn't called And then you feel so low you can't feel nothing at all And you flashback to when he said forever and always Oh, and it rains in your bedroom Everything is wrong It rains when you're here and it rains when you're gone 'Cause I was there when you said forever and always You didn't mean it baby, I don't think so [Bridge] Oh, back up, baby, back up Did you forget everything? Back up, baby, back up Did you forget everything? [Chorus] 'Cause it rains in your bedroom Everything is wrong It rains when you're here and it rains when you're gone 'Cause I was there when you said forever and always Oh, I stare at the phone, he still hasn't called And then you feel so low you can't feel nothing at all And you flashback to when we said forever and always And  it rains in your bedroom Everything is wrong It rains when you're here and it rains when you're gone 'Cause I was there when you said forever and always You didn't mean it baby You said forever and always, yeah"
Fearless (Taylor's Version),False,2021-04-09,12.0,The Best Day (Taylor's Version),Taylor Swift,2021-04-09,0.642,0.576,1.0,-8.524,1.0,0.0282,0.488,0.0,0.159,0.469,125.0,4.0,245290.0,False,C#,major,C# major,"[Verse 1] I'm five years old, it's getting cold, I've got my big coat on I hear your laugh and look up smiling at you, I run and run Past the pumpkin patch and the tractor rides Look now, the sky is gold I hug your legs and fall asleep on the way home [Chorus] I don't know why all the trees change in the fall But I know you're not scared of anything at all Don't know if Snow White's house is near or far away But I know I had the best day with you today [Verse 2] I'm thirteen now And don't know how my friends could be so mean I come home crying and you hold me tight and grab the keys And we drive and drive until we found a town far enough away And we talk and window shop 'til I've forgotten all their names [Chorus] I don't know who I'm going to talk to now at school But I know I'm laughing on the car ride home with you Don't know how long it's going to take to feel okay But I know I had the best day with you today [Bridge] I have an excellent father, his strength is making me stronger God smiles on my little brother, inside and out He's better than I am I grew up in a pretty house and I had space to run And I had the best days with you [Verse 3] There is a video I found from back when I was three You set up a paint set in the kitchen and you're talking to me It's the age of princesses and pirate ships and the seven dwarfs And Daddy's smart And you're the prettiest lady in the whole wide world [Chorus] And now I know why all the trees change in the fall I know you were on my side even when I was wrong And I love you for giving me your eyes For staying back and watching me shine And I didn't know if you knew, so I'm taking this chance to say That I had the best day with you today"
Fearless (Taylor's Version),False,2021-04-09,13.0,Change (Taylor's Version),Taylor Swift,2021-04-09,0.499,0.815,5.0,-4.063,1.0,0.0341,0.000191,0.0,0.181,0.344,95.999,4.0,279360.0,False,F,major,F major,"[Verse 1] And it's a sad picture, the final blow hits you Somebody else gets what you wanted again and You know it's all the same, another time and place Repeating history and you're getting sick of it But I believe in whatever you do And I'll do anything to see it through [Chorus] Because these things will change Can you feel it now? These walls that they put up to hold us back will fall down This revolution, the time will come For us to finally win And we'll sing hallelujah, we'll sing hallelujah Oh, oh [Verse 2] So we've been outnumbered, raided, and now cornered It's hard to fight when the fight ain’t fair We're getting stronger now, finding things they never found They might be bigger but we're faster and never scared You can walk away, say we don't need this But there's something in your eyes says we can beat this [Chorus] 'Cause these things will change Can you feel it now? These walls that they put up to hold us back will fall down This revolution, the time will come For us to finally win And we'll sing hallelujah, we'll sing hallelujah Oh, oh [Bridge] Tonight we stand, get off our knees Fight for what we've worked for all these years And the battle was long, it's the fight of our lives But we'll stand up champions tonight [Chorus] It was the night things changed Can you see it now? These walls that they put up to hold us back fell down It's a revolution, throw your hands up 'Cause we never gave in And we'll sing hallelujah, we sang hallelujah Hallelujah"
Fearless (Taylor's Version),False,2021-04-09,14.0,Jump Then Fall (Taylor's Version),Taylor Swift,2021-04-09,0.572,0.69,2.0,-6.201,1.0,0.0358,0.0474,0.0,0.0897,0.624,160.111,4.0,237580.0,False,D,major,D major,"[Verse 1] I like the way you sound in the morning We're on the phone and without a warning I realize your laugh is the best sound I have ever heard I like the way I can't keep my focus I watch you talk, you didn't notice I hear the words but all I can think is We should be together Every time you smile, I smile And every time you shine, I'll shine for you [Chorus] Whoa oh, I'm feeling you baby Don't be afraid to Jump then fall Jump then fall into me Baby, I'm never going to leave you Say that you want to be with me too So I'ma stay through it all So jump then fall [Verse 2] I like the way your hair falls in your face You got the keys to me I love each freckle on your face, oh I've never been so wrapped up, honey I like the way you're everything I ever wanted I had time to think it oh, over And all I can say is come closer Take a deep breath, then jump, then fall into me 'Cause every time you smile, I smile And every time you shine, I'll shine for you [Chorus] Whoa oh, I'm feeling you baby Don't be afraid to Jump then fall Jump then fall into me Baby, I'm never going to leave you Say that you want to be with me too So I'ma stay through it all So jump then fall [Bridge] The bottom's going to drop out from under our feet I'll catch you, I'll catch you And people say things that bring you to your knees I'll catch you The time is going to come when you're so mad you could cry But I'll hold you through the night until you smile Whoa oh, I need you baby Don't be afraid, please Jump then fall Jump then fall into me [Chorus] Be there, never going to leave you Say that you want to be with me too So I'ma stay through it all So jump then fall Jump then fall baby Jump then fall into me, into me [Outro] Every time you smile, I smile And every time you shine, I shine And every time you're here Baby I'll show you, I'll show you You can jump then fall, jump then fall Jump then fall into me, into me, yeah"
Fearless (Taylor's Version),False,2021-04-09,15.0,Untouchable (Taylor's Version),Taylor Swift,2021-04-09,0.393,0.531,5.0,-6.112,1.0,0.0329,0.0181,0.0,0.169,0.224,200.391,4.0,312107.0,False,F,major,F major,"[Verse 1] Untouchable like a distant diamond sky I'm reaching out and I just can't tell you why I'm caught up in you, I'm caught up in you [Pre-Chorus] Untouchable, burning brighter than the sun And when you're close, I feel like coming undone [Chorus] In the middle of the night when I'm in this dream It's like a million little stars spelling out your name You got to come on, come on, say that we'll be together Come on, come on, little taste of heaven [Verse 2] It's half full and I won't wait here all day I know you're saying that you'd be here anyway [Pre-Chorus] But you're untouchable, burning brighter than the sun Now that you're close, I feel like coming undone [Chorus] In the middle of the night when I'm in this dream It's like a million little stars spelling out your name You got to come on, come on, say that we'll be together Come on, come on, oh In the middle of the night waking from this dream I want to feel you by my side, standing next to me You got to come on, come on, say that we'll be together Come on, come on, little taste of heaven [Bridge] I'm caught up in you Oh, oh, oh [Pre-Chorus] But you're untouchable, burning brighter than the sun Now that you're close, I feel like coming undone [Chorus] In the middle of the night when I'm in this dream It's like a million little stars spelling out your name You got to come on, come on, say that we'll be together Come on, come on, oh In the middle of the night when I'm in this dream It's like a million little stars spelling out your name You got to come on, come on, say that we'll be together Come on, come on, oh In the middle of the night waking from this dream I want to feel you by my side, standing next to me You got to come on, come on, say that we'll be together Come on, come on, little taste of heaven And in the middle of the night when I'm in this dream It's like a million little stars spelling out your name You got to come on, come on, come on, come on Come on, come on, oh, oh, oh [Outro] Like a million little stars spelling out your name They're spelling out your name, oh"
Fearless (Taylor's Version),False,2021-04-09,17.0,Come In With The Rain (Taylor's Version),Taylor Swift,2021-04-09,0.476,0.564,2.0,-5.677,1.0,0.0269,0.0406,0.0,0.102,0.167,143.929,4.0,237339.0,False,D,major,D major,"[Verse 1] I could go back to every laugh But I don't wanna go there anymore And I know all the steps up to your door But I don't wanna go there anymore [Pre-Chorus] Talk to the wind, talk to the sky Talk to the man with the reasons why And let me know what you find [Chorus] I’ll leave my window open ‘Cause I’m too tired at night to call your name Just know I’m right here hoping That you’ll come in with the rain [Verse 2] I could stand up and sing you a song But I don't wanna have to go that far And I, I’ve got you down, I know you by heart And you don’t even know where I start [Pre-Chorus] Talk to yourself, talk to the tears Talk to the man who put you here And don’t wait for the sky to clear [Chorus] I’ll leave my window open ‘Cause I’m too tired at night to call your name Just know I’m right here hoping That you’ll come in with the rain [Bridge] I’ve watched you so long, screamed your name I don’t know what else I can say [Chorus] But I’ll leave my window open 'Cause I’m too tired at night for all these games Just know I’m right here hoping That you’ll come in with the rain [Outro] I could go back to every laugh But I don’t want to go there anymore"
Fearless (Taylor's Version),False,2021-04-09,18.0,SuperStar (Taylor's Version),Taylor Swift,2021-04-09,0.454,0.555,2.0,-6.69,1.0,0.0283,0.157,0.0,0.343,0.171,171.862,4.0,263865.0,False,D,major,D major,"[Verse 1] This is wrong but I can't help but feel like There ain’t nothing more right babe Misty morning comes again and I can't Help but wish I could see your face And I knew from the first note played I'd be breaking all my rules to see you You smile that beautiful smile and all the girls in the front row Scream your name [Chorus] So dim that spotlight, tell me things like I can't take my eyes off of you I'm no one special, just another wide-eyed girl Who's desperately in love with you Give me a photograph to hang on my wall, superstar [Verse 2] Good morning loneliness Comes around when I'm not dreaming about you When my world wakes up today You'll be in another town And I knew when I saw your face I'd be counting down the ways to see you You smile that beautiful smile and all the girls in the front row Scream your name [Chorus] So dim that spotlight, tell me things like I can't take my eyes off of you I'm no one special, just another wide-eyed girl Who's desperately in love with you Give me a photograph to hang on my wall, superstar [Bridge] You played in bars, you play guitar And I'm invisible and everyone knows who you are And you'll never see, you sing me to sleep Every night from the radio [Chorus] So dim that spotlight, tell me things like I can't take my eyes off of you I'm no one special, just another wide-eyed girl Who's desperately in love with you Give me a photograph to hang on my wall, superstar [Outro] Sweet, sweet superstar Superstar"
Fearless (Taylor's Version),False,2021-04-09,19.0,The Other Side Of The Door (Taylor's Version),Taylor Swift,2021-04-09,0.432,0.873,4.0,-4.367,1.0,0.0577,0.0279,0.0,0.167,0.629,163.936,4.0,238444.0,False,E,major,E major,"[Verse 1] In the heat of the fight I walked away Ignoring words that you were saying Trying to make me stay I said, ""This time I've had enough"" And you've called a hundred times But I'm not picking up 'Cause I'm so mad I might tell you that it's over But if you look a little closer [Chorus] I said, ""Leave,"" but all I really want is you To stand outside my window throwing pebbles Screaming, ""I'm in love with you"" Wait there in the pouring rain Come back for more And don't you leave 'cause I know All I need is on the other side of the door [Verse 2] Me and my stupid pride are sitting here alone Going through the photographs, staring at the phone I keep going back over things we both said And I remember the slamming door And all the things that I misread So babe if you know everything Tell me why you couldn't see When I left, I wanted you to chase after me [Chorus] Yeah, I said, ""Leave,"" but all I really want is you To stand outside my window throwing pebbles Screaming, ""I'm in love with you"" Wait there in the pouring rain Come back for more And don't you leave 'cause I know All I need is on the other side of the door [Bridge] And I'll scream out the window I can't even look at you I don't need you but I do, I do, I do I say, ""There's nothing you can say To make this right again, I mean it, I mean it"" What I mean is [Chorus] I said, ""Leave,"" but baby all I want is you To stand outside my window throwing pebbles Screaming, ""I'm in love with you"" Wait there in the pouring rain Come back for more And don't you leave 'cause I know All I need is on the other side of the door [Outro] With your face and the beautiful eyes And the conversation with the little white lies And the faded picture of a beautiful night You carried me from your car up the stairs And I broke down crying, was she worth this mess? After everything and that little black dress After everything I must confess, I need you"
Speak Now,False,2010-10-25,1.0,Mine,Taylor Swift,2010-08-04,0.624,0.757,7.0,-2.94,1.0,0.0296,0.00265,1.87e-06,0.189,0.658,121.07,4.0,230707.0,False,G,major,G major,"[Verse 1] You were in college, working part-time, waiting tables Left a small town and never looked back I was a flight risk, with a fear of falling Wondering why we bother with love, if it never lasts [Pre-Chorus 1] I say, ""Can you believe it?"" As we're lying on the couch The moment, I could see it Yes, yes, I can see it now [Chorus] Do you remember, we were sitting there, by the water? You put your arm around me for the first time You made a rebel of a careless man's careful daughter You are the best thing that's ever been mine [Verse 2] Flash forward, and we're taking on the world together And there's a drawer of my things at your place You learn my secrets and figure out why I'm guarded You say we'll never make my parents' mistakes [Pre-Chorus 2] But we got bills to pay We got nothing figured out When it was hard to take Yes, yes This is what I thought about: [Chorus] Do you remember, we were sitting there, by the water? You put your arm around me for the first time You made a rebel of a careless man's careful daughter You are the best thing that's ever been mine Do you remember all the city lights on the water? You saw me start to believe for the first time You made a rebel of a careless man's careful daughter You are the best thing that's ever been mine [Bridge] And I remember that fight, 2:30 AM As everything was slipping right out of our hands I ran out, crying, and you followed me out into the street Braced myself for the goodbye 'Cause that's all I've ever known Then, you took me by surprise You said, ""I'll never leave you alone."" [Chorus 2] You said, ""I remember how we felt, sitting by the water And every time I look at you, it's like the first time I fell in love with a careless man's careful daughter She is the best thing that's ever been mine"" Hold on, make it last Hold on, never turn back You made a rebel of a careless man's careful daughter You are the best thing that's ever been mine [Outro] Yeah, yeah Do you believe it? (Hold on) We're gonna make it now (Hold on) And I can see it Yeah, yeah I can see it now (See it now)"
Speak Now,False,2010-10-25,2.0,Sparks Fly,Taylor Swift,2010-10-25,0.605,0.787,5.0,-3.002,1.0,0.0308,0.0396,1.42e-06,0.163,0.374,114.987,4.0,260933.0,False,F,major,F major,"[Verse 1] The way you move is like a full on rainstorm And I'm a house of cards You're the kind of reckless That should send me running But I kinda know that I won't get far And you stood there in front of me Just close enough to touch Close enough to hope you couldn't see What I was thinking of [Chorus] Drop everything now Meet me in the pouring rain Kiss me on the sidewalk Take away the pain 'Cause I see sparks fly whenever you smile Get me with those green eyes, baby, as the lights go down Give me something that'll haunt me when you're not around 'Cause I see sparks fly whenever you smile [Verse 2] My mind forgets to remind me You're a bad idea You touch me once and it's really something You find I'm even better than you imagined I would be I'm on my guard for the rest of the world But with you I know it's no good And I could wait patiently but I really wish you would [Chorus] Drop everything now Meet me in the pouring rain Kiss me on the sidewalk Take away the pain 'Cause I see sparks fly whenever you smile Get me with those green eyes, baby, as the lights go down Give me something that'll haunt me when you're not around 'Cause I see sparks fly whenever you smile [Bridge] I run my fingers through your hair and watch the lights go wild Just keep on keeping your eyes on me, it's just wrong enough to make it feel right And lead me up the staircase Won't you whisper soft and slow? I'm captivated by you, baby, like a firework show [Chorus] Drop everything now Meet me in the pouring rain Kiss me on the sidewalk Take away the pain 'Cause I see sparks fly whenever you smile Get me with those green eyes, baby, as the lights go down Give me something that'll haunt me when you're not around 'Cause I see sparks fly whenever you smile [Outro] And the sparks fly Oh, baby, smile And the sparks fly"
Speak Now,False,2010-10-25,3.0,Back To December,Taylor Swift,2010-10-11,0.529,0.67,2.0,-4.663,1.0,0.0303,0.117,0.0,0.334,0.286,141.893,4.0,293027.0,False,D,major,D major,"[Verse 1] I'm so glad you made time to see me How's life? Tell me, how's your family? I haven't seen them in a while You've been good, busier than ever We small talk, work and the weather Your guard is up and I know why [Pre-Chorus] Because the last time you saw me Is still burned in the back of your mind You gave me roses, and I left them there to die [Chorus] So this is me swallowing my pride Standing in front of you, saying I'm sorry for that night And I'd go back to December all the time It turns out freedom ain't nothing but missing you Wishing I'd realized what I had when you were mine [Post-Chorus] I'd go back to December, turn around and make it alright I go back to December all the time [Verse 2] These days, I haven't been sleeping Staying up, playing back myself leaving When your birthday passed and I didn't call And I think about summer, all the beautiful times I watched you laughing from the passenger side and Realized I loved you in the fall [Pre-Chorus] And then the cold came The dark days when fear crept into my mind You gave me all your love, and all I gave you was goodbye [Chorus] So this is me swallowing my pride Standing in front of you, saying I'm sorry for that night And I'd go back to December all the time It turns out freedom ain't nothing but missing you Wishing I'd realized what I had when you were mine [Post-Chorus] I'd go back to December, turn around and change my own mind I go back to December all the time [Bridge] I miss your tan skin, your sweet smile So good to me, so right And how you held me in your arms that September night The first time you ever saw me cry Maybe this is wishful thinking Probably mindless dreaming But if we loved again, I swear I'd love you right I'd go back in time and change it, but I can't So if the chain is on your door, I understand [Chorus] But this is me swallowing my pride Standing in front of you, saying I'm sorry for that night And I'd go back to December It turns out freedom ain't nothing but missing you Wishing I'd realized what I had when you were mine [Post-Chorus] I'd go back to December, turn around and make it alright I'd go back to December, turn around and change my own mind I go back to December all the time [Outro] All the time"
Speak Now,False,2010-10-25,4.0,Speak Now,Taylor Swift,2010-10-04,0.709,0.599,7.0,-3.734,1.0,0.0304,0.095,0.0,0.0973,0.735,118.975,4.0,240760.0,False,G,major,G major,"[Intro] I am not the kind of girl Who should be rudely barging in On a white veil occasion But you are not the kind of boy Who should be marrying the wrong girl [Verse 1] I sneak in and see your friends And her snotty little family All dressed in pastel And she is yelling at a bridesmaid Somewhere back inside a room Wearing a gown shaped like a pastry [Pre-Chorus] This is surely not What you thought it would be I lose myself in a daydream Where I stand and say [Chorus] Don't say yes, run away now I'll meet you when you're out Of the church at the back door Don't wait or say a single vow You need to hear me out And they said ""speak now"" [Verse 2] Fond gestures are exchanged And the organ starts to play A song that sounds like a death march And I am hiding in the curtains It seems that I was uninvited By your lovely bride-to-be [Pre-Chorus] She floats down the aisle Like a pageant queen But I know you wish it was me You wish it was me (Don't you) [Chorus] Don't say yes, run away now I'll meet you when you're out Of the church at the back door Don't wait or say a single vow You need to hear me out And they said ""speak now"" [Chorus] Don't say yes, run away now I'll meet you when you're out Of the church at the back door Don't wait or say a single vow Your time is running out And they said ""speak now"" [Interlude] Ooh, la-da-da-da, oh Ooh, ooh (Say a single vow) [Bridge] I hear the preacher say ""Speak now or forever hold your peace"" There's the silence, there's my last chance I stand up with shaking hands, all eyes on me Horrified looks from everyone in the room But I'm only looking at you [Verse 3] I am not the kind of girl Who should be rudely barging in On a white veil occasion But you are not the kind of boy Who should be marrying the wrong girl (Hehe!) [Chorus] So don't say yes, run away now I'll meet you when you're out Of the church at the back door Don't wait or say a single vow You need to hear me out And they said ""speak now"" [Chorus - Variation] And you say ""Let's run away now I'll meet you when I'm out of my tux at the back door"" Baby, I didn't say my vows So glad you were around when they said ""Speak now"""
Speak Now,False,2010-10-25,5.0,Dear John,Taylor Swift,2010-10-25,0.589,0.47,4.0,-5.32,1.0,0.028,0.166,1.45e-06,0.112,0.102,119.386,3.0,403920.0,False,E,major,E major,"[Verse 1] Long were the nights when My days once revolved around you Counting my footsteps Praying the floor won't fall through... again My mother accused me of losing my mind But I swore I was fine You paint me a blue sky Then go back and turn it to rain And I lived in your chess game But you changed the rules everyday Wonderin' which version of you I might get on the phone, tonight Well I stopped pickin' up and this song is to let you know why [Chorus] Dear John, I see it all now that you're gone Don't you think I was too young to be messed with? The girl in the dress cried the whole way home I shoulda known [Verse 2] Well maybe it's me And my blind optimism to blame Or maybe it's you and your sick need To give love and take it away And you'll add my name to your long list of traitors Who don't understand And I look back in regret how I ignored when they said ""Run as fast as you can"" [Chorus] Dear John, I see it all now that you're gone Don't you think I was too young to be messed with? The girl in the dress cried the whole way home Dear John, I see it all now, it was wrong Don't you think nineteen's too young To be played by your dark, twisted games When I loved you so? I shoulda known [Bridge] You are an expert at sorry And keeping lines blurry Never impressed by me acing your tests All the girls that you've run dry have tired lifeless eyes 'Cause you burned them out But I took your matches Before fire could catch me So don't look now I'm shining like fireworks Over your sad empty town, yeah Oh, oh, oh, oh, oh, oh [Chorus] Dear John, I see it all now that you're gone Don't you think I was too young to be messed with? The girl in the dress cried the whole way home I see it all now that you're gone Don't you think I was too young to be messed with? The girl in the dress wrote you a song You shoulda known [Outro] You shoulda known Don't you think I was too young? You shoulda known"
Speak Now,False,2010-10-25,6.0,Mean,Taylor Swift,2010-10-18,0.568,0.761,4.0,-3.987,1.0,0.0459,0.452,0.0,0.217,0.789,163.974,4.0,237733.0,False,E,major,E major,"[Verse 1] You, with your words like knives And swords and weapons that you use against me You have knocked me off my feet again Got me feeling like I'm nothing You, with your voice like nails on a chalkboard Calling me out when I'm wounded You, picking on the weaker man [Pre-Chorus] Well, you can take me down With just one single blow But you don't know what you don't know [Chorus] Someday, I'll be living in a big old city And all you're ever gonna be is mean Someday, I'll be big enough so you can't hit me And all you're ever gonna be is mean Why you gotta be so mean? [Verse 2] You, with your switching sides And your wildfire lies and your humiliation You have pointed out my flaws again As if I don't already see them I walk with my head down, trying to block you out 'Cause I'll never impress you I just wanna feel okay again [Pre-Chorus] I bet you got pushed around Somebody made you cold But the cycle ends right now 'Cause you can't lead me down that road And you don't know what you don't know [Chorus] Someday, I'll be living in a big old city And all you're ever gonna be is mean Someday, I'll be big enough so you can't hit me And all you're ever gonna be is mean Why you gotta be so mean? [Bridge] And I can see you years from now in a bar Talking over a football game With that same big loud opinion But nobody's listening Washed up and ranting about the same old bitter things Drunk and grumbling on about how I can't sing But all you are is mean All you are is mean And a liar, and pathetic, and alone in life And mean, and mean, and mean, and mean [Breakdown] But someday, I'll be living in a big old city And all you're ever gonna be is mean, yeah [Chorus] Someday, I'll be big enough so you can't hit me And all you're ever gonna be is mean Why you gotta be so mean? Someday, I'll be living in a big old city (Why you gotta be so mean?) And all you're ever gonna be is mean (Why you gotta be so mean?) Someday, I'll be big enough so you can't hit me (Why you gotta be so mean?) And all you're ever gonna be is mean Why you gotta be so mean?"
Speak Now,False,2010-10-25,7.0,The Story Of Us,Taylor Swift,2010-10-25,0.543,0.818,4.0,-3.611,1.0,0.0398,0.00478,0.000368,0.0357,0.683,139.898,4.0,265667.0,False,E,major,E major,"[Verse 1] I used to think one day, we'd tell the story of us How we met, and the sparks flew instantly And people would say, they're the lucky ones I used to know my place was a spot next to you Now I'm searching the room for an empty seat 'Cause lately, I don't even know what page you're on [Pre-Chorus 1] Oh, a simple complication Miscommunications lead to fallout So many things that I wish you knew So many walls up, I can't break through [Chorus] Now I'm standing alone in a crowded room And we're not speaking And I'm dying to know Is it killing you like it's killing me? Yeah, I don't know what to say Since the twist of fate when it all broke down And the story of us looks a lot like a tragedy now Next chapter [Verse 2] How'd we end up this way? See me nervously pulling at my clothes and trying to look busy And you're doing your best to avoid me I'm starting to think one day, I'll tell the story of us Of how I was losing my mind when I saw you here But you held your pride like you should've held me [Pre-Chorus 2] Oh, I'm scared to see the ending Why are we pretending this is nothing? I'd tell you I miss you, but I don't know how I've never heard silence quite this loud [Chorus] Now I'm standing alone in a crowded room And we're not speaking And I'm dying to know Is it killing you like it's killing me? Yeah, and I don't know what to say Since the twist of fate, when it all broke down And the story of us looks a lot like a tragedy now [Bridge] This is looking like a contest Of who can act like they care less But I liked it better when you were on my side The battle's in your hands now But I would lay my armor down If you say you'd rather love than fight So many things that you wish I knew But the story of us might be ending soon [Chorus] Now I'm standing alone in a crowded room And we're not speaking And I'm dying to know Is it killing you like it's killing me? Yeah, and I don't know what to say Since the twist of fate, when it all broke down And the story of us looks a lot like a tragedy now, now, now [Outro] And we're not speaking And I'm dying to know Is it killing you like it's killing me, yeah? I don't know what to say since the twist of fate 'Cause we're going down And the story of us looks a lot like a tragedy now The End"
Speak Now,False,2010-10-25,8.0,Never Grow Up,Taylor Swift,2010-10-25,0.714,0.305,2.0,-8.837,1.0,0.0305,0.819,0.0,0.174,0.554,124.91,4.0,290467.0,False,D,major,D major,"[Verse 1] Your little hand's wrapped around my finger And it's so quiet in the world tonight Your little eyelids flutter cause you're dreaming So I tuck you in, turn on your favorite night light To you everything's funny, you got nothing to regret I'd give all I have, honey If you could stay like that [Chorus] Oh darling, don't you ever grow up Don't you ever grow up, just stay this little Oh darling, don't you ever grow up Don't you ever grow up, it could stay this simple I won't let nobody hurt you, won't let no one break your heart And no one will desert you Just try to never grow up, never grow up [Verse 2] You're in the car on the way to the movies And you're mortified your mom's dropping you off At 14 there's just so much you can't do And you can't wait to move out someday and call your own shots But don't make her drop you off around the block Remember that she's getting older too And don't lose the way that you dance around in your pj's getting ready for school [Chorus] Oh darling, don't you ever grow up Don't you ever grow up, just stay this little Oh darling, don't you ever grow up Don't you ever grow up, it could stay this simple No one's ever burned you, nothing's ever left you scarred And even though you want to, just try to never grow up [Bridge] Take pictures in your mind of your childhood room Memorize what it sounded like when your dad gets home Remember the footsteps, remember the words said And all your little brother's favorite songs I just realized everything I have is someday gonna be gone So here I am in my new apartment In a big city, they just dropped me off It's so much colder than I thought it would be So I tuck myself in and turn my night light on Wish I'd never grown up I wish I'd never grown up [Chorus] Oh I don't wanna grow up, wish I'd never grown up I could still be little Oh I don't wanna grow up, wish I'd never grown up It could still be simple Oh darling, don't you ever grow up Don't you ever grow up, just stay this little Oh darling, don't you ever grow up Don't you ever grow up, it could stay this simple Won't let nobody hurt you Won't let no one break your heart And even though you want to, please try to never grow up Oh, don't you ever grow up Oh, never grow up, just never grow up"
Speak Now,False,2010-10-25,9.0,Enchanted,Taylor Swift,2010-10-25,0.455,0.623,8.0,-3.878,1.0,0.0288,0.0739,0.000424,0.146,0.208,163.893,4.0,352187.0,False,G#,major,G# major,"[Verse 1] There I was again tonight Forcing laughter, faking smiles Same old tired, lonely place Walls of insincerity, shifting eyes and vacancy Vanished when I saw your face All I can say is, it was enchanting to meet you [Verse 2] Your eyes whispered, ""Have we met?"" Across the room your silhouette Starts to make its way to me The playful conversation starts Counter all your quick remarks Like passing notes in secrecy And it was enchanting to meet you All I can say is, I was enchanted to meet you [Chorus] This night is sparkling Don't you let it go I'm wonderstruck Blushing all the way home I'll spend forever Wondering if you knew I was enchanted to meet you [Verse 3] The lingering question kept me up 2AM, who do you love? I wonder 'til I'm wide awake And now I'm pacing back and forth Wishing you were at my door I'd open up and you would say, ""Hey"" It was enchanting to meet you All I know is I was enchanted to meet you [Chorus 2] This night is sparkling Don't you let it go I'm wonderstruck Blushing all the way home I'll spend forever Wondering if you knew This night is flawless Don't you let it go I'm wonderstruck Dancing around all alone I'll spend forever Wondering if you knew I was enchanted to meet you [Bridge] This is me praying that This was the very first page Not where the storyline ends My thoughts will echo your name Until I see you again These are the words I held back As I was leaving too soon I was enchanted to meet you [Breakdown] Please don't be in love With someone else Please don't have somebody Waiting on you Please don't be in love With someone else Please don't have somebody Waiting on you [Chorus 2] This night is sparkling Don't you let it go I'm wonderstruck Blushing all the way home I'll spend forever Wondering if you knew This night is flawless Don't you let it go I'm wonderstruck Dancing around all alone I'll spend forever Wondering if you knew I was enchanted to meet you [Outro] Please don't be in love With someone else Please don't have somebody Waiting on you"
Speak Now,False,2010-10-25,10.0,Better Than Revenge,Taylor Swift,2010-10-25,0.516,0.917,11.0,-3.186,0.0,0.0827,0.0139,6.37e-06,0.36,0.635,145.821,4.0,217160.0,False,B,minor,B minor,"[Intro] Now go stand in the corner and think about what you did Ha, time for a little revenge [Verse 1] The story starts when it was hot and it was summer and I had it all, I had him right there, where I wanted him She came along, got him alone, and let's hear the applause She took him faster than you can say sabotage [Pre-Chorus 1] I never saw it coming, wouldn't have suspected it I underestimated just who I was dealing with She had to know the pain was beating on me like a drum She underestimated just who she was stealing from [Chorus] She's not a saint and she's not what you think She's an actress, whoa She's better known for the things that she does On the mattress, whoa Soon she's gonna find stealing other people's toys On the playground won't make you many friends She should keep in mind, she should keep in mind There is nothing I do better than revenge, ha! [Verse 2] She looks at life like it's a party and she's on the list She looks at me like I'm a trend and she's so over it I think her ever-present frown is a little troubling And she thinks I'm psycho 'cause I like to rhyme her name with things [Pre-Chorus 2] But sophistication isn't what you wear or who you know Or pushing people down to get you where you wanna go Oh, they didn't teach you that in prep school, so it's up to me But no amount of vintage dresses gives you dignity (Think about what you did) [Chorus] She's not a saint and she's not what you think She's an actress, whoa She's better known for the things that she does On the mattress, whoa Soon she's gonna find stealing other people's toys On the playground won't make you many friends She should keep in mind, she should keep in mind There is nothing I do better than revenge, HA! [Bridge] I'm just another thing for you to roll your eyes at, honey You might have him, but haven't you heard? I'm just another thing for you to roll your eyes at, honey You might have him, but I always get the last word Whoa, whoa-ah-oh [Chorus] She's not a saint and she's not what you think She's an actress, whoa (she deserved it) She's better known for the things that she does On the mattress, whoa Soon she's gonna find stealing other people's toys On the playground won't make you many friends She should keep in mind, she should keep in mind There is nothing I do better than revenge, HA! [Outro] Do you still feel like you know what you're doing? 'Cause I don't think you do, oh (no, no, no, no) Do you still feel like you know what you're doing? (no) I don't think you do, I don't think you do Let's hear the applause (come on, come on) Come on, show me how much better you are (so much better, yeah?) See you deserve some applause 'Cause you're so much better She took him faster than you could say sabotage"
Speak Now,False,2010-10-25,11.0,Innocent,Taylor Swift,2010-10-25,0.552,0.608,1.0,-5.29,0.0,0.0259,0.186,0.0,0.125,0.17,134.05,4.0,302253.0,False,C#,minor,C# minor,"[Verse 1] I guess you really did it this time Left yourself in your war path Lost your balance on a tightrope Lost your mind trying to get it back [Pre-Chorus 1] Wasn't it easier in your lunchbox days? Always a bigger bed to crawl into Wasn't it beautiful when you believed in everything And everybody believed in you? [Chorus] It's alright, just wait and see Your string of lights is still bright to me Oh, who you are is not where you've been You're still an innocent You're still an innocent [Verse 2] Did some things you can't speak of But at night, you live it all again You wouldn't be shattered on the floor now If only you had seen what you know now then [Pre-Chorus 2] Wasn't it easier in your firefly-catching days? When everything out of reach, someone bigger brought down to you Wasn't it beautiful running wild 'til you fell asleep Before the monsters caught up to you? [Chorus] It's alright, just wait and see Your string of lights is still bright to me Oh, who you are is not where you've been You're still an innocent It's okay, life is a tough crowd 32, and still growing up now Who you are is not what you did You're still an innocent [Bridge] Time turns flames to embers You'll have new Septembers Every one of us has messed up too Lives change like the weather I hope you remember Today is never too late to be brand new, oh [Chorus] It's alright, just wait and see Your string of lights is still bright to me Oh, who you are is not where you've been You're still an innocent It's okay, life is a tough crowd 32, and still growing up now Who you are is not what you did You're still an innocent You're still an innocent [Outro] Lost your balance on a tightrope It's never too late to get it back"
Speak Now,False,2010-10-25,12.0,Haunted,Taylor Swift,2010-10-25,0.436,0.95,5.0,-2.627,1.0,0.057,0.0826,1.08e-06,0.149,0.352,162.088,4.0,242080.0,False,F,major,F major,"[Verse 1] You and I walk a fragile line I have known it all this time But I never thought I'd live to see it break It's getting dark and it's all too quiet And I can't trust anything now And it's coming over you like it's all a big mistake [Pre-Chorus] Whoa, holding my breath Won't lose you again Something's made your eyes go cold [Chorus] Come on, come on, don't leave me like this I thought I had you figured out Something's gone terribly wrong You're all I wanted Come on, come on, don't leave me like this I thought I had you figured out Can't breathe whenever you're gone Can't turn back now, I'm haunted [Verse 2] Stood there and watched you walk away From everything we had But I still mean every word I said to you He will try to take away my pain And he just might make me smile But the whole time, I'm wishing it was you instead [Pre-Chorus] Oh, holding my breath Won't see you again Something keeps me holding onto nothing [Chorus] Come on, come on, don't leave me like this I thought I had you figured out Something's gone terribly wrong You're all I wanted Come on, come on, don't leave me like this I thought I had you figured out Can't breathe whenever you're gone Can't turn back now, I'm haunted [Bridge] I know I know I just know You're not gone, you can't be gone, no [Chorus] Come on, come on, don't leave me like this I thought I had you figured out Something's gone terribly wrong Won't finish what you started Come on, come on, don't leave me like this I thought I had you figured out Can't breathe whenever you're gone Can't go back, I'm haunted (Oh, oh, oh, oh, oh, oh, oh, oh, oh) [Outro] You and I walk a fragile line I have known it all this time Never ever thought I'd see it break Never thought I'd see it"
Speak Now,False,2010-10-25,13.0,Last Kiss,Taylor Swift,2010-10-25,0.371,0.341,10.0,-9.475,1.0,0.0319,0.57,3.09e-05,0.101,0.196,89.038,1.0,367133.0,False,A#,major,A# major,"[Verse 1] I still remember the look on your face Lit through the darkness at 1:58 The words that you whispered For just us to know You told me you loved me So why did you go away? Away I do recall now the smell of the rain Fresh on the pavement I ran off the plane That July 9th The beat of your heart It jumps through your shirt I can still feel your arms [Chorus] But now I'll go sit on the floor Wearing your clothes All that I know is I don't know how to be something you miss I never thought we'd have a last kiss Never imagined we'd end like this Your name, forever the name on my lips [Verse 2] I do remember the swing of your step The life of the party, you're showing off again And I roll my eyes and then You pull me in I'm not much for dancing But for you I did Because I love your handshake, meeting my father I love how you walk with your hands in your pockets How you kissed me when I was in the middle of saying something There's not a day I don't miss those rude interruptions [Chorus] And I'll go sit on the floor Wearing your clothes All that I know is I don't know how to be something you miss I never thought we'd have a last kiss I never imagined we'd end like this Your name, forever the name on my lips, ooh [Bridge] So I'll watch your life in pictures like I used to watch you sleep And I feel you forget me like I used to feel you breathe And I keep up with our old friends just to ask them how you are Hope it's nice where you are And I hope the sun shines And it's a beautiful day And something reminds you You wish you had stayed You can plan for a change in weather and time But I never planned on you changing your mind [Chorus] So I'll go sit on the floor Wearing your clothes All that I know is I don't know how to be something you miss I never thought we'd have a last kiss Never imagined we'd end like this Your name, forever the name on my lips Just like our last kiss Forever the name on my lips Forever the name on my lips [Outro] Just like our last"
Speak Now,False,2010-10-25,14.0,Long Live,Taylor Swift,2010-10-25,0.418,0.68,7.0,-4.3,1.0,0.0347,0.036,7.59e-05,0.114,0.142,204.12,4.0,317453.0,False,G,major,G major,"[Verse 1] I said, remember this moment, in the back of my mind The time we stood with our shaking hands The crowds in stands went wild We were the kings and the queens And they read off our names The night you danced like you knew our lives Would never be the same You held your head like a hero On a history book page It was the end of a decade But the start of an age [Chorus] Long live the walls we crashed through All the kingdom lights shined just for me and you I was screaming, long live all the magic we made And bring on all the pretenders One day, we will be remembered [Verse 2] I said, remember this feeling I passed the pictures around Of all the years that we stood there On the side-lines wishing for right now We are the kings and the queens You traded your baseball cap for a crown When they gave us our trophies And we held them up for our town And the cynics were outraged Screaming, ""This is absurd"" 'Cause for a moment, a band of thieves In ripped up jeans got to rule the world [Chorus] Long live the walls we crashed through All the kingdom lights shined just for me and you I was screaming, long live all the magic we made And bring on all the pretenders I'm not afraid Long live all the mountains we moved I had the time of my life fighting dragons with you I was screaming, long live that look on your face And bring on all the pretenders One day, we will be remembered [Bridge] Hold on to spinning around Confetti falls to the ground May these memories break our fall [Breakdown] Will you take a moment? Promise me this That you'll stand by me forever But if, God forbid, fate should step in And force us into a goodbye If you have children some day When they point to the pictures Please tell them my name Tell them how the crowds went wild Tell them how I hope they shine Long live the walls we crashed through I had the time of my life, with you [Chorus] Long, long live the walls we crashed through All the kingdom lights shined just for me and you I was screaming, long live all the magic we made And bring on all the pretenders I'm not afraid Singing, long live all the mountains we moved I had the time of my life fighting dragons with you And long, long live that look on your face And bring on all the pretenders One day, we will be remembered"
Speak Now,False,2010-10-25,15.0,Ours,Taylor Swift,2010-10-25,0.608,0.569,0.0,-7.227,1.0,0.0284,0.537,0.0,0.097,0.238,159.845,4.0,237920.0,False,C,major,C major,"[Verse 1] Elevator buttons and morning air Strangers' silence makes me want to take the stairs If you were here, we'd laugh about their vacant stares But right now, my time is theirs Seems like there's always someone who disapproves They'll judge it like they know about me and you And the verdict comes from those with nothing else to do The jury's out, but my choice is you [Chorus] So don't you worry your pretty little mind People throw rocks at things that shine And life makes love look hard The stakes are high, the water's rough But this love is ours [Verse 2] You never know what people have up their sleeves Ghosts from your past gonna jump out at me Lurking in the shadows with their lip gloss smiles But I don't care, 'cause right now, you're mine [Chorus] And you'll say Don't you worry your pretty little mind People throw rocks at things that shine And life makes love look hard The stakes are high, the water's rough But this love is ours [Bridge] And it's not theirs to speculate if it's wrong And your hands are tough, but they are where mine belong And I'll fight their doubt and give you faith With this song for you [Breakdown] 'Cause I love the gap between your teeth And I love the riddles that you speak And any snide remarks from my father about your tattoos Will be ignored 'Cause my heart is yours [Chorus] So don't you worry your pretty little mind People throw rocks at things that shine And life makes love look hard Don't you worry your pretty little mind People throw rocks at things that shine But they can't take what's ours They can't take what's ours [Outro] The stakes are high, the water's rough But this love is ours"
Speak Now,False,2010-10-25,16.0,If This Was A Movie,Taylor Swift,2010-10-25,0.511,0.719,4.0,-3.457,1.0,0.0265,0.166,4.54e-06,0.34,0.289,147.852,4.0,234547.0,False,E,major,E major,"[Verse 1] Last night, I heard my own heart beating Sounded like footsteps on my stairs Six months gone and I'm still reaching Even though I know you're not there I was playing back a thousand memories, baby Thinkin' 'bout everything we've been through Maybe I've been going back too much lately When time stood still and I had you [Chorus] Come back, come back, come back to me like You would, you would if this was a movie Stand in the rain outside till I came out Come back, come back, come back to me like You could, you could if you just said you're sorry I know that we could work it out somehow But if this was a movie you'd be here by now [Verse 2] I know people change and these things happen But I remember how it was back then Wrapped up in your arms and our friends were laughing 'Cause nothing like this ever happened to them Now I'm pacing down the hall, chasing down your street Flashback to the night when you said to me ""Nothing's gonna change, not for me and you"" Not before I knew how much I had to lose [Chorus] Come back, come back, come back to me like You would, you would if this was a movie Stand in the rain outside till I came out Come back, come back, come back to me like You could, you could if you just said you're sorry I know that we could work it out somehow But if this was a movie you'd be here by now [Bridge] If you're out there, if you're somewhere, if you're moving on I've been waiting for you every day since you've been gone I just want it back the way it was before And I just want to see you back at my front door [Chorus - Variation] And I say, ""Come back, come back, come back to me like You would before you said it's not that easy Before the fight, before I locked you out"" But I take it all back now [Chorus] Come back, come back, come back to me like You would, you would if this was a movie Stand in the rain outside till I came out Come back, come back, come back to me like You could, you could if you just said you're sorry I know that we could work it out somehow But if this was a movie you'd be here by now [Outro] You'd be here by now It's not the kind of ending you want to see now Baby, what about the ending? Oh, I thought you'd be here by now Thought you'd be here by now"
Speak Now,False,2010-10-25,17.0,Superman,Taylor Swift,2010-10-25,0.582,0.765,7.0,-3.648,1.0,0.0324,0.0268,1.95e-06,0.103,0.559,131.982,4.0,275960.0,False,G,major,G major,"[Verse 1] Tall, dark, and superman He puts papers in his briefcase and drives away To save the world or go to work It's the same thing to me He's got his mother's eyes, his father's ambition I wonder if he knows how much that I miss him I hang on every word you say, yay And you smile and say, ""How are you?” I say, ""Just fine"" I always forget to tell you, I love you I love you forever [Chorus] I watch superman fly away You've got a busy day today Go save the world, I'll be around I watch superman fly away Come back, I'll be with you someday I'll be right here on the ground When you come back down [Verse 2] Tall, dark and beautiful He's complicated, he's irrational But I hope someday you'll take me away and save the day, yeah Something in his deep brown eyes has me sayin' He's not all bad like his reputation And I can't hear one single word they say And you'll leave, got places to be and I'll be okay I always forget to tell you I love you I loved you from the very first day [Chorus] I watch superman fly away You've got a busy day today Go save the world, I'll be around I watch superman fly away Come back, I'll be with you someday I'll be right here on the ground When you come back down [Bridge] And I watch you fly around the world And I hope you don't save some other girl Don't forget, don't forget about me I'm far away, but I never let you go I'm love-struck and looking out the window Don't forget, don't forget where I'll be [Breakdown] Right here, wishing the flowers were from you Wishing the card was from you Wishing the call was from you 'Cause I loved you from the very first day [Chorus - Variation] I watch superman fly away You've got a busy day today Go save the world, I'll be around Forever and ever here I watch superman fly away I swear, I'll be with you someday I'll be right here on the ground When you come back down [Outro] La, la, la, la, la, la La, la, la, la, la, la When you come back down"
Red,False,2012-10-22,1.0,State Of Grace,Taylor Swift,2012-10-16,0.588,0.825,4.0,-5.882,1.0,0.0328,0.000197,0.00138,0.0885,0.397,129.968,4.0,295187.0,False,E,major,E major,"[Verse 1] I'm walking fast through the traffic lights Busy streets and busy lives And all we know, is touch and go We are alone with our changing minds We fall in love 'til it hurts or bleeds, or fades in time [Chorus] And I never saw you coming And I’ll never be the same [Verse 2] You come around and the armor falls Pierce the room like a cannon ball Now all we know, is don’t let go We are alone, just you and me Up in your room and our slates are clean Just twin fire signs, four blue eyes [Pre-Chorus] So you were never a saint And I've loved in shades of wrong We learn to live with the pain Mosaic broken hearts But this love is brave and wild [Chorus] And I never (never) saw you coming And I’ll never (never) be the same [Bridge] This is a state of grace This is the worthwhile fight Love is a ruthless game Unless you play it good and right These are the hands of fate You’re my Achilles heel This is the golden age of something good And right and real [Breakdown] And I never (never) saw you coming And I’ll never (never) be the same [Chorus] And I never (never) saw you coming And I’ll never (So you were never a saint And I've loved in shades of wrong) Be the same (We learn to live with the pain Mosaic broken hearts But this love is brave and wild) [Outro] This is a state of grace This is the worthwhile fight Love is a ruthless game Unless you play it good and right"
Red,False,2012-10-22,2.0,Red,Taylor Swift,2012-10-02,0.602,0.896,1.0,-4.267,0.0,0.0437,0.0773,8.87e-05,0.091,0.641,124.978,4.0,220827.0,False,C#,minor,C# minor,"[Verse 1] Loving him is like driving a new Maserati Down a dead-end street Faster than the wind, passionate as sin Ending so suddenly Loving him is like trying to change your mind Once you're already flying through the free fall Like the colors in autumn, so bright Just before they lose it all [Chorus] Losing him was blue like I'd never known Missing him was dark grey, all alone Forgetting him was like Trying to know somebody you never met But loving him was red Loving him was red [Verse 2] Touching him was like realizing all you ever wanted Was right there in front of you Memorizing him was as easy as knowing All the words to your old favorite song Fighting with him was like trying to solve a crossword And realizing there's no right answer Regretting him was like wishing you never found out That love could be that strong [Chorus] Losing him was blue like I'd never known Missing him was dark grey, all alone Forgetting him was like Trying to know somebody you never met But loving him was red Oh, red Burning red [Bridge] Remembering him comes in flashbacks and echoes Tell myself it's time now, gotta let go But moving on from him is impossible When I still see it all in my head In burning red Loving him was red [Chorus] Oh, losing him was blue like I'd never known Missing him was dark grey, all alone Forgetting him was like Trying to know somebody you never met 'Cause loving him was red Yeah, yeah, red We're burning red [Breakdown] And that's why he's spinning 'round in my head Comes back to me, burning red Yeah, yeah [Outro] His love was like driving a new Maserati Down a dead-end street"
Red,False,2012-10-22,3.0,Treacherous,Taylor Swift,2012-10-22,0.705,0.621,2.0,-8.086,1.0,0.0334,0.101,4.3e-06,0.147,0.395,109.993,4.0,240773.0,False,D,major,D major,"[Verse 1] Put your lips close to mine As long as they don't touch Out of focus, eye to eye 'Til the gravity's too much And I'll do anything you say If you say it with your hands And I'd be smart to walk away But you're quicksand [Chorus 1] This slope is treacherous This path is reckless This slope is treacherous And I-I-I like it [Verse 2] I can't decide if it's a choice Getting swept away I hear the sound of my own voice Asking you to stay And all we are is skin and bone Trained to get along Forever going with the flow But you're friction [Chorus 1] This slope is treacherous This path is reckless This slope is treacherous And I, I, I like it [Bridge] Two headlights shine through the sleepless night And I will get you, get you alone Your name has echoed through my mind And I just think you should, think you should know That nothing safe is worth the drive And I will follow you, follow you home Follow you, follow you home [Chorus 2] This hope is treacherous This daydream is dangerous This hope is treacherous I-I-I, I-I-I, I-I-I [Breakdown] Two headlights shine through the sleepless night And I will get you, get you alone Your name has echoed through my mind And I just think you should, think you should know That nothing safe is worth the drive And I will follow you, follow you home Follow you, follow you home I'll follow you, follow you home Follow you, follow you home [Outro] This slope is treacherous I-I-I like it"
Red,False,2012-10-22,4.0,I Knew You Were Trouble,Taylor Swift,2012-10-22,0.622,0.469,3.0,-6.798,0.0,0.0363,0.00454,2.25e-06,0.0398,0.679,77.019,4.0,217973.0,False,D#,minor,D# minor,"[Intro] [Verse 1] Once upon a time, a few mistakes ago I was in your sights, you got me alone You found me, you found me, you found me I guess you didn't care, and I guess I liked that And when I fell hard, you took a step back Without me, without me, without me [Pre-Chorus] And he's long gone, when he's next to me And I realize the blame is on me [Chorus] 'Cause I knew you were trouble when you walked in So, shame on me now Flew me to places I'd never been 'Til you put me down, oh I knew you were trouble when you walked in So, shame on me now Flew me to places I'd never been Now I'm lying on the cold hard ground Oh, oh-oh Trouble, trouble, trouble Oh, oh-oh Trouble, trouble, trouble [Verse 2] No apologies, he'll never see you cry Pretend he doesn't know That he's the reason why You're drowning, you're drowning You're drowning And I heard you moved on From whispers on the street A new notch in your belt is all I'll ever be And now I see, now I see Now I see [Pre-Chorus] He was long gone when he met me And I realize the joke is on me, hey! [Chorus] I knew you were trouble when you walked in (oh) So, shame on me now Flew me to places I'd never been 'Til you put me down, oh I knew you were trouble when you walked in So, shame on me now Flew me to places I'd never been (yeah) Now I'm lying on the cold hard ground Oh, oh-oh (yeah) Trouble, trouble, trouble Oh, oh-oh Trouble, trouble, trouble [Bridge] And the saddest fear Comes creeping in That you never loved me Or her, or anyone, or anything, yeah! [Chorus] I knew you were trouble when you walked in So, shame on me now Flew me to places I'd never been (never been) 'Til you put me down, oh I knew you were trouble when you walked in (Knew it right there) So, shame on me now (knew it right there) Flew me to places I'd never been (ooh) Now I'm lying on the cold hard ground Oh, oh-oh Trouble, trouble, trouble (oh) Oh, oh-oh Trouble, trouble, trouble [Outro] I knew you were trouble when you walked in Trouble, trouble, trouble I knew you were trouble when you walked in Trouble, trouble, trouble [Outro]"
Red,False,2012-10-22,5.0,All Too Well,Taylor Swift,2012-10-22,0.602,0.609,0.0,-7.803,1.0,0.0243,0.0382,0.0002,0.127,0.337,93.06,4.0,327893.0,False,C,major,C major,"[Intro] I walked through the door with you The air was cold But something 'bout it felt like home somehow, and I Left my scarf there at your sister's house And you've still got it In your drawer, even now [Verse 1] Oh, your sweet disposition And my wide-eyed gaze We're singing in the car getting lost upstate Autumn leaves falling down like pieces into place And I can picture it after all these days [Pre-Chorus 1] And I know it's long gone and That magic's not here no more And I might be okay, but I'm not fine at all Oh, oh, oh [Chorus 1] 'Cause there we are again on that little town street You almost ran the red 'cause you were looking over at me Wind in my hair, I was there, I remember it all too well [Verse 2] Photo album on the counter Your cheeks were turning red You used to be a little kid with glasses in a twin-sized bed And your mother's telling stories 'bout you on the tee-ball team You tell me 'bout your past, thinking your future was me [Pre-Chorus 2] And I know it's long gone and There was nothing else I could do And I forget about you long enough To forget why I needed to [Chorus 2] 'Cause there we are again in the middle of the night We're dancing round the kitchen in the refrigerator light Down the stairs, I was there, I remember it all too well, yeah [Bridge] Maybe we got lost in translation Maybe I asked for too much But maybe this thing was a masterpiece 'Til you tore it all up Running scared, I was there, I remember it all too well And you call me up again just to break me like a promise So casually cruel in the name of being honest I'm a crumpled up piece of paper lying here 'Cause I remember it all, all, all Too well [Verse 3] Time won't fly, it's like I'm paralyzed by it I'd like to be my old self again But I'm still trying to find it After plaid shirt days and nights when you made me your own Now you mail back my things and I walk home alone But you keep my old scarf From that very first week 'Cause it reminds you of innocence And it smells like me You can't get rid of it 'Cause you remember it all too well, yeah [Chorus 3] 'Cause there we are again when I loved you so Back before you lost the one real thing you've ever known It was rare, I was there, I remember it all too well [Outro] Wind in my hair, you were there, you remember it all Down the stairs, you were there, you remember it all It was rare, I was there, I remember it all too well"
Red,False,2012-10-22,6.0,22,Taylor Swift,2012-10-22,0.658,0.729,7.0,-6.561,1.0,0.0378,0.00215,0.0013,0.0752,0.668,104.007,4.0,230133.0,False,G,major,G major,"[Verse 1] It feels like a perfect night To dress up like hipsters And make fun of our exes, uh-uh, uh-uh It feels like a perfect night For breakfast at midnight To fall in love with strangers, uh-uh, uh-uh [Pre-Chorus] Yeah We're happy, free, confused, and lonely at the same time It's miserable and magical, oh, yeah Tonight's the night when we forget about the deadlines It's time, oh-oh [Chorus] I don't know about you, but I'm feeling 22 Everything will be alright if you keep me next to you You don't know about me, but I'll bet you want to Everything will be alright if we just keep dancing like we're 22, 22 [Verse 2] It seems like one of those nights This place is too crowded Too many cool kids, uh-uh, uh-uh (Who's Taylor Swift, anyway? Ew) It seems like one of those nights We ditch the whole scene And end up dreaming Instead of sleeping [Pre-Chorus] Yeah We're happy, free, confused, and lonely in the best way It's miserable and magical, oh, yeah Tonight's the night when we forget about the heartbreaks It's time, oh-oh [Chorus] (Hey!) I don't know about you, but I'm feeling 22 Everything will be alright (Ooh) if you keep me next to you You don't know about me, but I'll bet you want to Everything will be alright if (Alright) We just keep dancing like we're 22 (Oh, oh, oh, oh, oh) 22 (I don't know about you) 22, 22 [Bridge] It feels like one of those nights We ditch the whole scene It feels like one of those nights We won't be sleeping It feels like one of those nights You look like bad news I gotta have you I gotta have you Ooh, ooh, yeah [Chorus] (Hey!) I don't know about you, but I'm feeling 22 Everything will be alright if (Ooh) you keep me next to you You don't know about me, but I'll bet you want to Everything will be alright if we just keep dancing like we're 22 (Whoa, oh) 22 (Dancing like) 22 (Yeah, yeah), 22, (Yeah, yeah, yeah) [Outro] It feels like one of those nights We ditch the whole scene It feels like one of those nights We won't be sleeping It feels like one of those nights You look like bad news I gotta have you I gotta have you"
Red,False,2012-10-22,7.0,I Almost Do,Taylor Swift,2012-10-22,0.567,0.481,4.0,-7.357,1.0,0.027,0.0173,4.13e-05,0.182,0.233,145.865,4.0,242573.0,False,E,major,E major,"[Verse 1] I bet this time of night, you’re still up I bet you’re tired from a long hard week I bet you’re sitting in your chair by the window Looking out at the city And I bet sometimes you wonder about me [Chorus] And I just want to tell you It takes everything in me not to call you And I wish I could run to you And I hope you know that Every time I don’t I almost do, I almost do [Verse 2] I bet you think I either moved on or hate you ‘Cause each time you reach out, there’s no reply I bet it never, ever occurred to you That I can’t say hello to you And risk another goodbye [Chorus] And I just want to tell you It takes everything in me not to call you And I wish I could run to you And I hope you know that Every time I don’t I almost do, I almost do [Bridge] Oh, we made quite a mess, babe It’s probably better off this way And I confess, babe In my dreams, you’re touching my face And asking me if I want to try again with you And I almost do [Chorus] And I just want to tell you It takes everything in me not to call you And I wish I could run to you And I hope you know that Every time I don’t I almost do, I almost do [Outro] I bet this time of night, you’re still up I bet you’re tired from a long hard week I bet you’re sitting in your chair by the window Looking out at the city And I hope sometimes you wonder about me"
Red,False,2012-10-22,8.0,We Are Never Ever Getting Back Together,Taylor Swift,2012-08-13,0.628,0.676,7.0,-5.911,1.0,0.0916,0.00957,2.65e-05,0.102,0.75,85.984,4.0,191880.0,False,G,major,G major,"[Verse 1] I remember when we broke up the first time Saying, ""This is it, I've had enough,"" 'cause like We hadn't seen each other in a month When you said you needed ""space"" (what?) Then you come around again and say ""Baby, I miss you and I swear I'm gonna change, trust me"" Remember how that lasted for a day? I say, ""I hate you,"" we break up, you call me, ""I love you"" [Pre-Chorus 1] Ooh-ooh-ooh-ooh-ooh We called it off again last night, but Ooh-ooh-ooh-ooh-ooh This time, I'm telling you, I'm telling you [Chorus] We are never, ever, ever getting back together We are never, ever, ever getting back together You go talk to your friends, talk to my friends, talk to me But we are never, ever, ever, ever getting back together Like, ever [Verse 2] I'm really gonna miss you picking fights And me, falling for it, screaming that I'm right And you would hide away and find your peace of mind With some indie record that's much cooler than mine [Pre-Chorus 2] Ooh-ooh-ooh-ooh-ooh You called me up again tonight, but Ooh-ooh-ooh-ooh-ooh This time, I'm telling you, I'm telling you [Chorus] We are never, ever, ever getting back together We are never, ever, ever (ever) getting back together You go talk to your friends, talk to my friends, talk to me (Talk to me) But we are never, ever, ever, ever getting back together [Post-Chorus] Ooh-ooh-ooh-ooh-ooh (yeah) Ooh-ooh-ooh-ooh-ooh (yeah) Ooh-ooh-ooh-ooh-ooh (yeah) Oh-oh-oh [Bridge] I used to think that we were forever, ever And I used to say, ""Never say never"" Ugh, so he calls me up and he's like, ""I still love you"" And I'm like, ""I just- I mean, this is exhausting, you know? Like, we are never getting back together, like, ever"" [Chorus] We are never, ever, ever getting back together We are never, ever, ever (ooh) getting back together You go talk to your friends, talk to my friends, talk to me But we are never, ever, ever, ever getting back together [Outro] We (ooh-ooh-ooh-ooh-ooh, ooh-ooh-ooh, no) Getting back together We (ooh-ooh-ooh-ooh-ooh, oh, oh, yeah) Getting back together You go talk to your friends, talk to my friends, talk to me (Talk to me) But we are never, ever, ever, ever getting back together"
Red,False,2012-10-22,9.0,Stay Stay Stay,Taylor Swift,2012-10-22,0.729,0.748,0.0,-6.67,1.0,0.0245,0.307,1.29e-06,0.09,0.928,99.981,4.0,204827.0,False,C,major,C major,"[Verse 1] I'm pretty sure we almost broke up last night I threw my phone across the room, at you I was expecting some dramatic turn away But you stayed This morning, I said we should talk about it 'Cause I read you should never leave a fight unresolved That's when you came in wearing a football helmet And said, ""Okay, let's talk"" And I said [Hook] Stay, stay, stay I've been loving you for quite some time, time, time You think that it's funny when I'm mad, mad, mad But I think that it's best if we both stay [Verse 2] Before you, I'd only dated self-indulgent takers Who took all of their problems out on me But you carry my groceries and now I'm always laughing And I love you because you have given me No choice but to [Hook] Stay, stay, stay I've been loving you for quite some time, time, time You think that it's funny when I'm mad, mad, mad But I think that it's best if we both stay, stay, stay, stay [Bridge] You took the time to memorize me My fears, my hopes, and dreams I just like hanging out with you, all the time All those times that you didn't leave, it's been occurring to me I'd like to hang out with you, for my whole life [Breakdown] Stay, and I'll be loving you for quite some time No one else is gonna love me when I get mad, mad, mad So I think that it's best if we both stay, stay Stay, stay, stay, stay! [Hook] Stay, stay, stay I've been loving you for quite some time, time, time You think that it's funny when I'm mad, mad, mad But I think that it's best if we both stay, stay Stay, stay, stay, stay! [Outro] Stay, stay, stay I've been loving you for quite some time, time, time You think that it's funny when I'm mad, mad, mad But I think that it's best if we both stay (ha-ha-ha, it's so fun)"
Red,False,2012-10-22,10.0,The Last Time,Taylor Swift,2012-10-22,0.505,0.443,2.0,-7.039,1.0,0.0276,0.035,3.15e-06,0.0921,0.123,94.069,4.0,298293.0,False,D,major,D major,"[Verse 1: Gary Lightbody] Find myself at your door Just like all those times before I’m not sure how I got there All roads they lead me here I imagine you are home In your room, all alone And you open your eyes into mine And everything feels better [Pre-Chorus: Taylor Swift & Gary Lightbody] And right before your eyes I'm breaking, no past No reasons why Just you and me [Chorus: Taylor Swift & Gary Lightbody] This is the last time I'm asking you this Put my name at the top of your list This is the last time I'm asking you why You break my heart in the blink of an eye (eye, eye) [Verse 2: Taylor Swift] You find yourself at my door Just like all those times before You wear your best apology But I was there to watch you leave And all the times I let you in Just for you to go again Disappear when you come back Everything is better [Pre-Chorus: Taylor Swift & Gary Lightbody] And right before your eyes I'm aching, no past Nowhere to hide Just you and me-he-e-he-e-he-e-he-e-he-e-he-e-he-e-he [Chorus: Taylor Swift & Gary Lightbody] This is the last time I'm asking you this Put my name at the top of your list This is the last time I'm asking you why You break my heart in the blink of an eye (eye, eye) [Guitar Solo] [Bridge: Taylor Swift and Gary Lightbody] This is the last time you tell me I've got it wrong This is the last time I say it's been you all along This is the last time I let you in my door This is the last time, I won't hurt you anymore Oh-ho, oh-ho, oh-ho, oh-ho Oh-ho, oh-ho, oh-ho, oh-ho [Chorus: Taylor Swift & Gary Lightbody] This is the last time I'm asking you this Put my name at the top of your list This is the last time I'm asking you why You break my heart in the blink of an eye [Outro: Taylor Swift and Gary Lightbody] This is the last time I'm asking you this (This is the last time I'm asking you this) Put my name at the top of your list (Put my name at the top of your list) This is the last time I'm asking you why (This is the last time I'm asking you why) You break my heart in the blink of an eye (You break my heart) [Taylor Swift & Gary Lightbody] This is the last time I'm asking you, last time I'm asking you Last time I'm asking you this This is the last time I'm asking you, last time I'm asking you Last time I'm asking you this This is the last time I'm asking you, last time I'm asking you Last time I'm asking you this This is the last time I'm asking you, last time I'm asking you Last time I'm asking you this"
Red,False,2012-10-22,11.0,Holy Ground,Taylor Swift,2012-10-22,0.627,0.816,4.0,-6.698,1.0,0.0774,0.0162,0.00208,0.0966,0.648,157.043,4.0,201853.0,False,E,major,E major,"[Verse 1] I was reminiscing just the other day While having coffee all alone, and Lord, it took me away Back to a first-glance feeling on New York time Back when you fit in my poems like a perfect rhyme Took off faster than a green light, go Hey, you skip the conversation when you already know I left a note on the door with a joke we'd made And that was the first day [Chorus] And darling, it was good Never looking down And right there where we stood Was holy ground [Verse 2] Spinning like a girl in a brand new dress We had this big wide city all to ourselves We blocked the noise with the sound of, ""I need you"" And for the first time, I had something to lose And I guess we fell apart in the usual way And the story's got dust on every page But sometimes, I wonder how you think about it now And I see your face in every crowd [Chorus] 'Cause darling, it was good Never looking down And right there where we stood Was holy ground [Hook] Tonight, I'm gonna dance For all that we've been through But I don't wanna dance If I'm not dancing with you Tonight, I'm gonna dance Like you were in this room But I don't wanna dance If I'm not dancing with you [Chorus] It was good Never looking down And right there where we stood Was holy ground [Outro] Tonight, I'm gonna dance For all that we've been through But I don't wanna dance If I'm not dancing with you Tonight, I'm gonna dance Like you were in this room But I don't wanna dance If I'm not dancing with you"
Red,False,2012-10-22,12.0,Sad Beautiful Tragic,Taylor Swift,2012-10-22,0.624,0.34,7.0,-12.411,1.0,0.029,0.632,0.0337,0.121,0.261,129.987,3.0,283680.0,False,G,major,G major,"[Verse 1] Long handwritten note, deep in your pocket Words, how little they mean, when you're a little too late I stood right by the tracks, your face in a locket Good girls, hopeful they'll be and long they will wait [Chorus] We had a beautiful magic love there What a sad, beautiful, tragic love affair [Verse 2] In dreams, I meet you in warm conversation We both wake in lonely beds, different cities And time is taking its sweet time erasing you And you've got your demons And darling, they all look like me [Chorus] 'Cause we had a beautiful magic love there What a sad, beautiful, tragic love affair [Bridge] Distance, timing, breakdown, fighting Silence, the train runs off its tracks Kiss me, try to fix it, could you just try to listen? Hang up, give up, and for the life of us we can't get back [Chorus] A beautiful magic love there What a sad, beautiful, tragic, beautiful, tragic, beautiful What we had, a beautiful magic love there What a sad, beautiful, tragic, love affair We had a beautiful magic love there What a sad, beautiful, tragic love affair"
Red,False,2012-10-22,13.0,The Lucky One,Taylor Swift,2012-10-22,0.706,0.499,4.0,-7.675,1.0,0.0369,0.0371,0.0,0.132,0.545,117.937,4.0,240133.0,False,E,major,E major,"[Verse 1] New to town with a made up name In the angel's city, chasing fortune and fame And the camera flashes make it look like a dream You had it figured out since you were in school Everybody loves pretty, everybody loves cool So overnight, you look like a sixties queen [Pre-Chorus 1] Another name goes up in lights Like diamonds in the sky [Chorus 1] And they’ll tell you now, you’re the lucky one Yeah, they’ll tell you now, you’re the lucky one But can you tell me now, you’re the lucky one? Oh, oh, oh [Verse 2] Now, it’s big black cars and Riviera views And your lover in the foyer doesn’t even know you And your secrets end up splashed on the news front page And they tell you that you’re lucky, but you’re so confused 'Cause you don’t feel pretty, you just feel used And all the young things line up to take your place [Pre-Chorus 2] Another name goes up in lights You wonder if you’ll make it out alive [Chorus 1] And they’ll tell you now, you’re the lucky one Yeah, they’ll tell you now, you’re the lucky one But can you tell me now, you’re the lucky one? Oh, oh, oh [Bridge] It was a few years later, I showed up here And they still tell the legend of how you disappeared How you took the money and your dignity, and got the hell out They say you bought a bunch of land somewhere Chose the rose garden over Madison Square And it took some time, but I understand it now [Pre-Chorus 3] ‘Cause now my name is up in lights But I think you got it right [Chorus 2] Let me tell you now, you’re the lucky one Let me tell you now, you’re the lucky one Let me tell you now, you’re the lucky one, oh, oh, oh And they’ll tell you now, you’re the lucky one Yeah, they’ll tell you now, you’re the lucky one And they’ll tell you now, you’re the lucky one, oh, oh, oh Oh, whoa, oh, oh"
Red,False,2012-10-22,14.0,Everything Has Changed,Taylor Swift,2012-10-22,0.624,0.458,6.0,-6.755,1.0,0.0287,0.36,3.89e-06,0.303,0.436,80.017,4.0,243933.0,False,F#,major,F# major,"[Intro: Ed Sheeran] (You good to go?) [Verse 1: Taylor Swift] All I knew this morning when I woke Is I know something now Know something now I didn't before And all I've seen since 18 hours ago Is green eyes and freckles and your smile In the back of my mind, making me feel like [Pre-Chorus: Taylor Swift &  Ed Sheeran] I just wanna know you better Know you better, know you better now I just wanna know you better Know you better, know you better now I just wanna know you better Know you better, know you better now I just wanna know you, know you, know you [Chorus: Taylor Swift & Ed Sheeran] 'Cause all I know is we said, ""Hello"" And your eyes look like coming home All I know is a simple name Everything has changed All I know is you held the door You'll be mine and I'll be yours All I know since yesterday Is everything has changed [Verse 2: Ed Sheeran & Taylor Swift] And all my walls stood tall, painted blue And I'll take 'em down, take 'em down And open up the door for you And all I feel in my stomach is butterflies The beautiful kind, making up for lost time Taking flight, making me feel right [Pre-Chorus: Taylor Swift & Ed Sheeran] I just wanna know you better Know you better, know you better now I just wanna know you better Know you better, know you better now I just wanna know you better Know you better, know you better now I just wanna know you, know you, know you [Chorus: Taylor Swift & Ed Sheeran] 'Cause all I know is we said, ""Hello"" And your eyes look like coming home All I know is a simple name Everything has changed All I know is you held the door You'll be mine and I'll be yours All I know since yesterday Is everything has changed [Bridge: Taylor Swift & Ed Sheeran] Come back and tell me why I'm feeling like I've missed you all this time And meet me there tonight And let me know that it's not all in my mind [Pre-Chorus: Taylor Swift] I just wanna know you better Know you better, know you better now I just wanna know you, know you, know you [Chorus: Taylor Swift & Ed Sheeran] 'Cause all I know is we said, ""Hello"" And your eyes look like coming home All I know is a simple name Everything has changed All I know is you held the door You'll be mine and I'll be yours All I know since yesterday Is everything has changed [Outro: Taylor Swift] All I know is we said, ""Hello"" So dust off your highest hopes All I know is pouring rain And everything has changed All I know is a new found grace All my days, I'll know your face All I know since yesterday Is everything has changed"
Red,False,2012-10-22,15.0,Starlight,Taylor Swift,2012-10-22,0.649,0.777,9.0,-5.804,1.0,0.0406,0.0213,0.000335,0.221,0.587,126.018,4.0,217827.0,False,A,major,A major,"[Chorus] I said, ""Oh, my, what a marvelous tune"" It was the best night, never would forget how we moved The whole place was dressed to the nines And we were dancing, dancing Like we're made of starlight Like we're made of starlight [Verse 1] I met Bobby on the boardwalk, summer of '45 Picked me up, late one night at the window We were 17 and crazy, running wild, wild Can't remember what song it was playing when we walked in The night we snuck into a yacht club party Pretending to be a duchess and a prince [Chorus] And I said, ""Oh, my, what a marvelous tune"" It was the best night, never would forget how we moved The whole place was dressed to the nines And we were dancing, dancing Like we're made of starlight, starlight Like we're made of starlight, starlight [Verse 2] He said, ""Look at you Worrying so much about things you can't change You'll spend your whole life singing the blues If you keep thinking that way"" He was trying to skip rocks on the ocean, saying to me ""Don't you see the starlight, starlight? Don't you dream impossible things?"" [Chorus] Like, ""Oh, my, what a marvelous tune"" It was the best night, never would forget how we moved The whole place was dressed to the nines And we were dancing, dancing Like we're made of starlight, starlight Like we're made of starlight, starlight [Bridge] Ooh, ooh, he's talking crazy Ooh, ooh, dancing with me Ooh, ooh, we could get married Have ten kids and teach 'em how to dream [Guitar Solo] [Chorus] Oh, my, what a marvelous tune It was the best night, never would forget how we moved The whole place was dressed to the nines And we were dancing, dancing Like we're made of starlight, starlight Like we're made of starlight, starlight [Breakdown] Like we're made of starlight, starlight Like we dream impossible dreams Like starlight, starlight Like we dream impossible dreams [Outro] Don't you see the starlight, starlight? Don't you dream impossible things?"
Red,False,2012-10-22,16.0,Begin Again,Taylor Swift,2012-09-25,0.53,0.526,7.0,-8.349,1.0,0.0263,0.199,3.52e-06,0.232,0.323,79.025,4.0,237613.0,False,G,major,G major,"[Verse 1] Took a deep breath in the mirror He didn't like it when I wore high heels, but I do Turn the lock and put my headphones on He always said he didn't get this song but I do, I do Walked in, expecting you'd be late But you got here early and you stand and wave I walk to you You pull my chair out and help me in And you don't know how nice that is, but I do [Chorus] And you throw your head back laughing like a little kid I think it's strange that you think I'm funny 'cause he never did I've been spending the last eight months Thinking all love ever does is break and burn and end But on a Wednesday in a cafe, I watched it begin again [Verse 2] You said you never met one girl who Had as many James Taylor records as you, but I do We tell stories and you don't know why I'm coming off a little shy, but I do [Chorus] But you throw your head back laughing like a little kid I think it's strange that you think I'm funny 'cause he never did I've been spending the last eight months Thinking all love ever does is break and burn and end But on a Wednesday in a cafe, I watched it begin again [Bridge] And we walked down the block to my car And I almost brought him up But you start to talk About the movies that your family watches Every single Christmas, and I will talk about that And for the first time, what's past is past [Chorus] 'Cause you throw your head back laughing like a little kid I think it's strange that you think I'm funny 'cause he never did I've been spending the last eight months Thinking all love ever does is break and burn and end But on a Wednesday in a cafe, I watched it begin again [Outro] But on a Wednesday in a cafe, I watched it begin again"
Red,False,2012-10-22,17.0,The Moment I Knew,Taylor Swift,2012-10-22,0.62,0.506,7.0,-7.327,1.0,0.0312,0.187,1.47e-05,0.102,0.275,126.015,4.0,285560.0,False,G,major,G major,"[Verse 1] You should've been there Should've burst through the door With that ""Baby, I'm right here"" smile And it would've felt like A million little shining stars had just aligned And I would've been so happy [Verse 2] Christmas lights glisten I've got my eye on the door Just waiting for you to walk in But the time is ticking People ask me how I've been As I comb back through my memory How you said you'd be here You said you'd be here [Chorus] And it was like slow motion Standing there in my party dress In red lipstick With no one to impress And they're all laughing As I'm looking around the room But there was one thing missing And that was the moment I knew [Verse 3] And the hours pass by Now I just wanna be alone But your close friends always seem to know When there's something really wrong So they follow me down the hall And there in the bathroom I try not to fall apart And the sinking feeling starts As I say hopelessly ""He said he'd be here"" [Chorus] And it was like slow motion Standing there in my party dress In red lipstick With no one to impress And they're all laughing And asking me about you But there was one thing missing (missing) And that was the moment I knew [Bridge] What do you say When tears are streaming down your face In front of everyone you know? And what do you do When the one who means the most to you Is the one who didn't show? [Breakdown] You should've been here And I would've been so happy [Chorus] And it was like slow motion Standing there in my party dress In red lipstick With no one to impress And they're all standing around me, singing ""Happy birthday to you"" But there was one thing missing And that was the moment I knew Oh-oh-oh-oh-oh-oh-oh, I knew Oh-oh-oh-oh-oh-oh-oh [Outro] You called me later And said, ""I'm sorry I didn't make it"" And I said, ""I'm sorry, too"" And that was the moment I knew"
Red,False,2012-10-22,19.0,Girl At Home,Taylor Swift,2012-10-22,0.733,0.59,5.0,-5.86,1.0,0.0284,0.272,0.0,0.136,0.633,125.048,4.0,220320.0,False,F,major,F major,"[Intro] Don't look at me, you got a girl at home And everybody knows that, everybody knows that, ah-ah Don't look at me, you got a girl at home And everybody knows that [Verse 1] I don't even know her But I feel a responsibility to do what's upstanding and right It's kinda like a code, yeah And you've been getting closer and closer And crossing so many lines [Pre-Chorus] And it would be a fine proposition If I was a stupid girl But honey, I am no one's exception This, I have previously learned [Chorus] So don't look at me, you got a girl at home And everybody knows that, everybody knows that, ah-ah Don't look at me, you got a girl at home And everybody knows that, everybody knows that I see you turn off your phone And now you've got me alone, and I say Don't look at me, you got a girl at home And everybody knows that, everybody knows that [Verse 2] I just want to make sure You understand perfectly You're the kind of man who makes me sad While she waits up, you chase down the newest thing And take for granted what you have [Pre-Chorus] And it would be a fine proposition If I was a stupid girl And, yeah, I might go with it If I hadn't once been just like her [Chorus] So don't look at me, you got a girl at home And everybody knows that, everybody knows that, ah-ah Don't look at me, you got a girl at home And everybody knows that, everybody knows that I see you turn off your phone And now you've got me alone, and I say Don't look at me, you got a girl at home And everybody knows that, everybody knows that Oh-oh-oh, oh-oh-oh Oh-oh-oh, oh-oh-oh [Bridge] Call a cab, lose my number You're about to lose your girl Call a cab, lose my number Let's consider this lesson learned [Chorus] Don't look at me, you got a girl at home And everybody knows that, everybody knows that, ah-ah Don't look at me, you got a girl at home And everybody knows that, everybody knows that Want to see you pick up your phone And tell her you're coming home Don't look at me, you got a girl at home And everybody knows that, everybody knows that [Outro] Don't look at me, you got a girl at home And everybody knows that, everybody knows that It would be a fine proposition If I hadn't once been just like her"
Red,False,2012-10-22,20.0,Treacherous (Original Demo Recording),Taylor Swift,2012-10-22,0.828,0.64,2.0,-8.248,1.0,0.0355,0.175,6.14e-05,0.0996,0.519,109.993,4.0,239720.0,False,D,major,D major,"[Verse 1] Put your lips close to mine As long as they don't touch Out of focus, eye to eye 'Til the gravity's too much And I'll do anything you say If you say it with your hands And I'd be smart to walk away But you're quicksand [Chorus 1] This slope is treacherous This path is reckless This slope is treacherous And I-I-I like it [Verse 2] I can't decide if it's a choice Getting swept away I hear the sound of my own voice Asking you to stay And all we are is skin and bone Trained to get along Forever going with the flow But you're friction [Chorus 1] This slope is treacherous This path is reckless This slope is treacherous And I, I, I like it [Bridge] Two headlights shine through the sleepless night And I will get you, get you alone Your name has echoed through my mind And I just think you should, think you should know That nothing safe is worth the drive And I will follow you, follow you home Follow you, follow you home [Chorus 2] This hope is treacherous This daydream is dangerous This hope is treacherous I-I-I, I-I-I, I-I-I [Breakdown] Two headlights shine through the sleepless night And I will get you, get you alone Your name has echoed through my mind And I just think you should, think you should know That nothing safe is worth the drive And I will follow you, follow you home Follow you, follow you home I'll follow you, follow you home Follow you, follow you home [Outro] This slope is treacherous I-I-I like it"
Red,False,2012-10-22,21.0,Red (Original Demo Recording),Taylor Swift,2012-10-22,0.678,0.902,1.0,-4.659,0.0,0.0358,0.113,0.000235,0.0722,0.637,124.998,4.0,226280.0,False,C#,minor,C# minor,"[Verse 1] Loving him is like driving a new Maserati Down a dead-end street Faster than the wind, passionate as sin Ending so suddenly Loving him is like trying to change your mind Once you're already flying through the free fall Like the colors in autumn, so bright Just before they lose it all [Chorus] Losing him was blue like I'd never known Missing him was dark grey, all alone Forgetting him was like Trying to know somebody you never met But loving him was red Loving him was red [Verse 2] Touching him was like realizing all you ever wanted Was right there in front of you Memorizing him was as easy as knowing All the words to your old favorite song Fighting with him was like trying to solve a crossword And realizing there's no right answer Regretting him was like wishing you never found out That love could be that strong [Chorus] Losing him was blue like I'd never known Missing him was dark grey, all alone Forgetting him was like Trying to know somebody you never met But loving him was red Oh, red Burning red [Bridge] Remembering him comes in flashbacks and echoes Tell myself it's time now, gotta let go But moving on from him is impossible When I still see it all in my head In burning red Loving him was red [Chorus] Oh, losing him was blue like I'd never known Missing him was dark grey, all alone Forgetting him was like Trying to know somebody you never met 'Cause loving him was red Yeah, yeah, red We're burning red [Breakdown] And that's why he's spinning 'round in my head Comes back to me, burning red Yeah, yeah [Outro] His love was like driving a new Maserati Down a dead-end street"
Red,False,2012-10-22,22.0,State Of Grace (Acoustic Version),Taylor Swift,2012-10-22,0.626,0.118,7.0,-15.91,1.0,0.0305,0.664,0.000169,0.127,0.0682,105.597,4.0,323080.0,False,G,major,G major,"[Verse 1] I'm walking fast through the traffic lights Busy streets and busy lives And all we know, is touch and go We are alone with our changing minds We fall in love 'til it hurts or bleeds, or fades in time [Chorus] And I never saw you coming And I’ll never be the same [Verse 2] You come around and the armor falls Pierce the room like a cannon ball Now all we know, is don’t let go We are alone, just you and me Up in your room and our slates are clean Just twin fire signs, four blue eyes [Pre-Chorus] So you were never a saint And I've loved in shades of wrong We learn to live with the pain Mosaic broken hearts But this love is brave and wild [Chorus] And I never (never) saw you coming And I’ll never (never) be the same [Bridge] This is a state of grace This is the worthwhile fight Love is a ruthless game Unless you play it good and right These are the hands of fate You’re my Achilles heel This is the golden age of something good And right and real [Breakdown] And I never (never) saw you coming And I’ll never (never) be the same [Chorus] And I never (never) saw you coming And I’ll never (So you were never a saint And I've loved in shades of wrong) Be the same (We learn to live with the pain Mosaic broken hearts But this love is brave and wild) [Outro] This is a state of grace This is the worthwhile fight Love is a ruthless game Unless you play it good and right"
Red (Taylor's Version),False,2021-11-12,1.0,State Of Grace (Taylor's Version),Taylor Swift,2021-11-12,0.594,0.713,9.0,-5.314,1.0,0.0503,0.000328,0.0,0.114,0.328,129.958,4.0,295413.0,False,A,major,A major,"[Verse 1] I'm walking fast through the traffic lights Busy streets and busy lives And all we know, is touch and go We are alone with our changing minds We fall in love 'til it hurts or bleeds, or fades in time [Chorus] And I never saw you coming And I’ll never be the same [Verse 2] You come around and the armor falls Pierce the room like a cannon ball Now all we know, is don’t let go We are alone, just you and me Up in your room and our slates are clean Just twin fire signs, four blue eyes [Pre-Chorus] So you were never a saint And I've loved in shades of wrong We learn to live with the pain Mosaic broken hearts But this love is brave and wild [Chorus] And I never (never) saw you coming And I’ll never (never) be the same [Bridge] This is a state of grace This is the worthwhile fight Love is a ruthless game Unless you play it good and right These are the hands of fate You’re my Achilles heel This is the golden age of something good And right and real [Breakdown] And I never (never) saw you coming And I’ll never (never) be the same [Chorus] And I never (never) saw you coming And I’ll never (So you were never a saint And I've loved in shades of wrong) Be the same (We learn to live with the pain Mosaic broken hearts But this love is brave and wild) [Outro] This is a state of grace This is the worthwhile fight Love is a ruthless game Unless you play it good and right"
Red (Taylor's Version),False,2021-11-12,2.0,Red (Taylor's Version),Taylor Swift,2021-11-12,0.516,0.777,1.0,-4.908,0.0,0.0375,0.00108,1.62e-06,0.0761,0.408,125.047,4.0,223093.0,False,C#,minor,C# minor,"[Verse 1] Loving him is like driving a new Maserati Down a dead-end street Faster than the wind, passionate as sin Ending so suddenly Loving him is like trying to change your mind Once you're already flying through the free fall Like the colors in autumn, so bright Just before they lose it all [Chorus] Losing him was blue like I'd never known Missing him was dark grey, all alone Forgetting him was like Trying to know somebody you never met But loving him was red Loving him was red [Verse 2] Touching him was like realizing all you ever wanted Was right there in front of you Memorizing him was as easy as knowing All the words to your old favorite song Fighting with him was like trying to solve a crossword And realizing there's no right answer Regretting him was like wishing you never found out That love could be that strong [Chorus] Losing him was blue like I'd never known Missing him was dark grey, all alone Forgetting him was like Trying to know somebody you never met But loving him was red Oh, red Burning red [Bridge] Remembering him comes in flashbacks and echoes Tell myself it's time now, gotta let go But moving on from him is impossible When I still see it all in my head In burning red Loving him was red [Chorus] Oh, losing him was blue like I'd never known Missing him was dark grey, all alone Forgetting him was like Trying to know somebody you never met 'Cause loving him was red Yeah, yeah, red We're burning red [Breakdown] And that's why he's spinning 'round in my head Comes back to me, burning red Yeah, yeah [Outro] His love was like driving a new Maserati Down a dead-end street"
Red (Taylor's Version),False,2021-11-12,3.0,Treacherous (Taylor's Version),Taylor Swift,2021-11-12,0.645,0.593,2.0,-6.506,1.0,0.0288,0.0344,0.000127,0.13,0.299,109.984,4.0,242720.0,False,D,major,D major,"[Verse 1] Put your lips close to mine As long as they don't touch Out of focus, eye to eye 'Til the gravity's too much And I'll do anything you say If you say it with your hands And I'd be smart to walk away But you're quicksand [Chorus 1] This slope is treacherous This path is reckless This slope is treacherous And I-I-I like it [Verse 2] I can't decide if it's a choice Getting swept away I hear the sound of my own voice Asking you to stay And all we are is skin and bone Trained to get along Forever going with the flow But you're friction [Chorus 1] This slope is treacherous This path is reckless This slope is treacherous And I, I, I like it [Bridge] Two headlights shine through the sleepless night And I will get you, get you alone Your name has echoed through my mind And I just think you should, think you should know That nothing safe is worth the drive And I will follow you, follow you home Follow you, follow you home [Chorus 2] This hope is treacherous This daydream is dangerous This hope is treacherous I-I-I, I-I-I, I-I-I [Breakdown] Two headlights shine through the sleepless night And I will get you, get you alone Your name has echoed through my mind And I just think you should, think you should know That nothing safe is worth the drive And I will follow you, follow you home Follow you, follow you home I'll follow you, follow you home Follow you, follow you home [Outro] This slope is treacherous I-I-I like it"
Red (Taylor's Version),False,2021-11-12,4.0,I Knew You Were Trouble (Taylor's Version),Taylor Swift,2021-11-12,0.584,0.557,6.0,-6.371,1.0,0.0342,0.0129,0.0,0.0576,0.767,154.008,4.0,219760.0,False,F#,major,F# major,"[Intro] [Verse 1] Once upon a time, a few mistakes ago I was in your sights, you got me alone You found me, you found me, you found me I guess you didn't care, and I guess I liked that And when I fell hard, you took a step back Without me, without me, without me [Pre-Chorus] And he's long gone, when he's next to me And I realize the blame is on me [Chorus] 'Cause I knew you were trouble when you walked in So, shame on me now Flew me to places I'd never been 'Til you put me down, oh I knew you were trouble when you walked in So, shame on me now Flew me to places I'd never been Now I'm lying on the cold hard ground Oh, oh-oh Trouble, trouble, trouble Oh, oh-oh Trouble, trouble, trouble [Verse 2] No apologies, he'll never see you cry Pretend he doesn't know That he's the reason why You're drowning, you're drowning You're drowning And I heard you moved on From whispers on the street A new notch in your belt is all I'll ever be And now I see, now I see Now I see [Pre-Chorus] He was long gone when he met me And I realize the joke is on me, hey! [Chorus] I knew you were trouble when you walked in (oh) So, shame on me now Flew me to places I'd never been 'Til you put me down, oh I knew you were trouble when you walked in So, shame on me now Flew me to places I'd never been (yeah) Now I'm lying on the cold hard ground Oh, oh-oh (yeah) Trouble, trouble, trouble Oh, oh-oh Trouble, trouble, trouble [Bridge] And the saddest fear Comes creeping in That you never loved me Or her, or anyone, or anything, yeah! [Chorus] I knew you were trouble when you walked in So, shame on me now Flew me to places I'd never been (never been) 'Til you put me down, oh I knew you were trouble when you walked in (Knew it right there) So, shame on me now (knew it right there) Flew me to places I'd never been (ooh) Now I'm lying on the cold hard ground Oh, oh-oh Trouble, trouble, trouble (oh) Oh, oh-oh Trouble, trouble, trouble [Outro] I knew you were trouble when you walked in Trouble, trouble, trouble I knew you were trouble when you walked in Trouble, trouble, trouble [Outro]"
Red (Taylor's Version),False,2021-11-12,5.0,All Too Well (Taylor's Version),Taylor Swift,2021-11-12,0.44,0.528,0.0,-7.809,1.0,0.0317,0.0171,0.00203,0.234,0.132,185.972,4.0,329160.0,False,C,major,C major,"[Intro] I walked through the door with you The air was cold But something 'bout it felt like home somehow, and I Left my scarf there at your sister's house And you've still got it In your drawer, even now [Verse 1] Oh, your sweet disposition And my wide-eyed gaze We're singing in the car getting lost upstate Autumn leaves falling down like pieces into place And I can picture it after all these days [Pre-Chorus 1] And I know it's long gone and That magic's not here no more And I might be okay, but I'm not fine at all Oh, oh, oh [Chorus 1] 'Cause there we are again on that little town street You almost ran the red 'cause you were looking over at me Wind in my hair, I was there, I remember it all too well [Verse 2] Photo album on the counter Your cheeks were turning red You used to be a little kid with glasses in a twin-sized bed And your mother's telling stories 'bout you on the tee-ball team You tell me 'bout your past, thinking your future was me [Pre-Chorus 2] And I know it's long gone and There was nothing else I could do And I forget about you long enough To forget why I needed to [Chorus 2] 'Cause there we are again in the middle of the night We're dancing round the kitchen in the refrigerator light Down the stairs, I was there, I remember it all too well, yeah [Bridge] Maybe we got lost in translation Maybe I asked for too much But maybe this thing was a masterpiece 'Til you tore it all up Running scared, I was there, I remember it all too well And you call me up again just to break me like a promise So casually cruel in the name of being honest I'm a crumpled up piece of paper lying here 'Cause I remember it all, all, all Too well [Verse 3] Time won't fly, it's like I'm paralyzed by it I'd like to be my old self again But I'm still trying to find it After plaid shirt days and nights when you made me your own Now you mail back my things and I walk home alone But you keep my old scarf From that very first week 'Cause it reminds you of innocence And it smells like me You can't get rid of it 'Cause you remember it all too well, yeah [Chorus 3] 'Cause there we are again when I loved you so Back before you lost the one real thing you've ever known It was rare, I was there, I remember it all too well [Outro] Wind in my hair, you were there, you remember it all Down the stairs, you were there, you remember it all It was rare, I was there, I remember it all too well"
Red (Taylor's Version),False,2021-11-12,6.0,22 (Taylor's Version),Taylor Swift,2021-11-12,0.642,0.695,7.0,-5.62,1.0,0.0281,0.000443,1.02e-05,0.0753,0.642,103.984,4.0,230960.0,False,G,major,G major,"[Verse 1] It feels like a perfect night To dress up like hipsters And make fun of our exes, uh-uh, uh-uh It feels like a perfect night For breakfast at midnight To fall in love with strangers, uh-uh, uh-uh [Pre-Chorus] Yeah We're happy, free, confused, and lonely at the same time It's miserable and magical, oh, yeah Tonight's the night when we forget about the deadlines It's time, oh-oh [Chorus] I don't know about you, but I'm feeling 22 Everything will be alright if you keep me next to you You don't know about me, but I'll bet you want to Everything will be alright if we just keep dancing like we're 22, 22 [Verse 2] It seems like one of those nights This place is too crowded Too many cool kids, uh-uh, uh-uh (Who's Taylor Swift, anyway? Ew) It seems like one of those nights We ditch the whole scene And end up dreaming Instead of sleeping [Pre-Chorus] Yeah We're happy, free, confused, and lonely in the best way It's miserable and magical, oh, yeah Tonight's the night when we forget about the heartbreaks It's time, oh-oh [Chorus] (Hey!) I don't know about you, but I'm feeling 22 Everything will be alright (Ooh) if you keep me next to you You don't know about me, but I'll bet you want to Everything will be alright if (Alright) We just keep dancing like we're 22 (Oh, oh, oh, oh, oh) 22 (I don't know about you) 22, 22 [Bridge] It feels like one of those nights We ditch the whole scene It feels like one of those nights We won't be sleeping It feels like one of those nights You look like bad news I gotta have you I gotta have you Ooh, ooh, yeah [Chorus] (Hey!) I don't know about you, but I'm feeling 22 Everything will be alright if (Ooh) you keep me next to you You don't know about me, but I'll bet you want to Everything will be alright if we just keep dancing like we're 22 (Whoa, oh) 22 (Dancing like) 22 (Yeah, yeah), 22, (Yeah, yeah, yeah) [Outro] It feels like one of those nights We ditch the whole scene It feels like one of those nights We won't be sleeping It feels like one of those nights You look like bad news I gotta have you I gotta have you"
Red (Taylor's Version),False,2021-11-12,7.0,I Almost Do (Taylor's Version),Taylor Swift,2021-11-12,0.511,0.559,4.0,-6.587,1.0,0.0264,0.0167,0.0,0.113,0.248,145.88,4.0,244587.0,False,E,major,E major,"[Verse 1] I bet this time of night, you’re still up I bet you’re tired from a long hard week I bet you’re sitting in your chair by the window Looking out at the city And I bet sometimes you wonder about me [Chorus] And I just want to tell you It takes everything in me not to call you And I wish I could run to you And I hope you know that Every time I don’t I almost do, I almost do [Verse 2] I bet you think I either moved on or hate you ‘Cause each time you reach out, there’s no reply I bet it never, ever occurred to you That I can’t say hello to you And risk another goodbye [Chorus] And I just want to tell you It takes everything in me not to call you And I wish I could run to you And I hope you know that Every time I don’t I almost do, I almost do [Bridge] Oh, we made quite a mess, babe It’s probably better off this way And I confess, babe In my dreams, you’re touching my face And asking me if I want to try again with you And I almost do [Chorus] And I just want to tell you It takes everything in me not to call you And I wish I could run to you And I hope you know that Every time I don’t I almost do, I almost do [Outro] I bet this time of night, you’re still up I bet you’re tired from a long hard week I bet you’re sitting in your chair by the window Looking out at the city And I hope sometimes you wonder about me"
Red (Taylor's Version),False,2021-11-12,8.0,We Are Never Ever Getting Back Together (Taylor's Version),Taylor Swift,2021-11-12,0.567,0.686,7.0,-6.139,1.0,0.175,0.0317,1.86e-06,0.0732,0.716,172.014,4.0,193147.0,False,G,major,G major,"[Verse 1] I remember when we broke up the first time Saying, ""This is it, I've had enough,"" 'cause like We hadn't seen each other in a month When you said you needed ""space"" (what?) Then you come around again and say ""Baby, I miss you and I swear I'm gonna change, trust me"" Remember how that lasted for a day? I say, ""I hate you,"" we break up, you call me, ""I love you"" [Pre-Chorus 1] Ooh-ooh-ooh-ooh-ooh We called it off again last night, but Ooh-ooh-ooh-ooh-ooh This time, I'm telling you, I'm telling you [Chorus] We are never, ever, ever getting back together We are never, ever, ever getting back together You go talk to your friends, talk to my friends, talk to me But we are never, ever, ever, ever getting back together Like, ever [Verse 2] I'm really gonna miss you picking fights And me, falling for it, screaming that I'm right And you would hide away and find your peace of mind With some indie record that's much cooler than mine [Pre-Chorus 2] Ooh-ooh-ooh-ooh-ooh You called me up again tonight, but Ooh-ooh-ooh-ooh-ooh This time, I'm telling you, I'm telling you [Chorus] We are never, ever, ever getting back together We are never, ever, ever (ever) getting back together You go talk to your friends, talk to my friends, talk to me (Talk to me) But we are never, ever, ever, ever getting back together [Post-Chorus] Ooh-ooh-ooh-ooh-ooh (yeah) Ooh-ooh-ooh-ooh-ooh (yeah) Ooh-ooh-ooh-ooh-ooh (yeah) Oh-oh-oh [Bridge] I used to think that we were forever, ever And I used to say, ""Never say never"" Ugh, so he calls me up and he's like, ""I still love you"" And I'm like, ""I just- I mean, this is exhausting, you know? Like, we are never getting back together, like, ever"" [Chorus] We are never, ever, ever getting back together We are never, ever, ever (ooh) getting back together You go talk to your friends, talk to my friends, talk to me But we are never, ever, ever, ever getting back together [Outro] We (ooh-ooh-ooh-ooh-ooh, ooh-ooh-ooh, no) Getting back together We (ooh-ooh-ooh-ooh-ooh, oh, oh, yeah) Getting back together You go talk to your friends, talk to my friends, talk to me (Talk to me) But we are never, ever, ever, ever getting back together"
Red (Taylor's Version),False,2021-11-12,9.0,Stay Stay Stay (Taylor's Version),Taylor Swift,2021-11-12,0.693,0.681,0.0,-7.039,1.0,0.025,0.0848,0.0,0.0768,0.663,100.02,4.0,205787.0,False,C,major,C major,"[Verse 1] I'm pretty sure we almost broke up last night I threw my phone across the room, at you I was expecting some dramatic turn away But you stayed This morning, I said we should talk about it 'Cause I read you should never leave a fight unresolved That's when you came in wearing a football helmet And said, ""Okay, let's talk"" And I said [Hook] Stay, stay, stay I've been loving you for quite some time, time, time You think that it's funny when I'm mad, mad, mad But I think that it's best if we both stay [Verse 2] Before you, I'd only dated self-indulgent takers Who took all of their problems out on me But you carry my groceries and now I'm always laughing And I love you because you have given me No choice but to [Hook] Stay, stay, stay I've been loving you for quite some time, time, time You think that it's funny when I'm mad, mad, mad But I think that it's best if we both stay, stay, stay, stay [Bridge] You took the time to memorize me My fears, my hopes, and dreams I just like hanging out with you, all the time All those times that you didn't leave, it's been occurring to me I'd like to hang out with you, for my whole life [Breakdown] Stay, and I'll be loving you for quite some time No one else is gonna love me when I get mad, mad, mad So I think that it's best if we both stay, stay Stay, stay, stay, stay! [Hook] Stay, stay, stay I've been loving you for quite some time, time, time You think that it's funny when I'm mad, mad, mad But I think that it's best if we both stay, stay Stay, stay, stay, stay! [Outro] Stay, stay, stay I've been loving you for quite some time, time, time You think that it's funny when I'm mad, mad, mad But I think that it's best if we both stay (ha-ha-ha, it's so fun)"
Red (Taylor's Version),False,2021-11-12,10.0,The Last Time (Taylor's Version),Taylor Swift,2021-11-12,0.502,0.534,2.0,-5.954,1.0,0.0278,0.0399,0.0,0.0977,0.155,94.05,4.0,299080.0,False,D,major,D major,"[Verse 1: Gary Lightbody] Find myself at your door Just like all those times before I’m not sure how I got there All roads they lead me here I imagine you are home In your room, all alone And you open your eyes into mine And everything feels better [Pre-Chorus: Taylor Swift & Gary Lightbody] And right before your eyes I'm breaking, no past No reasons why Just you and me [Chorus: Taylor Swift & Gary Lightbody] This is the last time I'm asking you this Put my name at the top of your list This is the last time I'm asking you why You break my heart in the blink of an eye (eye, eye) [Verse 2: Taylor Swift] You find yourself at my door Just like all those times before You wear your best apology But I was there to watch you leave And all the times I let you in Just for you to go again Disappear when you come back Everything is better [Pre-Chorus: Taylor Swift & Gary Lightbody] And right before your eyes I'm aching, no past Nowhere to hide Just you and me-he-e-he-e-he-e-he-e-he-e-he-e-he-e-he [Chorus: Taylor Swift & Gary Lightbody] This is the last time I'm asking you this Put my name at the top of your list This is the last time I'm asking you why You break my heart in the blink of an eye (eye, eye) [Guitar Solo] [Bridge: Taylor Swift and Gary Lightbody] This is the last time you tell me I've got it wrong This is the last time I say it's been you all along This is the last time I let you in my door This is the last time, I won't hurt you anymore Oh-ho, oh-ho, oh-ho, oh-ho Oh-ho, oh-ho, oh-ho, oh-ho [Chorus: Taylor Swift & Gary Lightbody] This is the last time I'm asking you this Put my name at the top of your list This is the last time I'm asking you why You break my heart in the blink of an eye [Outro: Taylor Swift and Gary Lightbody] This is the last time I'm asking you this (This is the last time I'm asking you this) Put my name at the top of your list (Put my name at the top of your list) This is the last time I'm asking you why (This is the last time I'm asking you why) You break my heart in the blink of an eye (You break my heart) [Taylor Swift & Gary Lightbody] This is the last time I'm asking you, last time I'm asking you Last time I'm asking you this This is the last time I'm asking you, last time I'm asking you Last time I'm asking you this This is the last time I'm asking you, last time I'm asking you Last time I'm asking you this This is the last time I'm asking you, last time I'm asking you Last time I'm asking you this"
Red (Taylor's Version),False,2021-11-12,11.0,Holy Ground (Taylor's Version),Taylor Swift,2021-11-12,0.622,0.809,9.0,-5.623,1.0,0.0638,0.0288,0.00218,0.109,0.511,156.894,4.0,202960.0,False,A,major,A major,"[Verse 1] I was reminiscing just the other day While having coffee all alone, and Lord, it took me away Back to a first-glance feeling on New York time Back when you fit in my poems like a perfect rhyme Took off faster than a green light, go Hey, you skip the conversation when you already know I left a note on the door with a joke we'd made And that was the first day [Chorus] And darling, it was good Never looking down And right there where we stood Was holy ground [Verse 2] Spinning like a girl in a brand new dress We had this big wide city all to ourselves We blocked the noise with the sound of, ""I need you"" And for the first time, I had something to lose And I guess we fell apart in the usual way And the story's got dust on every page But sometimes, I wonder how you think about it now And I see your face in every crowd [Chorus] 'Cause darling, it was good Never looking down And right there where we stood Was holy ground [Hook] Tonight, I'm gonna dance For all that we've been through But I don't wanna dance If I'm not dancing with you Tonight, I'm gonna dance Like you were in this room But I don't wanna dance If I'm not dancing with you [Chorus] It was good Never looking down And right there where we stood Was holy ground [Outro] Tonight, I'm gonna dance For all that we've been through But I don't wanna dance If I'm not dancing with you Tonight, I'm gonna dance Like you were in this room But I don't wanna dance If I'm not dancing with you"
Red (Taylor's Version),False,2021-11-12,12.0,Sad Beautiful Tragic (Taylor's Version),Taylor Swift,2021-11-12,0.601,0.406,7.0,-11.827,1.0,0.0275,0.622,9.19e-05,0.133,0.232,130.059,3.0,284773.0,False,G,major,G major,"[Verse 1] Long handwritten note, deep in your pocket Words, how little they mean, when you're a little too late I stood right by the tracks, your face in a locket Good girls, hopeful they'll be and long they will wait [Chorus] We had a beautiful magic love there What a sad, beautiful, tragic love affair [Verse 2] In dreams, I meet you in warm conversation We both wake in lonely beds, different cities And time is taking its sweet time erasing you And you've got your demons And darling, they all look like me [Chorus] 'Cause we had a beautiful magic love there What a sad, beautiful, tragic love affair [Bridge] Distance, timing, breakdown, fighting Silence, the train runs off its tracks Kiss me, try to fix it, could you just try to listen? Hang up, give up, and for the life of us we can't get back [Chorus] A beautiful magic love there What a sad, beautiful, tragic, beautiful, tragic, beautiful What we had, a beautiful magic love there What a sad, beautiful, tragic, love affair We had a beautiful magic love there What a sad, beautiful, tragic love affair"
Red (Taylor's Version),False,2021-11-12,13.0,The Lucky One (Taylor's Version),Taylor Swift,2021-11-12,0.686,0.571,4.0,-7.138,1.0,0.05,0.066,0.0,0.0608,0.538,117.889,4.0,240467.0,False,E,major,E major,"[Verse 1] New to town with a made up name In the angel's city, chasing fortune and fame And the camera flashes make it look like a dream You had it figured out since you were in school Everybody loves pretty, everybody loves cool So overnight, you look like a sixties queen [Pre-Chorus 1] Another name goes up in lights Like diamonds in the sky [Chorus 1] And they’ll tell you now, you’re the lucky one Yeah, they’ll tell you now, you’re the lucky one But can you tell me now, you’re the lucky one? Oh, oh, oh [Verse 2] Now, it’s big black cars and Riviera views And your lover in the foyer doesn’t even know you And your secrets end up splashed on the news front page And they tell you that you’re lucky, but you’re so confused 'Cause you don’t feel pretty, you just feel used And all the young things line up to take your place [Pre-Chorus 2] Another name goes up in lights You wonder if you’ll make it out alive [Chorus 1] And they’ll tell you now, you’re the lucky one Yeah, they’ll tell you now, you’re the lucky one But can you tell me now, you’re the lucky one? Oh, oh, oh [Bridge] It was a few years later, I showed up here And they still tell the legend of how you disappeared How you took the money and your dignity, and got the hell out They say you bought a bunch of land somewhere Chose the rose garden over Madison Square And it took some time, but I understand it now [Pre-Chorus 3] ‘Cause now my name is up in lights But I think you got it right [Chorus 2] Let me tell you now, you’re the lucky one Let me tell you now, you’re the lucky one Let me tell you now, you’re the lucky one, oh, oh, oh And they’ll tell you now, you’re the lucky one Yeah, they’ll tell you now, you’re the lucky one And they’ll tell you now, you’re the lucky one, oh, oh, oh Oh, whoa, oh, oh"
Red (Taylor's Version),False,2021-11-12,14.0,Everything Has Changed (Taylor's Version),Taylor Swift,2021-11-12,0.498,0.61,6.0,-5.098,1.0,0.0363,0.271,0.0,0.223,0.474,79.918,4.0,245427.0,False,F#,major,F# major,"[Intro: Ed Sheeran] (You good to go?) [Verse 1: Taylor Swift] All I knew this morning when I woke Is I know something now Know something now I didn't before And all I've seen since 18 hours ago Is green eyes and freckles and your smile In the back of my mind, making me feel like [Pre-Chorus: Taylor Swift &  Ed Sheeran] I just wanna know you better Know you better, know you better now I just wanna know you better Know you better, know you better now I just wanna know you better Know you better, know you better now I just wanna know you, know you, know you [Chorus: Taylor Swift & Ed Sheeran] 'Cause all I know is we said, ""Hello"" And your eyes look like coming home All I know is a simple name Everything has changed All I know is you held the door You'll be mine and I'll be yours All I know since yesterday Is everything has changed [Verse 2: Ed Sheeran & Taylor Swift] And all my walls stood tall, painted blue And I'll take 'em down, take 'em down And open up the door for you And all I feel in my stomach is butterflies The beautiful kind, making up for lost time Taking flight, making me feel right [Pre-Chorus: Taylor Swift & Ed Sheeran] I just wanna know you better Know you better, know you better now I just wanna know you better Know you better, know you better now I just wanna know you better Know you better, know you better now I just wanna know you, know you, know you [Chorus: Taylor Swift & Ed Sheeran] 'Cause all I know is we said, ""Hello"" And your eyes look like coming home All I know is a simple name Everything has changed All I know is you held the door You'll be mine and I'll be yours All I know since yesterday Is everything has changed [Bridge: Taylor Swift & Ed Sheeran] Come back and tell me why I'm feeling like I've missed you all this time And meet me there tonight And let me know that it's not all in my mind [Pre-Chorus: Taylor Swift] I just wanna know you better Know you better, know you better now I just wanna know you, know you, know you [Chorus: Taylor Swift & Ed Sheeran] 'Cause all I know is we said, ""Hello"" And your eyes look like coming home All I know is a simple name Everything has changed All I know is you held the door You'll be mine and I'll be yours All I know since yesterday Is everything has changed [Outro: Taylor Swift] All I know is we said, ""Hello"" So dust off your highest hopes All I know is pouring rain And everything has changed All I know is a new found grace All my days, I'll know your face All I know since yesterday Is everything has changed"
Red (Taylor's Version),False,2021-11-12,15.0,Starlight (Taylor's Version),Taylor Swift,2021-11-12,0.628,0.685,4.0,-5.864,1.0,0.0358,0.00324,0.0,0.18,0.605,126.014,4.0,220413.0,False,E,major,E major,"[Chorus] I said, ""Oh, my, what a marvelous tune"" It was the best night, never would forget how we moved The whole place was dressed to the nines And we were dancing, dancing Like we're made of starlight Like we're made of starlight [Verse 1] I met Bobby on the boardwalk, summer of '45 Picked me up, late one night at the window We were 17 and crazy, running wild, wild Can't remember what song it was playing when we walked in The night we snuck into a yacht club party Pretending to be a duchess and a prince [Chorus] And I said, ""Oh, my, what a marvelous tune"" It was the best night, never would forget how we moved The whole place was dressed to the nines And we were dancing, dancing Like we're made of starlight, starlight Like we're made of starlight, starlight [Verse 2] He said, ""Look at you Worrying so much about things you can't change You'll spend your whole life singing the blues If you keep thinking that way"" He was trying to skip rocks on the ocean, saying to me ""Don't you see the starlight, starlight? Don't you dream impossible things?"" [Chorus] Like, ""Oh, my, what a marvelous tune"" It was the best night, never would forget how we moved The whole place was dressed to the nines And we were dancing, dancing Like we're made of starlight, starlight Like we're made of starlight, starlight [Bridge] Ooh, ooh, he's talking crazy Ooh, ooh, dancing with me Ooh, ooh, we could get married Have ten kids and teach 'em how to dream [Guitar Solo] [Chorus] Oh, my, what a marvelous tune It was the best night, never would forget how we moved The whole place was dressed to the nines And we were dancing, dancing Like we're made of starlight, starlight Like we're made of starlight, starlight [Breakdown] Like we're made of starlight, starlight Like we dream impossible dreams Like starlight, starlight Like we dream impossible dreams [Outro] Don't you see the starlight, starlight? Don't you dream impossible things?"
Red (Taylor's Version),False,2021-11-12,16.0,Begin Again (Taylor's Version),Taylor Swift,2021-11-12,0.519,0.527,7.0,-7.673,1.0,0.0274,0.075,0.0,0.132,0.267,78.915,4.0,238867.0,False,G,major,G major,"[Verse 1] Took a deep breath in the mirror He didn't like it when I wore high heels, but I do Turn the lock and put my headphones on He always said he didn't get this song but I do, I do Walked in, expecting you'd be late But you got here early and you stand and wave I walk to you You pull my chair out and help me in And you don't know how nice that is, but I do [Chorus] And you throw your head back laughing like a little kid I think it's strange that you think I'm funny 'cause he never did I've been spending the last eight months Thinking all love ever does is break and burn and end But on a Wednesday in a cafe, I watched it begin again [Verse 2] You said you never met one girl who Had as many James Taylor records as you, but I do We tell stories and you don't know why I'm coming off a little shy, but I do [Chorus] But you throw your head back laughing like a little kid I think it's strange that you think I'm funny 'cause he never did I've been spending the last eight months Thinking all love ever does is break and burn and end But on a Wednesday in a cafe, I watched it begin again [Bridge] And we walked down the block to my car And I almost brought him up But you start to talk About the movies that your family watches Every single Christmas, and I will talk about that And for the first time, what's past is past [Chorus] 'Cause you throw your head back laughing like a little kid I think it's strange that you think I'm funny 'cause he never did I've been spending the last eight months Thinking all love ever does is break and burn and end But on a Wednesday in a cafe, I watched it begin again [Outro] But on a Wednesday in a cafe, I watched it begin again"
Red (Taylor's Version),False,2021-11-12,17.0,The Moment I Knew (Taylor's Version),Taylor Swift,2021-11-12,0.636,0.402,7.0,-7.855,1.0,0.031,0.0494,0.0,0.107,0.208,125.952,4.0,285280.0,False,G,major,G major,"[Verse 1] You should've been there Should've burst through the door With that ""Baby, I'm right here"" smile And it would've felt like A million little shining stars had just aligned And I would've been so happy [Verse 2] Christmas lights glisten I've got my eye on the door Just waiting for you to walk in But the time is ticking People ask me how I've been As I comb back through my memory How you said you'd be here You said you'd be here [Chorus] And it was like slow motion Standing there in my party dress In red lipstick With no one to impress And they're all laughing As I'm looking around the room But there was one thing missing And that was the moment I knew [Verse 3] And the hours pass by Now I just wanna be alone But your close friends always seem to know When there's something really wrong So they follow me down the hall And there in the bathroom I try not to fall apart And the sinking feeling starts As I say hopelessly ""He said he'd be here"" [Chorus] And it was like slow motion Standing there in my party dress In red lipstick With no one to impress And they're all laughing And asking me about you But there was one thing missing (missing) And that was the moment I knew [Bridge] What do you say When tears are streaming down your face In front of everyone you know? And what do you do When the one who means the most to you Is the one who didn't show? [Breakdown] You should've been here And I would've been so happy [Chorus] And it was like slow motion Standing there in my party dress In red lipstick With no one to impress And they're all standing around me, singing ""Happy birthday to you"" But there was one thing missing And that was the moment I knew Oh-oh-oh-oh-oh-oh-oh, I knew Oh-oh-oh-oh-oh-oh-oh [Outro] You called me later And said, ""I'm sorry I didn't make it"" And I said, ""I'm sorry, too"" And that was the moment I knew"
Red (Taylor's Version),False,2021-11-12,19.0,Girl At Home (Taylor's Version),Taylor Swift,2021-11-12,0.691,0.736,5.0,-6.974,1.0,0.0326,0.00955,1.88e-05,0.101,0.612,125.089,4.0,220520.0,False,F,major,F major,"[Intro] Don't look at me, you got a girl at home And everybody knows that, everybody knows that, ah-ah Don't look at me, you got a girl at home And everybody knows that [Verse 1] I don't even know her But I feel a responsibility to do what's upstanding and right It's kinda like a code, yeah And you've been getting closer and closer And crossing so many lines [Pre-Chorus] And it would be a fine proposition If I was a stupid girl But honey, I am no one's exception This, I have previously learned [Chorus] So don't look at me, you got a girl at home And everybody knows that, everybody knows that, ah-ah Don't look at me, you got a girl at home And everybody knows that, everybody knows that I see you turn off your phone And now you've got me alone, and I say Don't look at me, you got a girl at home And everybody knows that, everybody knows that [Verse 2] I just want to make sure You understand perfectly You're the kind of man who makes me sad While she waits up, you chase down the newest thing And take for granted what you have [Pre-Chorus] And it would be a fine proposition If I was a stupid girl And, yeah, I might go with it If I hadn't once been just like her [Chorus] So don't look at me, you got a girl at home And everybody knows that, everybody knows that, ah-ah Don't look at me, you got a girl at home And everybody knows that, everybody knows that I see you turn off your phone And now you've got me alone, and I say Don't look at me, you got a girl at home And everybody knows that, everybody knows that Oh-oh-oh, oh-oh-oh Oh-oh-oh, oh-oh-oh [Bridge] Call a cab, lose my number You're about to lose your girl Call a cab, lose my number Let's consider this lesson learned [Chorus] Don't look at me, you got a girl at home And everybody knows that, everybody knows that, ah-ah Don't look at me, you got a girl at home And everybody knows that, everybody knows that Want to see you pick up your phone And tell her you're coming home Don't look at me, you got a girl at home And everybody knows that, everybody knows that [Outro] Don't look at me, you got a girl at home And everybody knows that, everybody knows that It would be a fine proposition If I hadn't once been just like her"
1989,False,2014-10-27,1.0,Welcome To New York,Taylor Swift,2014-10-20,0.789,0.634,7.0,-4.762,1.0,0.0323,0.0348,1.64e-06,0.302,0.658,116.992,4.0,212600.0,False,G,major,G major,"[Verse 1] Walking through a crowd, the village is aglow Kaleidoscope of loud heartbeats under coats Everybody here wanted something more Searching for a sound we hadn't heard before And it said [Chorus] Welcome to New York, it's been waiting for you Welcome to New York, welcome to New York Welcome to New York, it's been waiting for you Welcome to New York, welcome to New York It's a new soundtrack, I could dance to this beat, beat, forevermore The lights are so bright but they never blind me, me Welcome to New York, it's been waiting for you Welcome to New York, welcome to New York [Verse 2] When we first dropped our bags on apartment floors Took our broken hearts, put them in a drawer Everybody here was someone else before And you can want who you want Boys and boys and girls and girls [Chorus] Welcome to New York, it's been waiting for you Welcome to New York, welcome to New York Welcome to New York, it's been waiting for you Welcome to New York, welcome to New York It's a new soundtrack, I could dance to this beat, beat, forevermore The lights are so bright, but they never blind me, me Welcome to New York (New York), it's been waiting for you Welcome to New York, welcome to New York [Bridge] Like any great love, it keeps you guessing Like any real love, it's ever-changing Like any true love, it drives you crazy But you know you wouldn't change anything, anything, anything [Chorus] Welcome to New York, it's been waiting for you Welcome to New York, welcome to New York Welcome to New York, it's been waiting for you Welcome to New York, welcome to New York It's a new soundtrack, I could dance to this beat The lights are so bright, but they never blind me Welcome to New York (New soundtrack) It's been waiting for you Welcome to New York The lights are so bright but they never blind me Welcome to New York So bright, they never blind me Welcome to New York Welcome to New York"
1989,False,2014-10-27,2.0,Blank Space,Taylor Swift,2014-10-27,0.76,0.703,5.0,-5.412,1.0,0.054,0.103,0.0,0.0913,0.57,95.997,4.0,231827.0,False,F,major,F major,"[Verse 1] Nice to meet you, where you been? I could show you incredible things Magic, madness, heaven, sin Saw you there, and I thought ""Oh my God, look at that face You look like my next mistake Love's a game, wanna play?"" Ayy [Verse 2] New money, suit and tie I can read you like a magazine Ain't it funny? Rumors fly And I know you heard about me So hey, let's be friends I'm dyin' to see how this one ends Grab your passport and my hand I can make the bad guys good for a weekend [Chorus] So it's gonna be forever Or it's gonna go down in flames You can tell me when it's over, mm If the high was worth the pain Got a long list of ex-lovers They'll tell you I'm insane 'Cause you know I love the players And you love the game 'Cause we're young and we're reckless We'll take this way too far It'll leave you breathless, hmm Or with a nasty scar Got a long list of ex-lovers They'll tell you I'm insane But I've got a blank space, baby And I'll write your name [Verse 3] Cherry lips, crystal skies I could show you incredible things Stolen kisses, pretty lies You're the King, baby, I'm your Queen Find out what you want Be that girl for a month Wait, the worst is yet to come Oh, no [Verse 4] Screaming, crying, perfect storms I can make all the tables turn Rose garden filled with thorns Keep you second guessin' like ""Oh my God, who is she?"" I get drunk on jealousy But you'll come back each time you leave 'Cause, darling, I'm a nightmare dressed like a daydream [Chorus] So it's gonna be forever Or it's gonna go down in flames You can tell me when it's over, mm If the high was worth the pain Got a long list of ex-lovers They'll tell you I'm insane 'Cause you know I love the players And you love the game 'Cause we're young and we're reckless We'll take this way too far It'll leave you breathless, hmm Or with a nasty scar Got a long list of ex-lovers They'll tell you I'm insane But I've got a blank space, baby And I'll write your name [Bridge] Boys only want love if it's torture Don't say I didn't, say I didn't warn ya Boys only want love if it's torture Don't say I didn't, say I didn't warn ya [Chorus] So it's gonna be forever Or it's gonna go down in flames You can tell me when it's over, mm If the high was worth the pain Got a long list of ex-lovers They'll tell you I'm insane 'Cause you know I love the players And you love the game 'Cause we're young and we're reckless We'll take this way too far It'll leave you breathless, hmm Or with a nasty scar Got a long list of ex-lovers They'll tell you I'm insane But I've got a blank space, baby And I'll write your name"
1989,False,2014-10-27,3.0,Style,Taylor Swift,2014-10-27,0.588,0.791,7.0,-5.595,1.0,0.0402,0.00245,0.00258,0.118,0.487,94.933,4.0,231000.0,False,G,major,G major,"[Verse 1] Midnight You come and pick me up, no headlights Long drive Could end in burning flames or paradise Fade into view, oh It's been a while since I have even heard from you (Heard from you) And I should just tell you to leave, 'cause I Know exactly where it leads, but I Watch us go 'round and 'round each time [Chorus] You got that James Dean daydream look in your eye And I got that red lip classic thing that you like And when we go crashing down, we come back every time 'Cause we never go out of style, we never go out of style You got that long hair, slicked back, white t-shirt And I got that good girl faith and a tight little skirt And when we go crashing down, we come back every time 'Cause we never go out of style, we never go out of style [Verse 2] So it goes He can't keep his wild eyes on the road (Mmm) Takes me home The lights are off, he's taking off his coat (Mmm, yeah) I say, ""I heard, oh That you've been out and about with some other girl"" Some other girl He says, ""What you heard is true, but I Can't stop thinking 'bout you,"" and I I said, ""I've been there too a few times"" [Chorus] 'Cause you got that James Dean daydream look in your eye And I got that red lip classic thing that you like And when we go crashing down, we come back every time 'Cause we never go out of style, we never go out of style You got that long hair, slicked back, white t-shirt And I got that good girl faith and a tight little skirt (A tight little skirt) And when we go crashing down, we come back every time 'Cause we never go out of style (we never go, we never go) We never go out of style [Bridge] Take me home Just take me home Yeah, just take me home Oh-oh, whoa-oh, oh (Out of style) [Chorus] Oh, you got that James Dean daydream look in your eye And I got that red lip classic thing that you like And when we go crashing down (And when we go) We come back every time 'Cause we never go out of style, we never go out of style"
1989,False,2014-10-27,4.0,Out Of The Woods,Taylor Swift,2014-10-14,0.553,0.841,7.0,-6.937,1.0,0.0396,0.000743,1.19e-05,0.341,0.338,92.008,4.0,235800.0,False,G,major,G major,"[Verse 1] Looking at it now It all seems so simple We were lying on your couch I remember You took a Polaroid of us Then discovered (Then discovered) The rest of the world was black and white But we were in screaming color And I remember thinking [Chorus] Are we out of the woods yet? Are we out of the woods yet? Are we out of the woods yet? Are we out of the woods? Are we in the clear yet? Are we in the clear yet? Are we in the clear yet? In the clear yet? Good Are we out of the woods yet? Are we out of the woods yet? Are we out of the woods yet? Are we out of the woods? Are we in the clear yet? Are we in the clear yet? Are we in the clear yet? In the clear yet? Good (Are we out of the woods?) [Verse 2] Looking at it now Last December (Last December) We were built to fall apart Then fall back together (Back together) Your necklace hanging from my neck The night we couldn't quite forget When we decided, we decided To move the furniture so we could dance Baby, like we stood a chance Two paper airplanes flying, flying, flying And I remember thinking [Chorus] Are we out of the woods yet? Are we out of the woods yet? Are we out of the woods yet? Are we out of the woods? (Out of the woods) Are we in the clear yet? Are we in the clear yet? Are we in the clear yet? In the clear yet? Good Are we out of the woods yet? Are we out of the woods yet? Are we out of the woods yet? (Oh) Are we out of the woods? Are we in the clear yet? Are we in the clear yet? Are we in the clear yet? In the clear yet? Good (Are we out of the woods?) [Bridge] Remember when you hit the brakes too soon? Twenty stitches in a hospital room When you started crying, baby, I did too But when the sun came up, I was looking at you Remember when we couldn't take the heat? I walked out and said, ""I'm setting you free"" But the monsters turned out to be just trees When the sun came up, you were looking at me You were looking at me, ooh You were looking at me (Are we out of the woods yet? Are we out of the woods yet?) (Are we out of the woods yet? Are we out of the woods?) I remember (Are we in the clear yet? Are we in the clear yet?) (Are we in the clear yet? In the clear yet? Good) Oh, I remember [Chorus] Are we out of the woods yet? Are we out of the woods yet? (Yeah) Are we out of the woods yet? Are we out of the woods? Are we in the clear yet? Are we in the clear yet? (Are we?) Are we in the clear yet? In the clear yet? Good Are we out of the woods yet? Are we out of the woods yet? Are we out of the woods yet? Are we out of the woods? Are we in the clear yet? (Yeah) Are we in the clear yet? (Yeah) Are we in the clear yet? In the clear yet? Good Are we out of the woods yet? Are we out of the woods yet? Are we out of the woods yet? Are we out of the woods? Are we in the clear yet? Are we in the clear yet? Are we in the clear yet? In the clear yet? Good Are we out of the woods yet? Are we out of the woods yet? Are we out of the woods yet? Are we out of the woods? Are we in the clear yet? Are we in the clear yet? Are we in the clear yet? In the clear yet? Good"
1989,False,2014-10-27,5.0,All You Had To Do Was Stay,Taylor Swift,2014-10-27,0.605,0.725,5.0,-5.729,1.0,0.0323,0.00201,2.02e-05,0.101,0.539,96.97,4.0,193293.0,False,F,major,F major,"[Verse 1] People like you always want back The love they gave away And people like me wanna believe you When you say you've changed The more I think about it now The less I know All I know is that you drove us Off the road [Chorus] (Stay!) Hey All you had to do was stay Had me in the palm of your hand Then, why'd you have to go and lock me out when I let you in? (Stay!) Hey Now, you say you want it back Now that it's just too late Well, could've been easy All you had to do was (Stay!) All you had to do was (Stay!) All you had to do was (Stay!) All you had to do was (Stay!) All you had to do was stay [Verse 2] Here you are now, calling me up But I don't know what to say I've been picking up the pieces Of the mess you made People like you always want back The love they pushed aside But people like me are gone forever When you say goodbye [Chorus] (Stay!) Hey All you had to do was stay Had me in the palm of your hand Then, why'd you have to go and lock me out when I let you in? (Stay!) Hey Now, you say you want it back Now that it's just too late Well, could've been easy All you had to do was (Stay!) All you had to do was (Stay!) All you had to do was (stay!) All you had to do was (Stay! stay! stay! stay! stay!) [Bridge] Let me remind you This was what you wanted (Oh, oh, oh-oh-oh) You ended it You were all I wanted (Oh, oh, oh-oh-oh) But not like this Not like this Not like this Oh, all you had to do was [Chorus] (Stay!) Hey All you had to do was stay Had me in the palm of your hand Then, why'd you want to go and lock me out when I let you in? (Stay!) Hey Now, you say you want it back Now that it's just too late Well, could've been easy All you had to do was (Stay!) Hey All you had to do was stay Had me in the palm of your hand Then, why'd you have to go and lock me out when I let you in? (Stay!) Hey Now, you say you want it back Now that it's just too late (All you had to do was stay) Well, could've been easy All you had to do was (Stay!) All you had to do was (Stay!) (Oh) All you had to do was (Stay!) All you had to do was (Stay!) (Ooh) All you had to do was (Stay!)"
1989,False,2014-10-27,6.0,Shake It Off,Taylor Swift,2014-08-18,0.647,0.8,7.0,-5.384,1.0,0.165,0.0647,0.0,0.334,0.942,160.078,4.0,219200.0,False,G,major,G major,"[Verse 1] I stay out too late Got nothing in my brain That's what people say, mmm, mmm That's what people say, mmm, mmm I go on too many dates But I can't make them stay At least that's what people say, mmm, mmm That's what people say, mmm, mmm [Pre-Chorus 1] But I keep cruisin' Can't stop, won't stop movin' It's like I got this music in my mind Saying it's gonna be alright [Chorus] 'Cause the players gonna play, play, play, play, play And the haters gonna hate, hate, hate, hate, hate Baby, I'm just gonna shake, shake, shake, shake, shake I shake it off, I shake it off Heartbreakers gonna break, break, break, break, break And the fakers gonna fake, fake, fake, fake, fake Baby, I'm just gonna shake, shake, shake, shake, shake I shake it off, I shake it off [Verse 2] I never miss a beat I'm lightning on my feet And that's what they don’t see, mmm, mmm That's what they don’t see, mmm, mmm I'm dancing on my own (Dancing on my own) I make the moves up as I go (Moves up as I go) And that's what they don't know, mmm, mmm That’s what they don’t know, mmm, mmm [Pre-Chorus 2] But I keep cruisin' Can't stop, won't stop groovin' It's like I got this music in my mind Saying it's gonna be alright [Chorus] 'Cause the players gonna play, play, play, play, play And the haters gonna hate, hate, hate, hate, hate Baby, I'm just gonna shake, shake, shake, shake, shake I shake it off, I shake it off Heartbreakers gonna break, break, break, break, break And the fakers gonna fake, fake, fake, fake, fake Baby, I'm just gonna shake, shake, shake, shake, shake I shake it off, I shake it off [Post-Chorus] Shake it off, I shake it off I, I, I shake it off, I shake it off I, I, I shake it off, I shake it off I, I, I shake it off, I shake it off [Interlude] Hey, hey, hey Just think while you've been getting down and out about the liars And the dirty, dirty cheats of the world You could've been getting down To this sick beat [Bridge] My ex-man brought his new girlfriend She's like, “Oh my God,” but I'm just gonna shake And to the fella over there with the hella good hair Won't you come on over, baby? We can shake, shake, shake Yeah, oh, oh, oh [Chorus] 'Cause the players gonna play, play, play, play, play And the haters gonna hate, hate, hate, hate, hate (Haters gonna hate) Baby, I'm just gonna shake, shake, shake, shake, shake I shake it off, I shake it off Heartbreakers gonna break, break, break, break, break (Mmhm) And the fakers gonna fake, fake, fake, fake, fake (And fake, and fake, and fake) Baby, I'm just gonna shake, shake, shake, shake, shake I shake it off, I shake it off [Post-Chorus] Shake it off, I shake it off I, I, I shake it off, I shake it off I, I, I shake it off, I shake it off I, I, I shake it off, I shake it off Shake it off, I shake it off I, I, I shake it off, I shake it off I, I, I shake it off, I shake it off I, I, I shake it off, I shake it off (Yeah) Shake it off, I shake it off I, I, I shake it off, I shake it off (You got to) I, I, I shake it off, I shake it off I, I, I shake it off, I shake it off [Video directed by Mark Romanek]"
1989,False,2014-10-27,7.0,I Wish You Would,Taylor Swift,2014-10-27,0.653,0.893,0.0,-5.966,1.0,0.0538,0.0158,4.95e-05,0.102,0.513,118.035,4.0,207440.0,False,C,major,C major,"[Verse 1] It's 2AM in your car Windows down, you pass my street, the memories start You say it's in the past, you drive straight ahead You're thinking that I hate you now 'Cause you still don't know what I never said [Chorus 1] I wish you would come back Wish I never hung up the phone like I did, I Wish you knew that I'd never forget you as long as I live, and I Wish you were right here, right now, it's all good I wish you would [Verse 2] It's 2AM in my room Headlights pass the window pane I think of you We're a crooked love in a straight line down Makes you want to run and hide But it makes you turn right back around [Chorus 2] I wish you would come back Wish I never hung up the phone like I did, I Wish you knew that I'd never forget you as long as I live, and I Wish you were right here, right now, it's all good I wish you would I wish we could go back And remember what we were fighting for, and I Wish you knew that I miss you too much to be mad anymore, and I Wish you were right here, right now, it's all good I wish you would [Post-Chorus] I, I, I, I, I, I wish I, wish I I, I, I, I, I, I wish I, wish I I, I, I, I, I, I wish I, wish I [Bridge] You always knew how to push my buttons You give me everything and nothing This mad, mad love makes you come running To stand back where you stood I wish you would, I wish you would (I wish you would, I wish you would) I wish you would, I wish you would (I wish you would, I wish you would) (I wish I, wish I) [Verse 3] 2AM, here we are See your face, hear my voice in the dark We're a crooked love in a straight line down Makes you wanna run and hide But it made us turn right back around [Chorus 2] I wish you would come back Wish I never hung up the phone like I did, I Wish you knew that I'd never forget you as long as I live, and I Wish you were right here, right now, it's all good I wish you would I wish you would come back Wish I never hung up the phone like I did, I Wish you knew that I'd never forget you as long as I live, and I Wish you were right here, right now, it's all good I wish you would I wish we could go back And remember what we were fighting for, and I Wish you knew that I miss you too much to be mad anymore, and I Wish you were right here, right now, it's all good I wish you would [Outro] (I, I, I, I, I, I wish I, wish I) You always knew how to push my buttons You give me everything and nothing This mad, mad love makes you come running To stand back where you stood I wish you would, I wish you would (I wish you would, I wish you would) I wish you would, I wish you would (I wish you would, I wish you would, I wish you would) (I, I, I, I, I, I wish I, wish I) I, I, I, I, I, I wish I, wish I I, I, I, I, I, I wish I, wish I I wish you would"
1989,False,2014-10-27,8.0,Bad Blood,Taylor Swift,2014-10-27,0.646,0.794,7.0,-6.104,1.0,0.19,0.0885,6.16e-06,0.201,0.287,170.216,4.0,211933.0,False,G,major,G major,"[Chorus] ’Cause baby, now we've got bad blood You know it used to be mad love So take a look what you've done ’Cause baby, now we've got bad blood, hey! Now we've got problems And I don't think we can solve 'em You made a really deep cut And baby, now we've got bad blood, hey! [Verse 1] Did you have to do this? I was thinking that you could be trusted Did you have to ruin what was shiny? Now it's all rusted Did you have to hit me where I'm weak? Baby, I couldn't breathe And rub it in so deep Salt in the wound like you're laughing right at me [Pre-Chorus] Oh, it's so sad to Think about the good times You and I [Chorus] ’Cause baby, now we've got bad blood You know it used to be mad love So take a look what you've done ’Cause baby, now we've got bad blood, hey! Now we've got problems And I don't think we can solve 'em You made a really deep cut And baby, now we've got bad blood, hey! [Verse 2] Did you think we'd be fine? Still got scars in my back from your knives So don't think it's in the past These kinds of wounds they last and they last Now, did you think it all through? All these things will catch up to you And time can heal, but this won't So if you're coming my way Just don't [Pre-Chorus] Oh, it's so sad to Think about the good times You and I [Chorus] ’Cause baby, now we've got bad blood You know it used to be mad love So take a look what you've done ’Cause baby, now we've got bad blood, hey! Now we've got problems And I don't think we can solve 'em You made a really deep cut And baby, now we've got bad blood, hey! [Bridge] Band-aids don't fix bullet holes You say sorry just for show If you live like that, you live with ghosts Band-aids don't fix bullet holes You say sorry just for show If you live like that, you live with ghosts If you love like that, blood runs cold! [Chorus] ’Cause baby, now we've got bad blood You know it used to be mad love So take a look what you've done ’Cause baby, now we've got bad blood, hey! Now we've got problems And I don't think we can solve 'em (Think we can solve 'em) You made a really deep cut And baby, now we've got bad blood, hey! [Chorus] ’Cause baby, now we've got bad blood You know it used to be mad love So take a look what you've done (Look what you've done) ’Cause baby, now we've got bad blood, hey! Now we've got problems And I don't think we can solve 'em You made a really deep cut And baby, now we've got bad blood, hey!"
1989,False,2014-10-27,9.0,Wildest Dreams,Taylor Swift,2014-10-27,0.55,0.688,8.0,-7.416,1.0,0.0897,0.0692,0.00144,0.106,0.465,139.997,4.0,220440.0,False,G#,major,G# major,"[Intro] [Verse 1] He said, ""Let's get out of this town Drive out of this city, away from the crowds"" I thought, ""Heaven can't help me now"" Nothing lasts forever But this is gonna take me down [Pre-Chorus 1] He's so tall and handsome as hell He's so bad, but he does it so well I can see the end as it begins My one condition is [Chorus] Say you'll remember me Standing in a nice dress Staring at the sunset, babe Red lips and rosy cheeks Say you'll see me again Even if it's just in your Wildest dreams, ah-aah, haa Wildest dreams, ah-aah, haa [Verse 2] I said, ""No one has to know what we do"" His hands are in my hair, his clothes are in my room And his voice is a familiar sound Nothing lasts forever But this is gettin' good now [Pre-Chorus 2] He's so tall and handsome as hell He's so bad, but he does it so well And when we've had our very last kiss My last request, it is [Chorus] Say you'll remember me Standing in a nice dress Staring at the sunset, babe Red lips and rosy cheeks Say you'll see me again Even if it's just in your Wildest dreams, ah-aah, haa (Ah-aah, haa) Wildest dreams, ah-aah, haa [Bridge] You'll see me in hindsight, tangled up with you all night Burnin' it down Someday when you leave me, I'd bet these memories Follow you around You'll see me in hindsight, tangled up with you all night Burning (Burning) it (It) down (Down) Someday when you leave me, I'll bet these memories Follow (Follow) you (You) around (Around) (Follow you around) [Breakdown] Say you'll remember me Standing in a nice dress Staring at the sunset, babe Red lips and rosy cheeks Say you'll see me again Even if it's just pretend [Chorus] Say you'll remember me Standing in a nice dress Staring at the sunset, babe Red lips and rosy cheeks Say you'll see me again Even if it's just in your (Pretend, just pretend) Wildest dreams, ah-aah, ha (Ah-aah-aah-aah-aah-hafhaa) In your wildest dreams, ah-aah, haa Even if it's just in your Wildest dreams, ah-aah, haa In your wildest dreams, ah-aah, haa"
1989,False,2014-10-27,10.0,How You Get The Girl,Taylor Swift,2014-10-27,0.765,0.656,5.0,-6.112,1.0,0.0504,0.00364,0.00868,0.0918,0.545,119.997,4.0,247533.0,False,F,major,F major,"[Intro] Oh, oh, oh Oh, oh, oh Oh-oh, oh-oh [Verse 1] Stand there like a ghost Shaking from the rain, rain She'll open up the door and say, ""Are you insane?"" Say it's been a long six months And you were too afraid to tell her what you want, want [Pre-Chorus 1] And that's how it works That's how you get the girl And then, you say [Chorus] I want you for worse or for better I would wait forever and ever Broke your heart, I'll put it back together I would wait forever and ever And that's how it works That's how you get the girl, girl (Oh-oh, oh) And that's how it works That's how you get the girl, girl [Verse 2] Remind her how it used to be, be, yeah-yeah With pictures in frames of kisses on cheeks, cheeks Tell her how you must have lost your mind, ooh-ooh When you left her all alone And never told her why, why [Pre-Chorus 2] And that's how it works That's how you lost the girl And now, you say [Chorus] I want you for worse or for better I would wait forever and ever (Ever and ever) Broke your heart, I'll put it back together I would wait forever and ever And that's how it works That's how you get the girl, girl (Oh-oh, oh-oh) And that's how it works That's how you get the girl, girl Yeah, yeah [Bridge] And you know Oh, oh, oh, oh, oh, oh, oh, oh, oh, oh That I don't want you to go, oh, oh [Breakdown] Remind me how it used to be Pictures in frames of kisses on cheeks And say you want me, yeah-yeah And then you say [Chorus] 'Cause I want you for worse or for better (Worse or for better) I would wait forever and ever (Ever and ever) Broke your heart, I'll put it back together I would wait forever and ever (I want you forever and ever) And that's how it works That's how you get the girl, girl (This is how it works) And that's how it works That's how you get the girl, girl (Get the girl) (That's how it works) And that's how it works That's how you get the girl, girl (Oh, oh, oh, oh, oh, oh, oh, oh, oh, oh) And that's how it works That's how you get the girl, girl (Oh, oh, oh, oh, oh, oh, oh, oh, oh, oh) [Outro] That's how it works That's how you got the girl"
1989,False,2014-10-27,11.0,This Love,Taylor Swift,2014-10-27,0.481,0.435,4.0,-8.795,1.0,0.0321,0.678,0.0,0.0928,0.107,143.95,4.0,250093.0,False,E,major,E major,"[Verse 1] Clear blue water High tide came and brought you in And I could go on and on, on and on And I will Skies grew darker Currents swept you out again And you were just gone and gone, gone and gone [Pre-Chorus 1] In silent screams and wildest dreams I never dreamed of this [Chorus 1] This love is good, this love is bad This love is alive back from the dead, oh-oh, oh These hands had to let it go free, and This love came back to me, oh-oh, oh Oh-oh, oh, oh-oh, oh [Verse 2] Tossing, turning Struggled through the night with someone new And I could go on and on, on and on Lantern, burning Flickered in my mind, only you But you were still gone, gone, gone [Pre-Chorus 2] Been losing grip, on sinking ships You showed up just in time [Chorus 2] This love is good, this love is bad This love is alive back from the dead, oh-oh, oh These hands had to let it go free, and This love came back to me, oh-oh, oh This love left a permanent mark This love is glowing in the dark, oh-oh, oh These hands had to let it go free, and This love came back to me, oh-oh, oh [Post-Chorus] (This love, this love, this love, this love, oh) (This love, this love, this love, this love, oh) (This love, this love, this love, this love, oh) (This love, this love, this love, this love, oh) [Bridge] Your kiss, my cheek I watched you leave Your smile, my ghost I fell to my knees When you're young, you just run But you come back to what you need [Chorus 2] This love is good, this love is bad This love is alive back from the dead, oh-oh, oh These hands had to let it go free, and This love came back to me, oh-oh, oh (This love) This love left a permanent mark (This love) This love is glowing in the dark, oh-oh, oh (This love) These hands had to let it go free, and (This love) This love came back to me, oh-oh, oh [Post-Chorus] (This love, this love, this love, this love, oh) (This love, this love, this love, this love, oh) (This love, this love, this love, this love) This love, this love came back to me, oh-oh, oh"
1989,False,2014-10-27,12.0,I Know Places,Taylor Swift,2014-10-27,0.602,0.755,0.0,-4.991,1.0,0.071,0.245,0.0,0.178,0.495,159.965,4.0,195707.0,False,C,major,C major,"[Intro] [Recorder click] I, I, I, I, I, I, I, I-I I, I, I, I, I, I, I, I-I I, I, I, I, I, I, I, I-I (I, I, I, I) [Verse 1] You stand with your hand on my waistline It's a scene and we're out here in plain sight I can hear them whisper as we pass by It's a bad sign, bad sign Something happens when everybody finds out See the vultures circling, dark clouds Love's a fragile little flame, it could burn out It could burn out [Pre-Chorus 1] 'Cause they got the cages, they got the boxes and guns They are the hunters, we are the foxes and we run [Chorus] Baby, I know places we won't be found And they'll be chasing their tails trying to track us down 'Cause I, I know places we can hide I know places, I know places [Verse 2] Lights flash and we'll run for the fences Let them say what they want, we won't hear it Loose lips sink ships all the damn time Not this time [Pre-Chorus 2] Just grab my hand and don't ever drop it, my love They are the hunters, we are the foxes, and we run [Chorus] Baby, I know places we won't be found And they'll be chasing their tails trying to track us down 'Cause I, I know places we can hide I know places [Bridge] They are the hunters, we are the foxes, and we run Just grab my hand and don't ever drop it, my love [Chorus] Baby, I know places we won't be found And they'll be chasing their tails trying to track us down 'Cause I, I know places we can hide I know places [Outro] They take their shots, but we're bulletproof (I know places) And you know for me, it's always you (I know places) In the dead of night, your eyes so green (I know places) And I know for you, it's always me (I know places) I, I, I, I, I, I, I, I-I I, I, I, I, I, I, I, I-I [recorder click]"
1989,False,2014-10-27,13.0,Clean,Taylor Swift,2014-10-27,0.815,0.377,4.0,-7.754,1.0,0.0346,0.232,0.0,0.1,0.211,103.97,4.0,271000.0,False,E,major,E major,"[Verse 1] The drought was the very worst (Oh-oh, oh-oh) When the flowers that we'd grown together died of thirst It was months and months of back and forth (Oh-oh, oh-oh) You're still all over me Like a wine-stained dress I can't wear anymore [Pre-Chorus 1] Hung my head as I lost the war And the sky turned black like a perfect storm [Chorus] Rain came pouring down When I was drowning, that's when I could finally breathe And by morning Gone was any trace of you, I think I am finally clean (Oh, oh, oh, oh) [Verse 2] There was nothing left to do (Oh-oh, oh-oh) When the butterflies turned to Dust that covered my whole room So I punched a hole in the roof (Oh-oh, oh-oh) Let the flood carry away all my pictures of you [Pre-Chorus 2] The water filled my lungs, I screamed so loud But no one heard a thing [Chorus] Rain came pouring down When I was drowning, that's when I could finally breathe And by morning Gone was any trace of you, I think I am finally clean (Oh, oh, oh, oh) I think I am finally clean (Oh, oh) Oh, oh, oh, oh, oh-oh Said, I think I am finally clean (Oh, oh) Oh, oh, oh, oh, oh-oh [Bridge] Ten months sober, I must admit Just because you're clean, don't mean you don't miss it Ten months older, I won't give in Now that I'm clean, I'm never gonna risk it [Breakdown] The drought was the very worst (Oh-oh, oh-oh) When the flowers that we'd grown together died of thirst (Oh) [Chorus] The rain came pouring down When I was drowning, that's when I could finally breathe And by morning Gone was any trace of you, I think I am finally clean Rain came pouring down When I was drowning, that's when I could finally breathe And by morning Gone was any trace of you, I think I am finally clean [Outro] (Oh, oh) Finally clean Think I'm finally clean (Oh, oh) Oh-oh, oh-oh (Oh, oh, oh) Think I'm finally clean"
1989,False,2014-10-27,14.0,Wonderland,Taylor Swift,2014-10-27,0.422,0.692,3.0,-5.447,1.0,0.0549,0.0493,2.57e-05,0.177,0.197,184.014,4.0,245560.0,False,D#,major,D# major,"[Verse 1] Flashing lights, and we Took a wrong turn, and we Fell down a rabbit hole You held on tight to me 'Cause nothing's as it seems And spinning out of control [Pre-Chorus 1] Didn't they tell us don't rush into things? Didn't you flash your green eyes at me? Haven't you heard what becomes of curious minds? Ooh, didn't it all seem new and exciting? I felt your arms twistin' around me I should have slept with one eye open at night [Chorus] We found Wonderland You and I got lost in it And we pretended it could last forever (ey, ey) We found Wonderland You and I got lost in it And life was never worse but never better (ey, ey) (Ey, ey, ey, ey, ey) In Wonderland (Ey, ey, ey, ey, ey) In Wonderland (Ey, ey, ey, ey, ey) In Wonderland (Ey, ey, ey, ey, ey) In Wonderland [Verse 2] So we went on our way Too in love to think straight All alone, or so it seemed But there were strangers watching And whispers turned to talking And talking turned to screams, oh [Pre-Chorus 2] Didn't they tell us don't rush into things? Didn't you flash your green eyes at me? Didn't you calm my fears with a Cheshire cat smile? Ooh, didn't it all seem new and exciting? I felt your arms twistin' around me It's all fun and games 'til somebody loses their mind But darlin' [Chorus] We found Wonderland You and I got lost in it And we pretended it could last forever (ey, ey) We found Wonderland You and I got lost in it And life was never worse but never better (ey, ey) (Ey, ey, ey, ey, ey) In Wonderland (Ey, ey, ey, ey, ey) In Wonderland (Ey, ey, ey, ey, ey) In Wonderland (Ey, ey, ey, ey, ey) Whoa, in Wonderland [Bridge] I reached for you, but you were gone I knew I had to go back home You searched the world for something else To make you feel like what we had And in the end, in Wonderland We both went mad Oh [Chorus] We found Wonderland You and I got lost in it And we pretended it could last forever Last forever (ey, ey) We found Wonderland You and I got lost in it (got lost in it) And life was never worse but never better Never better (ey, ey) (Ey, ey, ey, ey, ey) We found Wonderland You and I got lost in it (Ey, ey, ey, ey, ey) And we pretended it could last forever (in Wonderland) (Ey, ey, ey, ey, ey) We found Wonderland You and I got lost in it (Ey, ey, ey, ey, ey) And life was never worse but never better In Wonderland"
1989,False,2014-10-27,15.0,You Are In Love,Taylor Swift,2014-10-27,0.474,0.48,2.0,-8.894,1.0,0.0622,0.707,0.000108,0.0903,0.319,170.109,4.0,267107.0,False,D,major,D major,"[Verse 1] One look, dark room Meant just for you Time moved too fast, you play it back Buttons on a coat, lighthearted joke No proof, not much, but you saw enough Small talk, he drives Coffee at midnight The light reflects the chain on your neck He says, ""Look up"" And your shoulders brush No proof, one touch, but you felt enough [Chorus] You can hear it in the silence (silence), silence (silence), you You can feel it on the way home (way home), way home (way home), you You can see it with the lights out (lights out), lights out (lights out) You are in love, true love You are in love [Verse 2] Morning, his place Burnt toast, Sunday You keep his shirt, he keeps his word And for once, you let go Of your fears and your ghosts One step, not much, but it said enough You kiss on sidewalks You fight and you talk One night, he wakes Strange look on his face Pauses, then says ""You're my best friend"" And you knew what it was, he is in love [Chorus] You can hear it in the silence (silence), silence (silence), you You can feel it on the way home (way home), way home (way home), you You can see it with the lights out (lights out), lights out (lights out) You are in love, true love [Bridge] And so it goes You two are dancing in a snow globe, 'round and 'round And he keeps a picture of you in his office downtown And you understand now Why they lost their minds and fought the wars And why I've spent my whole life trying to put it into words [Breakdown] 'Cause you can hear it in the silence You can feel it on the way home You can see it with the lights out You are in love, true love You are in love [Chorus] You can hear it in the silence (silence), silence (silence), you You can feel it on the way home (way home), way home (way home), you You can see it with the lights out (lights out), lights out (lights out) You are in love, true love You are in love You can hear it in the silence (silence), silence (silence), you You can feel it on the way home (way home), way home (way home), you You can see it with the lights out (lights out), lights out (lights out) You are in love, true love You are in love"
1989,False,2014-10-27,16.0,New Romantics,Taylor Swift,2014-10-27,0.633,0.889,5.0,-5.87,1.0,0.0715,0.00463,0.000458,0.0658,0.584,121.956,4.0,230467.0,False,F,major,F major,"[Verse 1] We're all bored, we're all so tired of everything We wait for trains that just aren't coming We show off our different scarlet letters Trust me, mine is better We're so young, but we're on the road to ruin We play dumb, but we know exactly what we're doing We cry tears of mascara in the bathroom Honey, life is just a classroom (Ah, ah, ah, ah, ah, ah) [Chorus] 'Cause baby, I could build a castle Out of all the bricks they threw at me And every day is like a battle But every night with us is like a dream Baby, we're the new romantics Come on, come along with me Heartbreak is the national anthem We sing it proudly We are too busy dancing to get knocked off our feet Baby, we're the new romantics The best people in life are free [Verse 2] We're all here, the lights and noise are blinding We hang back, it's all in the timing It's poker You can't see it in my face But I'm about to play my Ace (ahh) We need love, but all we want is danger We team up, then switch sides like a record changer The rumors are terrible and cruel But honey, most of them are true (Ah, ah, ah, ah, ah, ah) [Chorus] 'Cause baby, I could build a castle Out of all the bricks they threw at me And every day is like a battle But every night with us is like a dream Baby, we're the new romantics Come on, come along with me Heartbreak is the national anthem We sing it proudly We are too busy dancing (yeah) to get knocked off our feet Baby, we're the new romantics The best people in life are free [Post-Chorus] (Oh, oh, oh-oh, oh) Oh-oh (Oh, oh, oh-oh, oh) So, come on, come along with me (Oh, oh, oh-oh, oh) The best people in life are free (Oh, oh, oh-oh, oh) [Bridge] Please take my hand and Please take me dancing, and Please leave me stranded It's so romantic (it's so romantic) (Ah, ah, ah, ah, ah, ah) [Breakdown] Oh, 'cause baby, I could build a castle Out of all the bricks they threw at me And every day is like a battle, oh-oh But every night with us is like a dream [Chorus] 'Cause baby, I could build a castle (castle) Out of all the bricks they threw at me And every day is like a battle But every night with us is like a dream Baby, we're the new romantics Come on, come along with me Heartbreak is the national anthem We sing it proudly We are too busy dancing to get knocked off our feet Baby, we're the new romantics The best people in life are free"
reputation,False,2017-11-10,1.0,...Ready For It?,Taylor Swift,2017-10-24,0.613,0.764,2.0,-6.509,1.0,0.136,0.0527,0.0,0.197,0.417,160.015,4.0,208187.0,False,D,major,D major,"[Verse 1] Knew he was a killer first time that I saw him Wondered how many girls he had loved and left haunted But if he's a ghost, then I can be a phantom Holdin' him for ransom, some Some boys are tryin' too hard, he don't try at all though Younger than my exes, but he act like such a man, so I see nothing better, I keep him forever Like a vendetta-ta [Pre-Chorus] I, I, I see how this is gon' go Touch me and you'll never be alone I-Island breeze and lights down low No one has to know [Chorus] In the middle of the night, in my dreams You should see the things we do, baby In the middle of the night, in my dreams I know I'm gonna be with you, so I take my time Are you ready for it? [Verse 2] Knew I was a robber first time that he saw me Stealing hearts and running off and never sayin' sorry But if I'm a thief, then he can join the heist, and We'll move to an island, and And he can be my jailer, Burton to this Taylor Every love I've known in comparison is a failure I forget their names now, I'm so very tame now Never be the same now, now [Pre-Chorus] I, I, I see how this is gon' go Touch me and you'll never be alone I-Island breeze and lights down low No one has to know (No one has to know) [Chorus] In the middle of the night, in my dreams You should see the things we do, baby In the middle of the night in my dreams I know I'm gonna be with you, so I take my time Are you ready for it? Oh, are you ready for it? [Post-Chorus] Baby, let the games begin Let the games begin Let the games begin Baby, let the games begin Let the games begin Let the games begin [Pre-Chorus] I, I, I see how this is gon' go Touch me and you'll never be alone I-Island breeze and lights down low No one has to know [Chorus] In the middle of the night (Night), in my dreams (My dreams) You should see the things we do (We do), baby (Baby), hmm (Eh) In the middle of the night, in my dreams (My dreams) I know I'm gonna be with you (I know I'm gonna be with you) So I take my time In the middle of the night [Post-Chorus] Baby, let the games begin Let the games begin Let the games begin Are you ready for it? Baby, let the games begin Let the games begin Let the games begin Are you ready for it?"
reputation,False,2017-11-10,2.0,End Game,Taylor Swift,2017-11-10,0.649,0.589,2.0,-6.237,1.0,0.0558,0.00845,0.0,0.108,0.151,159.073,4.0,244827.0,False,D,major,D major,"[Chorus] I wanna be your end game I wanna be your first string I wanna be your A-Team I wanna be your end game, end game [Post-Chorus] Big reputation, big reputation Ooh, you and me, we got big reputations, ah And you heard about me, ooh I got some big enemies Big reputation, big reputation Ooh, you and me would be a big conversation, ah And I heard about you, ooh You like the bad ones, too You like the bad ones, too You like the bad ones [Pre-Chorus] I don't wanna touch you, I don't wanna be Just another ex-love you don't wanna see I don't wanna miss you like the other girls do I don't wanna hurt you, I just wanna be Drinking on a beach with you all over me I know what they all say, yeah But I ain't tryna play [Chorus] I wanna be your end game I wanna be your first string I wanna be your A-Team I wanna be your end game, end game [Verse] I hit you like bang, we tried to forget it, but we just couldn't And I bury hatchets, but I keep maps of where I put 'em Reputation precedes me, they told you I'm crazy I swear I don't love the drama, it loves me And I can't let you go, your hand prints on my soul It's like your eyes are liquor, it's like your body is gold You've been calling my bluff on all my usual tricks So here's the truth from my red lips [Post-Chorus] Big reputation, big reputation Ooh, you and me, we got big reputations, ah And you heard about me, ooh I got some big enemies Big reputation, big reputation Ooh, you and me would be a big conversation, ah And I heard about you, ooh You like the bad ones, too [Chorus] I wanna be your end game I wanna be your first string I wanna be your A-Team I wanna be your end game, end game I wanna be your end game I wanna be your first string I wanna be your A-Team I wanna be your end game, end game"
reputation,False,2017-11-10,3.0,I Did Something Bad,Taylor Swift,2017-11-10,0.696,0.602,0.0,-6.156,0.0,0.159,0.0679,2.11e-05,0.0696,0.305,82.989,4.0,238253.0,False,C,minor,C minor,"[Intro] I never trust a narcissist Oh but they love me... So I play 'em like a violin And I make it look oh-so-easy... 'Cause for every lie I tell them, they tell me three This is how the world works Now all he thinks about... ...me... [Pre-Chorus 1] I can feel the flames on my skin Crimson red paint on my lips If a man talks shit, then I owe him nothing I don't regret it one bit, 'cause he had it coming [Chorus] They say I did something bad Then why's it feel so good? They say I did something bad But why's it feel so good? Most fun I ever had And I'd do it over and over and over again if I could It just felt so good, good [Verse] I never trust a playboy, but they love me So I fly 'em all around the world And I let them think they saved me They never see it comin', what I do next This is how the world works You gotta leave before you get left [Pre-Chorus 2] I can feel the flames on my skin He says, ""Don't throw away a good thing"" But if he drops my name, then I owe him nothin' And if he spends my change, then he had it comin' [Chorus] They say I did something bad Then why's it feel so good? They say I did something bad But why's it feel so good? Most fun I ever had And I'd do it over and over and over again if I could It just felt so good, good It just felt so good [Bridge] They're burning all the witches even if you aren't one They got their pitchforks and proof, their receipts and reasons They're burning all the witches even if you aren't one And it's just for fun They're burning all the witches even if you aren't one They got pitchforks and proof, they don't need their reasons They're burning all the witches even if you aren't one So light me up (light me up), light me up (light me up) Light me up, go ahead and light me up (light me up) Light me up (light me up), light me up (light me up) Light me up ohh Light me up (light me up), light me up (light me up) Light me up ohh Light me up (light me up), light me up (light me up) Light me up ohh Light me up, light me up, light me up Go ahead and light me up... [Chorus] They say I did something bad Then why's it feel so good? They say I did something bad But why's it feel so good? Most fun I ever had And I'd do it over and over and over again if I could It just felt so good, good [Outro] Oh, they say I did something bad Why's it feel so good, good? It just felt so good, good"
reputation,False,2017-11-10,4.0,Don't Blame Me,Taylor Swift,2017-11-10,0.615,0.534,9.0,-6.719,0.0,0.0386,0.106,1.76e-05,0.0607,0.193,135.917,4.0,236413.0,False,A,minor,A minor,"[Chorus] Don't blame me, love made me crazy If it doesn't, you ain't doin' it right Lord, save me, my drug is my baby I'll be usin' for the rest of my life [Verse 1] I've been breakin' hearts a long time And toyin' with them older guys Just playthings for me to use Something happened for the first time In the darkest little paradise Shakin', pacin', I just need you [Pre-Chorus] For you, I would cross the line I would waste my time I would lose my mind They say, ""She's gone too far this time"" [Chorus] Don't blame me, love made me crazy If it doesn't, you ain't doin' it right Lord, save me, my drug is my baby I'll be usin' for the rest of my life Don't blame me, love made me crazy If it doesn't, you ain't doin' it right Oh, Lord, save me, my drug is my baby I'll be usin' for the rest of my life [Verse 2] My name is whatever you decide And I'm just gonna call you mine I'm insane, but I'm your baby (Your baby) Echoes of your name inside my mind Halo hiding my obsession I once was poison ivy, but now I'm your daisy [Pre-Chorus 2] And baby, for you, I would fall from grace Just to touch your face If you walk away, I'd beg you on my knees to stay [Chorus] Don't blame me, love made me crazy If it doesn't, you ain't doin' it right Lord, save me, my drug is my baby I'll be usin' for the rest of my life Don't blame me, love made me crazy If it doesn't, you ain't doin' it right Oh, Lord, save me, my drug is my baby I'll be usin' for the rest of my life [Bridge] I get so high, oh! Every time you're, every time you're lovin' me You're lovin' me Trip of my life, oh! Every time you're, every time you're touchin' me You're touchin' me Every time you're, every time you're lovin' me Oh, Lord, save me My drug is my baby I'll be usin' for the rest of my life (Usin' for the rest of my life, oh-whoah-oh-oh) [Chorus] Don't blame me, love made me crazy If it doesn't, you ain't doin' it right (Doin' it right, no) Lord, save me, my drug is my baby I'll be usin' for the rest of my life, oh-oh Don't blame me, love made me crazy (Oh-oh-oh) If it doesn't, you ain't doin' it right (You ain't doin' it right) Oh, Lord, save me, my drug is my baby I'll be usin' for the rest of my life (I'll be usin', I'll be usin') [Outro] I get so high, oh! Every time you're, every time you're lovin' me You're lovin' me Oh, Lord, save me, my drug is my baby I'll be usin' for the rest of my life"
reputation,False,2017-11-10,5.0,Delicate,Taylor Swift,2017-11-10,0.75,0.404,9.0,-10.178,0.0,0.0682,0.216,0.000357,0.0911,0.0499,95.045,4.0,232253.0,False,A,minor,A minor,"[Intro] This ain't for the best My reputation's never been worse, so You must like me for me… We can't make Any promises now, can we, babe? But you can make me a drink [Verse 1] Dive bar on the East Side, where you at? Phone lights up my nightstand in the black Come here, you can meet me in the back Dark jeans and your Nikes, look at you Oh damn, never seen that color blue Just think of the fun things we could do 'Cause I like you [Pre-Chorus] This ain't for the best My reputation's never been worse, so You must like me for me… Yeah, I want you We can't make Any promises now, can we, babe? But you can make me a drink [Chorus] Is it cool that I said all that? Is it chill that you're in my head? 'Cause I know that it's delicate (Delicate) Is it cool that I said all that? Is it too soon to do this yet? 'Cause I know that it's delicate Isn't it? Isn't it? Isn't it? Isn't it? Isn't it? Isn't it? Isn't it? Isn't it... delicate? [Verse 2] Third floor on the West Side, me and you Handsome, you're a mansion with a view Do the girls back home touch you like I do? Long night, with your hands up in my hair Echoes of your footsteps on the stairs Stay here, honey, I don't wanna share 'Cause I like you [Pre-Chorus] This ain't for the best My reputation's never been worse, so You must like me for me… Yeah, I want you... We can't make Any promises now, can we, babe? But you can make me a drink [Chorus] Is it cool that I said all that? Is it chill that you're in my head? 'Cause I know that it's delicate (Delicate) Is it cool that I said all that? Is it too soon to do this yet? 'Cause I know that it's delicate Isn't it? Isn't it? Isn't it? Isn't it? Isn't it? Isn't it? Isn't it? Isn't it delicate? [Bridge] Sometimes I wonder when you sleep Are you ever dreaming of me? Sometimes when I look into your eyes I pretend you're mine, all the damn time 'Cause I like you [Chorus] Is it cool that I said all that? Is it chill that you're in my head? 'Cause I know that it's delicate (Delicate) (Yeah, I want you) Is it cool that I said all that? Is it too soon to do this yet? 'Cause I know that it's delicate (Delicate) 'Cause I like you Is it cool that I said all that? Isn't it? Isn't it? Isn't it? Isn't it? Is it chill that you're in my head? Isn't it? Isn't it? Isn't it? Isn't it? 'Cause I know that it's delicate Isn't it? Isn't it? Isn't it? Isn't it? (Yeah, I want you) Is it cool that I said all that? Isn't it? Isn't it? Isn't it? Isn't it? Is it too soon to do this yet? Isn't it? Isn't it? Isn't it? 'Cause I know that it's delicate Isn't it delicate?"
reputation,False,2017-11-10,6.0,Look What You Made Me Do,Taylor Swift,2017-08-24,0.766,0.709,9.0,-6.471,0.0,0.123,0.204,1.41e-05,0.126,0.506,128.07,4.0,211853.0,False,A,minor,A minor,"[Verse 1] I don't like your little games Don't like your tilted stage The role you made me play Of the fool, no, I don't like you I don't like your perfect crime How you laugh when you lie You said the gun was mine Isn't cool, no, I don't like you (Oh) [Pre-Chorus] But I got smarter, I got harder in the nick of time Honey, I rose up from the dead, I do it all the time I've got a list of names and yours is in red, underlined I check it once, then I check it twice, oh! [Chorus] Ooh, look what you made me do Look what you made me do Look what you just made me do Look what you just made me— Ooh, look what you made me do Look what you made me do Look what you just made me do Look what you just made me do [Verse 2] I don't like your kingdom keys They once belonged to me You asked me for a place to sleep Locked me out and threw a feast (What?) The world moves on, another day, another drama, drama But not for me, not for me, all I think about is karma And then the world moves on, but one thing's for sure Maybe I got mine, but you'll all get yours [Pre-Chorus] But I got smarter, I got harder in the nick of time Honey, I rose up from the dead, I do it all the time I've got a list of names and yours is in red, underlined I check it once, then I check it twice, oh! [Chorus] Ooh, look what you made me do Look what you made me do Look what you just made me do Look what you just made me— Ooh, look what you made me do Look what you made me do Look what you just made me do Look what you just made me do [Bridge] I don't trust nobody and nobody trusts me I'll be the actress starring in your bad dreams I don't trust nobody and nobody trusts me I'll be the actress starring in your bad dreams I don't trust nobody and nobody trusts me I'll be the actress starring in your bad dreams I don't trust nobody and nobody trusts me I'll be the actress starring in your bad dreams (Ooh, look what you made me do Look what you made me do Look what you just made me do Look what you just made me— Ooh, look what you made me do Look what you made me do Look what you just made me—) ""I'm sorry, the old Taylor can't come to the phone right now ""Why? Oh, 'cause she's dead!"" (Oh) [Chorus] Ooh, look what you made me do Look what you made me do Look what you just made me do Look what you just made me— Ooh, look what you made me do Look what you made me do Look what you just made me do Look what you just made me do Ooh, look what you made me do Look what you made me do Look what you just made me do Look what you just made me— Ooh, look what you made me do Look what you made me do Look what you just made me do Look what you just made me do"
reputation,False,2017-11-10,7.0,So It Goes...,Taylor Swift,2017-11-10,0.574,0.61,2.0,-7.283,1.0,0.0732,0.122,1.1e-06,0.13,0.374,74.957,4.0,227907.0,False,D,major,D major,"[Verse 1] See you in the dark All eyes on you, my magician All eyes on us You make everyone disappear, and Cut me into pieces Gold cage, hostage to my feelings Back against the wall Trippin', trip-trippin' when you're gone [Pre-Chorus] 'Cause we break down a little But when you get me alone, it's so simple 'Cause baby, I know what you know We can feel it [Chorus] And all the pieces fall right into place Getting caught up in a moment Lipstick on your face So it goes… I'm yours to keep And I'm yours to lose You know I'm not a bad girl, but I Do bad things with you So it goes… [Verse 2] Met you in a bar All eyes on me, your illusionist All eyes on us I make all your gray days clear And wear you like a necklace I'm so chill, but you make me jealous But I got your heart Skippin', skip-skippin' when I'm gone [Pre-Chorus] 'Cause we break down a little But when I get you alone, it's so simple 'Cause baby, I know what you know We can feel it [Chorus] And all the pieces fall right into place Getting caught up in a moment Lipstick on your face So it goes… I'm yours to keep And I'm yours to lose You know I'm not a bad girl, but I Do bad things with you So it goes… [Refrain] Come here, dressed in black now So, so, so it goes Scratches down your back now So, so, so it goes [Bridge] You did a number on me But, honestly, baby, who's counting? I did a number on you But, honestly, baby, who's counting? You did a number on me But, honestly, baby, who's counting? Who's counting? (1, 2, 3) [Chorus] And all the pieces fall right into place (Pieces fall) Getting caught up in a moment (Caught up, caught up) Lipstick on your face So it goes… I'm yours to keep (Oh) And I'm yours to lose (Baby) You know I'm not a bad girl, but I I do bad things with you So it goes… [Refrain] Come here, dressed in black now So, so, so it goes Scratches down your back now So, so, so it goes Come here, dressed in black now So, so, so it goes Scratches down your back now So, so, so it goes"
reputation,False,2017-11-10,8.0,Gorgeous,Taylor Swift,2017-10-20,0.8,0.535,7.0,-6.684,1.0,0.135,0.0713,9.48e-06,0.213,0.451,92.027,4.0,209680.0,False,G,major,G major,"[Intro] Gorgeous [Verse 1] You should take it as a compliment That I got drunk and made fun of the way you talk You should think about the consequence Of your magnetic field being a little too strong And I got a boyfriend, he's older than us He's in the club doin' I don't know what You're so cool, it makes me hate you so much (I hate you so much) [Pre-Chorus 1] Whisky on ice, Sunset and Vine You've ruined my life by not being mine [Chorus] You're so gorgeous I can't say anything to your face 'Cause look at your face And I'm so furious At you for making me feel this way But what can I say? You're gorgeous [Verse 2] You should take it as a compliment That I'm talking to everyone here but you (But you, but you) And you should think about the consequence Of you touching my hand in a darkened room (Dark room, dark room) If you've got a girlfriend, I'm jealous of her But if you're single that's honestly worse 'Cause you're so gorgeous it actually hurts (Honey, it hurts) [Pre-Chorus 2] Ocean blue eyes looking in mine I feel like I might sink and drown and die [Chorus] You're so gorgeous I can't say anything to your face (To your face) 'Cause look at your face (Look at your face, gorgeous) And I'm so furious At you for making me feel this way (Feel this way) But what can I say? You're gorgeous [Bridge] You make me so happy it turns back to sad There's nothing I hate more than what I can't have And you are so gorgeous it makes me so mad (Mmh) You make me so happy it turns back to sad (Yeah) There's nothing I hate more than what I can't have and Guess I'll just stumble on home to my cats (Yeugh), alone Unless, you wanna come along? (Oh) [Chorus] You're so gorgeous I can't say anything to your face (To your face) 'Cause look at your face (Look at your face) And I'm so furious (I'm so furious) At you for making me feel this way (Feel this way) But what can I say? (I say) You're gorgeous [Outro] You make me so happy it turns back to sad (Yeah) There's nothing I hate more than what I can't have And you are so gorgeous it makes me so mad (Mmh) You're gorgeous You make me so happy it turns back to sad (It turns back to sad) There's nothing I hate more than what I can't have (What I can have) You are so gorgeous it makes me so mad (Mmh) You're gorgeous"
reputation,False,2017-11-10,9.0,Getaway Car,Taylor Swift,2017-11-10,0.562,0.689,2.0,-6.745,1.0,0.127,0.00465,2.23e-06,0.0888,0.351,172.054,4.0,233627.0,False,D,major,D major,"[Intro] No, nothing good starts in a getaway car [Verse 1] It was the best of times, the worst of crimes I struck a match and blew your mind But I didn't mean it And you didn’t see it The ties were black, the lies were white In shades of gray in candlelight I wanted to leave him I needed a reason [Pre-Chorus] ""X"" marks the spot where we fell apart He poisoned the well, I was lyin' to myself I knew it from the first Old Fashioned, we were cursed We never had a shotgun shot in the dark (Oh!) [Chorus] You were drivin' the getaway car We were flyin’, but we'd never get far Don't pretend it's such a mystery Think about the place where you first met me Ridin' in a getaway car There were sirens in the beat of your heart Should've known I'd be the first to leave Think about the place where you first met me In a getaway car, oh-oh-oh No, they never get far, oh-oh-ahh No, nothing good starts in a getaway car [Verse 2] It was the great escape, the prison break The light of freedom on my face But you weren't thinkin’ And I was just drinkin’ While he was runnin' after us, I was screamin’, ""Go, go, go!"" But with three of us, honey, it's a sideshow And a circus ain't a love story And now we're both sorry (We’re both sorry) [Pre-Chorus] ""X"" marks the spot where we fell apart He poisoned the well, every man for himself I knew it from the first Old Fashioned, we were cursed It hit you like a shotgun shot to the heart (Oh!) [Chorus] You were drivin' the getaway car We were flyin', but we'd never get far Don't pretend it's such a mystery Think about the place where you first met me Ridin' in a getaway car There were sirens in the beat of your heart Should've known I'd be the first to leave Think about the place where you first met me In a getaway car, oh-oh-oh No, they never get far, oh-oh-ahh No, nothing good starts in a getaway car [Bridge] We were jet-set, Bonnie and Clyde (Oh-oh) Until I switched to the other side To the other si-i-i-i-ide It's no surprise I turned you in (Oh-oh) 'Cause us traitors never win I'm in a getaway car I left you in a motel bar Put the money in a bag and I stole the keys That was the last time you ever saw me (Oh!) [Chorus] Drivin' the getaway car We were flyin', but we'd never get far (Don't pretend) Don't pretend it's such a mystery Think about the place where you first met me Ridin' in a getaway car There were sirens in the beat of your heart (Should've known) Should've known I'd be the first to leave Think about the place where you first met me In a getaway car, oh-oh-oh No, they never get far, oh-oh-ahh No, nothing good starts in a getaway car [Outro] I was ridin' in a getaway car I was cryin' in a getaway car I was dyin' in a getaway car Said goodbye in a getaway car Ridin' in a getaway car I was cryin' in a getaway car I was dyin' in a getaway car Said goodbye in a getaway car"
reputation,False,2017-11-10,10.0,King Of My Heart,Taylor Swift,2017-11-10,0.675,0.703,0.0,-7.902,1.0,0.0382,0.00882,2.21e-06,0.0391,0.314,110.01,4.0,214320.0,False,C,major,C major,"[Verse 1] I'm perfectly fine, I live on my own I made up my mind, I'm better off bein' alone We met a few weeks ago Now you try on callin' me ""Baby"" like tryin' on clothes [Pre-Chorus] Salute to me, I'm your American queen And you move to me like I'm a Motown beat And we rule the kingdom inside my room 'Cause all the boys and their expensive cars With their Range Rovers and their Jaguars Never took me quite where you do [Chorus] And all at once, you are the one I have been waiting for King of my heart, body, and soul, ooh whoa And all at once, you're all I want, I'll never let you go King of my heart, body, and soul, ooh whoa [Post-Chorus] And all at once, I've been waiting, waiting Ooh whoa, ooh whoa And all at once, you are the one, I have been waiting, waiting Body and soul, ooh whoa And all at once [Verse 2] Late in the night, the city's asleep Your love is a secret I'm hoping, dreaming, dying to keep Change my priorities The taste of your lips is my idea of luxury [Pre-Chorus] Salute to me, I'm your American queen And you move to me like I'm a Motown beat And we rule the kingdom inside my room (Inside my room, oh) 'Cause all the boys and their expensive cars With their Range Rovers and their Jaguars Never took me quite where you do (Where you do) [Chorus] And all at once, you are the one I have been waiting for King of my heart, body, and soul, ooh whoa And all at once, you're all I want, I'll never let you go King of my heart (My heart), body, and soul, ooh whoa [Post-Chorus] And all at once (Hey), I've been waiting, waiting (Waiting) Ooh, whoa, ooh whoa And all at once, you are the one I have been waiting (Waiting), waiting (Waiting) Body and soul, ooh whoa And all at once [Bridge] Is this the end of all the endings? My broken bones are mending With all these nights we're spending Up on the roof with a school girl crush Drinking beer out of plastic cups Say you fancy me, not fancy stuff Baby, all at once, this is enough [Chorus] And all at once, you are the one I have been waiting for King of my heart, body, and soul, ooh whoa And all at once, you are the one I have been waiting for King of my heart, body, and soul, ooh whoa And all at once, you're all I want, I'll never let you go King of my heart (My heart), body, and soul (My soul), ooh whoa [Post-Chorus] And all at once, I've been waiting, waiting Ooh whoa, ooh whoa And all at once 'Cause you're the one I have been waiting, waiting Body and soul, ooh whoa And all at once"
reputation,False,2017-11-10,11.0,Dancing With Our Hands Tied,Taylor Swift,2017-11-10,0.624,0.691,0.0,-6.686,0.0,0.196,0.0604,1.1e-05,0.138,0.284,160.024,4.0,211507.0,False,C,minor,C minor,"[Verse 1] I, I loved you in secret First sight, yeah, we love without reason Oh, twenty-five years old Oh, how were you to know? And My, my love had been frozen Deep blue, but you painted me golden Oh, and you held me close Oh, how was I to know? I– [Pre-Chorus] Could've spent forever with your hands in my pockets Picture of your face in an invisible locket You said there was nothing in the world that could stop it I had a bad feeling And darling, you had turned my bed into a sacred oasis People started talking, putting us through our paces I knew there was no one in the world who could take it I had a bad feeling [Chorus] But we were dancing Dancing with our hands tied, hands tied Yeah, we were dancing Like it was the first time, first time Yeah, we were dancing Dancing with our hands tied, hands tied Yeah, we were dancing And I had a bad feeling But we were dancing [Verse 2] I, I loved you in spite of Deep fears that the world would divide us So, baby, can we dance? Oh, through an avalanche? And Say, say that we got it I'm a mess, but I'm the mess that you wanted Oh, 'cause it's gravity Oh, keeping you with me, I– [Pre-Chorus] Could've spent forever with your hands in my pockets Picture of your face in an invisible locket You said there was nothing in the world that could stop it I had a bad feeling [Chorus] But we were dancing Dancing with our hands tied, hands tied Yeah, we were dancing Like it was the first time, first time Yeah, we were dancing Dancing with our hands tied, hands tied Yeah, we were dancing (Knew we had our hands tied) And I had a bad feeling But we were dancing [Bridge] I'd kiss you as the lights went out Swaying as the room burned down I'd hold you as the water rushes in If I could dance with you again I'd kiss you as the lights went out Swaying as the room burned down I'd hold you as the water rushes in If I could dance with you again (Again) [Chorus] Dancing with our hands tied, hands tied Oh, yeah, we were dancing Like it was the first time, first time (first time, first time) Yeah, we were dancing (oh) Dancing with our hands tied, hands tied (Dancing with our hands tied) Yeah, we were dancing (ooh) And I had a bad feeling (had a bad feeling) But we were dancing [Outro] (Ooh-ooh, ooh-ooh) Hands tied, hands tied (dancing)"
reputation,False,2017-11-10,12.0,Dress,Taylor Swift,2017-11-10,0.719,0.469,0.0,-8.792,1.0,0.0533,0.0329,0.0,0.169,0.0851,120.085,4.0,230373.0,False,C,major,C major,"[Verse 1] Our secret moments in a crowded room They got no idea about me and you There is an indentation in the shape of you Made your mark on me, a golden tattoo [Pre-Chorus] All of this silence and patience, pining and anticipation My hands are shaking from holding back from you Ha, ah, ah All of this silence and patience, pining and desperately waiting My hands are shaking from all this Ah, ha, ha, ha-ah [Chorus] Say my name and everything just stops I don't want you like a best friend Only bought this dress so you could take it off Take it oh, ha, ha, ha-ah Carve your name into my bedpost ’Cause I don't want you like a best friend Only bought this dress so you could take it off Take it oh, ha, ha, ha-ah [Verse 2] Inescapable, I'm not even gonna try And if I get burned, at least we were electrified I’m spilling wine in the bathtub You kiss my face and we're both drunk Everyone thinks that they know us But they know nothing about— [Pre-Chorus] All of this silence and patience, pining and anticipation My hands are shaking from holding back from you Ha, ah, ah All of this silence and patience, pining and desperately waiting My hands are shaking from all this Ah, ha, ha, ha-ah [Chorus] Say my name and everything just stops I don't want you like a best friend Only bought this dress so you could take it off Take it oh, ha, ha, ha-ah Carve your name into my bedpost 'Cause I don't want you like a best friend Only bought this dress so you could take it off Take it oh, ha, ha... [Post-Chorus] Ha-ah-ah, ha-ah-ah, ha-ah-ah-ah Only bought this dress so you could take it off Ha-ah-ah, ha-ah-ah, ha-ah-ah-ah Only bought this dress so you could take it off [Bridge] Flashback when you met me Your buzzcut and my hair bleached Even in my worst times, you could see the best in me Flashback to my mistakes My rebounds, my earthquakes Even in my worst lies, you saw the truth in me And I woke up just in time Now I wake up by your side My one and only, my lifeline I woke up just in time Now I wake up by your side My hands shake, I can't explain this Ah, ha, ha, ha-ah [Chorus] Say my name and everything just stops... I don't want you like a best friend Only bought this dress so you could take it off Take it oh, ha, ha, ha-ah Carve your name into my bedpost 'Cause I don’t want you like a best friend Only bought this dress so you could take it off Take it oh, ha, ha, ha-ah [Outro] There is an indentation in the shape of you Only bought this dress so you could take it off You made your mark on me, golden tattoo Only bought this dress so you could take it off"
reputation,False,2017-11-10,13.0,This Is Why We Can't Have Nice Things,Taylor Swift,2017-11-10,0.567,0.789,5.0,-5.986,1.0,0.115,0.0156,0.0,0.382,0.438,163.96,4.0,207133.0,False,F,major,F major,"[Verse 1] It was so nice throwing big parties Jump into the pool from the balcony Everyone swimming in a champagne sea And there are no rules when you show up here Bass beat rattling the chandelier Feeling so Gatsby for that whole year [Pre-Chorus] So why'd you have to rain on my parade? I'm shaking my head and locking the gates [Chorus] This is why we can't have nice things, darling Because you break them I had to take them away This is why we can't have nice things, honey (Oh) Did you think I wouldn't hear all the things you said about me? This is why we can't have nice things [Verse 2] It was so nice being friends again There I was, giving you a second chance But you stabbed me in the back while shaking my hand And therein lies the issue Friends don't try to trick you Get you on the phone and mind-twist you And so I took an axe to a mended fence [Pre-Chorus] But I'm not the only friend you've lost lately (Mm-mm) If only you weren't so shady [Chorus] This is why we can't have nice things, darling (Yeah) Because you break them I had to take them away This is why we can't have nice (Nice things) things (Baby), honey Did you think I wouldn't hear all the things you said about me? This is why we can't have [Bridge] Here's a toast to my real friends They don't care about the he-said, she-said And here's to my baby He ain't reading what they call me lately And here's to my mama Had to listen to all this drama And here's to you 'Cause forgiveness is a nice thing to do Haha, I can't even say it with a straight face [Chorus] This is why we can't have nice things, darling (Darling) Because you break them I had to take them away This is why we can't have nice (Uh-uh) things (Oh no), honey (Baby, oh) Did you think I wouldn't hear all the things you said about me? This is why we can't have nice things, darling (And here's to my real friends) Because you break them I had to take them (And here's to my baby) Nice things, honey (He didn't care about that he-said, she-said) Did you think I wouldn't hear all the things you said about me? This is why we can't have nice things"
reputation,False,2017-11-10,14.0,Call It What You Want,Taylor Swift,2017-11-03,0.598,0.504,9.0,-9.874,1.0,0.0731,0.186,0.000221,0.34,0.252,163.954,4.0,203507.0,False,A,major,A major,"[Verse 1] My castle crumbled overnight I brought a knife to a gunfight They took the crown, but it's alright All the liars are calling me one Nobody's heard from me for months I'm doin' better than I ever was 'Cause [Chorus] My baby's fit like a daydream Walking with his head down I'm the one he's walking to So call it what you want, yeah Call it what you want to My baby's fly like a jet stream High above the whole scene Loves me like I'm brand new So call it what you want, yeah Call it what you want to [Verse 2] All my flowers grew back as thorns Windows boarded up after the storm He built a fire just to keep me warm All the drama queens taking swings All the jokers dressing up as kings They fade to nothing when I look at him And I know I make the same mistakes every time Bridges burn, I never learn At least I did one thing right I did one thing right I'm laughing with my lover, makin' forts under covers Trust him like a brother Yeah, you know I did one thing right Starry eyes sparkin' up my darkest night [Chorus] My baby's fit like a daydream Walking with his head down I'm the one he's walking to So call it what you want, yeah Call it what you want to My baby's fly like a jet stream High above the whole scene Loves me like I'm brand new (Call it what you want, call it what you want, call it) So call it what you want, yeah Call it what you want to [Bridge] I want to wear his initial on a chain 'round my neck Chain 'round my neck Not because he owns me But 'cause he really knows me Which is more than they can say, I I recall late November Holding my breath, slowly, I said ""You don't need to save me But would you run away with me?"" Yes (Would you run away?) [Chorus] My baby's fit like a daydream Walking with his head down I'm the one he's walking to (Call it what you want, call it what you want, call it) So call it what you want, yeah Call it what you want to My baby's fly like a jet stream High above the whole scene Loves me like I'm brand new (Call it what you want, call it what you want, call it) So call it what you want, yeah Call it what you want to [Outro] (Call it what you want, call it) (Call it what you want, call it what you want, call it) (Call it what you want, call it what you want, call it) (Call it what you want, call it what you want, call it) (Call it what you want, call it what you want, call it) (Call it what you want, call it what you want, call it) (Call it what you want, call it what you want, call it) Call it what you want, yeah Call it what you want… to"
Lover,False,2019-08-23,1.0,I Forgot That You Existed,Taylor Swift,2019-08-23,0.664,0.316,5.0,-10.345,1.0,0.519,0.298,2.03e-06,0.0812,0.541,92.875,4.0,170640.0,False,F,major,F major,"[Verse 1] How many days did I spend thinking 'Bout how you did me wrong, wrong, wrong? Lived in the shade you were throwing 'Til all of my sunshine was gone, gone, gone And I couldn't get away from ya In my feelings more than Drake, so yeah Your name on my lips, tongue-tied Free rent, living in my mind [Pre-Chorus] But then something happened one magical night [Chorus] I forgot that you existed And I thought that it would kill me, but it didn't And it was so nice So peaceful and quiet I forgot that you existed It isn't love, it isn't hate, it's just indifference I forgot that you [Verse 2] Got out some popcorn As soon as my rep started going down, down, down Laughed on the school yard As soon as I tripped up and hit the ground, ground, ground And I would've stuck around for ya Would've fought the whole town, so yeah Would've been right there, front row Even if nobody came to your show [Pre-Chorus] But you showed who you are, then one magical night [Chorus] I forgot that you existed And I thought that it would kill me, but it didn't And it was so nice So peaceful and quiet I forgot that you existed It isn't love, it isn't hate, it's just indifference I forgot that you [Bridge] Sent me a clear message Taught me some hard lessons I just forget what they were It's all just a blur [Chorus] I forgot that you existed And I thought that it would kill me, but it didn't And it was so nice So peaceful and quiet I forgot that you existed I did, I did, I did It isn't hate, it's just indifference It isn't love, it isn't hate, it's just indifference So, yeah"
Lover,False,2019-08-23,2.0,Cruel Summer,Taylor Swift,2019-08-23,0.552,0.702,9.0,-5.707,1.0,0.157,0.117,2.06e-05,0.105,0.564,169.994,4.0,178427.0,False,A,major,A major,"[Intro] (Yeah, yeah, yeah, yeah) [Verse 1] Fever dream high in the quiet of the night You know that I caught it (Oh yeah, you're right, I want it) Bad, bad boy, shiny toy with a price You know that I bought it (Oh yeah, you're right, I want it) [Pre-Chorus] Killing me slow, out the window I'm always waiting for you to be waiting below Devils roll the dice, angels roll their eyes What doesn't kill me makes me want you more [Chorus] And it's new, the shape of your body It's blue, the feeling I've got And it's ooh, whoa oh It's a cruel summer It's cool, that's what I tell 'em No rules in breakable heaven But ooh, whoa oh It's a cruel summer With you [Verse 2] Hang your head low in the glow of the vending machine I'm not dying (Oh yeah, you're right, I want it) We say that we'll just screw it up in these trying times We're not trying (Oh yeah, you're right, I want it) [Pre-Chorus 2] So cut the headlights, summer's a knife I'm always waiting for you just to cut to the bone Devils roll the dice, angels roll their eyes And if I bleed, you'll be the last to know [Chorus] Oh, it's new, the shape of your body It's blue, the feeling I've got And it's ooh, whoa oh It's a cruel summer It's cool, that's what I tell 'em No rules in breakable heaven But ooh, whoa oh It's a cruel summer With you [Bridge] I'm drunk in the back of the car And I cried like a baby coming home from the bar (Oh) Said, ""I'm fine,"" but it wasn't true I don't wanna keep secrets just to keep you And I snuck in through the garden gate Every night that summer just to seal my fate (Oh) And I scream, ""For whatever it's worth I love you, ain't that the worst thing you ever heard?"" He looks up, grinning like a devil [Chorus] It's new, the shape of your body It's blue, the feeling I've got And it's ooh, whoa oh It's a cruel summer It's cool, that's what I tell 'em No rules in breakable heaven But ooh, whoa oh It's a cruel summer With you [Outro] I'm drunk in the back of the car And I cried like a baby coming home from the bar (Oh) Said, ""I'm fine,"" but it wasn't true I don't wanna keep secrets just to keep you And I snuck in through the garden gate Every night that summer just to seal my fate (Oh) And I scream, ""For whatever it's worth I love you, ain't that the worst thing you ever heard?"" (Yeah, yeah, yeah, yeah)"
Lover,False,2019-08-23,3.0,Lover,Taylor Swift,2019-08-16,0.359,0.543,7.0,-7.582,1.0,0.0919,0.492,1.58e-05,0.118,0.453,68.534,4.0,221307.0,False,G,major,G major,"[Verse 1] We could leave the Christmas lights up 'til January This is our place, we make the rules And there's a dazzling haze, a mysterious way about you, dear Have I known you 20 seconds or 20 years? [Chorus] Can I go where you go? Can we always be this close? Forever and ever, ah Take me out, take me home You're my, my, my, my lover [Verse 2] We could let our friends crash in the living room This is our place, we make the call And I'm highly suspicious that everyone who sees you wants you I've loved you three summers now, honey, but I want 'em all [Chorus] Can I go where you go? Can we always be this close? Forever and ever, ah Take me out, take me home (Forever and ever) You're my, my, my, my lover [Bridge] Ladies and gentlemen, will you please stand? With every guitar string scar on my hand I take this magnetic force of a man to be my lover My heart's been borrowed and yours has been blue All's well that ends well to end up with you Swear to be overdramatic and true to my lover And you'll save all your dirtiest jokes for me And at every table, I'll save you a seat, lover [Chorus] Can I go where you go? Can we always be this close? Forever and ever, ah Take me out, and take me home (Forever and ever) You're my, my, my, my Oh, you're my, my, my, my Darling, you're my, my, my, my lover"
Lover,False,2019-08-23,4.0,The Man,Taylor Swift,2019-08-23,0.777,0.658,0.0,-5.191,1.0,0.054,0.0767,0.0,0.0901,0.633,110.048,4.0,190360.0,False,C,major,C major,"[Verse 1] I would be complex, I would be cool They'd say I played the field before I found someone to commit to And that would be okay for me to do Every conquest I had made would make me more of a boss to you [Pre-Chorus] I'd be a fearless leader I'd be an alpha type When everyone believes ya What's that like? [Chorus] I'm so sick of running as fast as I can Wondering if I'd get there quicker if I was a man And I'm so sick of them coming at me again 'Cause if I was a man, then I'd be the man I'd be the man I'd be the man [Verse 2] They'd say I hustled, put in the work They wouldn't shake their heads and question how much of this I deserve What I was wearing, or if I was rude Could all be separated from my good ideas and power moves [Pre-Chorus] And they would toast to me, oh Let the players play I'd be just like Leo in Saint-Tropez [Chorus] I'm so sick of running as fast as I can Wondering if I'd get there quicker if I was a man And I'm so sick of them coming at me again 'Cause if I was a man, then I'd be the man I'd be the man I'd be the man, yeah [Bridge] What's it like to brag about raking in dollars And getting bitches and models? And it's all good if you're bad It's okay if you're mad If I was out flashing my dollars I'd be a bitch, not a baller They'd paint me out to be bad So, it's okay that I'm mad [Chorus] I'm so sick of running as fast as I can Wondering if I'd get there quicker if I was a man You know that I'm so sick of them coming at me again 'Cause if I was a man, then I'd be the man I'd be the man, yeah Yeah, I'd be the man, yeah Oh, I'd be the man I'd be the man [Outro] If I was a man Then I'd be the man"
Lover,False,2019-08-23,5.0,The Archer,Taylor Swift,2019-07-23,0.292,0.574,0.0,-9.375,1.0,0.0401,0.12,0.00569,0.0663,0.166,124.344,4.0,211240.0,False,C,major,C major,"[Verse 1] Combat, I'm ready for combat I say I don't want that, but what if I do? 'Cause cruelty wins in the movies I've got a hundred thrown-out speeches I almost said to you [Pre-Chorus] Easy they come, easy they go I jump from the train, I ride off alone I never grew up, it's getting so old Help me hold on to you [Chorus] I've been the archer I've been the prey Who could ever leave me, darling But who could stay? [Verse 2] Dark side, I search for your dark side But what if I'm alright, right, right, right here? And I cut off my nose just to spite my face Then I hate my reflection for years and years [Pre-Chorus] I wake in the night, I pace like a ghost The room is on fire, invisible smoke And all of my heroes die all alone Help me hold on to you [Chorus] I've been the archer I've been the prey Screaming, who could ever leave me, darling But who could stay? (I see right through me, I see right through me) [Bridge] 'Cause they see right through me They see right through me They see right through Can you see right through me? They see right through They see right through me I see right through me I see right through me [Pre-Chorus] All the king's horses, all the king's men Couldn't put me together again 'Cause all of my enemies started out friends Help me hold on to you [Chorus] I've been the archer I've been the prey Who could ever leave me, darling But who could stay? (I see right through me, I see right through me) But who could stay? Who could stay? Who could stay? Who could stay? Who could stay? You could stay You [Outro] Combat, I'm ready for combat"
Lover,False,2019-08-23,6.0,I Think He Knows,Taylor Swift,2019-08-23,0.897,0.366,0.0,-8.029,1.0,0.0569,0.00889,0.000353,0.0715,0.416,100.003,4.0,173387.0,False,C,major,C major,"[Verse 1] I think he knows His footprints on the sidewalk Lead to where I can't stop Go there every night I think he knows His hands around a cold glass Make me wanna know that Body like it's mine [Pre-Chorus] He got that boyish look that I like in a man I am an architect, I'm drawing up the plans It's like I'm 17, nobody understands No one understands [Chorus] He got my heartbeat Skipping down 16th Avenue I got that, ah, I mean Wanna see what's under that attitude like I want you, bless my soul And I ain't gotta tell him, I think he knows I think he knows [Verse 2] I think he knows When we get all alone I'll make myself at home And he'll want me to stay I think he knows He'd better lock it down Or I won't stick around 'Cause good ones never wait (Ha) [Pre-Chorus] He got that boyish look that I like in a man I am an architect, I'm drawing up the plans He's so obsessed with me and, boy, I understand Boy, I understand [Chorus] He got my heartbeat (Heartbeat) Skipping down 16th Avenue I got that, ah, I mean (I mean) Wanna see what's under that attitude like I want you, bless my soul And I ain't gotta tell him, I think he knows I think he knows [Post-Chorus] I want you, bless my I want you, bless my I want you, bless my I want you, bless my soul [Bridge] Lyrical smile, indigo eyes, hand on my thigh We could follow the sparks, I'll drive Lyrical smile, indigo eyes, hand on my thigh We could follow the sparks, I'll drive ""So where we gonna go?"" I whisper in the dark ""Where we gonna go?"" I think he knows [Chorus] He got my heartbeat (Heartbeat) Skipping down 16th Avenue (Baby) I got that, ah, I mean (I mean) Wanna see what's under that attitude like (Yeah) I want you, bless my soul And I ain't gotta tell him, I think he knows I think he knows [Post-Chorus] I want you, bless my I want you, bless my I want you, bless my (Oh, baby) I want you, bless my soul (He got my heartbeat) I want you, bless my (Skipping down 16th Avenue, baby) I want you, bless my I want you, bless my soul And I ain't gotta tell him, I think he knows"
Lover,False,2019-08-23,7.0,Miss Americana & The Heartbreak Prince,Taylor Swift,2019-08-23,0.662,0.747,11.0,-6.926,0.0,0.0736,0.028,0.00615,0.138,0.487,150.088,4.0,234147.0,False,B,minor,B minor,"[Verse 1] You know I adore you, I'm crazier for you Than I was at 16, lost in a film scene Waving homecoming queens, marching band playing I'm lost in the lights American glory faded before me Now I'm feeling hopeless, ripped up my prom dress Running through rose thorns, I saw the scoreboard And ran for my life (Ah) [Pre-Chorus] No cameras catch my pageant smile I counted days, I counted miles To see you there, to see you there It's been a long time coming, but [Chorus] It's you and me, that's my whole world They whisper in the hallway, ""She's a bad, bad girl"" (Okay) The whole school is rolling fake dice You play stupid games, you win stupid prizes It's you and me, there's nothing like this Miss Americana and The Heartbreak Prince (Okay) We're so sad, we paint the town blue Voted most likely to run away with you [Verse 2] My team is losing, battered and bruising I see the high fives between the bad guys Leave with my head hung, you are the only one Who seems to care American stories burning before me I'm feeling helpless, the damsels are depressed Boys will be boys then, where are the wise men? Darling, I'm scared (Ah) [Pre-Chorus 2] No cameras catch my muffled cries I counted days, I counted miles To see you there, to see you there And now the storm is coming, but [Chorus] It's you and me, that's my whole world They whisper in the hallway, ""She's a bad, bad girl"" (Okay) The whole school is rolling fake dice You play stupid games, you win stupid prizes It's you and me, there's nothing like this Miss Americana and The Heartbreak Prince (Okay) We're so sad, we paint the town blue Voted most likely to run away with you [Bridge] And I don't want you to (Go), I don't really wanna (Fight) 'Cause nobody's gonna (Win), I think you should come home And I don't want you to (Go), I don't really wanna (Fight) 'Cause nobody's gonna (Win), I think you should come home And I don't want you to (Go), I don't really wanna (Fight) 'Cause nobody's gonna (Win), just thought you should know And I'll never let you (Go) 'cause I know this is a (Fight) That someday we're gonna (Win) [Chorus] It's you and me, that's my whole world They whisper in the hallway, ""She's a bad, bad girl"" Oh, I just thought you should know (You should know) It's you and me, there's nothing like this (Like this) Miss Americana and The Heartbreak Prince (Okay) We're so sad, we paint the town blue (Paint it blue) Voted most likely to run away with you [Post-Chorus] And I don't want you to (Go), I don't really wanna (Fight) 'Cause nobody's gonna (Win), I think you should come home And I'll never let you (Go) 'cause I know this is a (Fight) That someday we're gonna (Win), just thought you should know [Outro] It's you and me, that's my whole world They whisper in the hallway, ""She's a bad, bad girl"" ""She's a bad, bad girl"""
Lover,False,2019-08-23,8.0,Paper Rings,Taylor Swift,2019-08-23,0.811,0.719,9.0,-6.553,1.0,0.0497,0.0129,1.36e-05,0.0742,0.865,103.979,4.0,222400.0,False,A,major,A major,"[Verse 1] The moon is high Like your friends were the night that we first met Went home and tried to stalk you on the internet Now I've read all of the books beside your bed The wine is cold Like the shoulder that I gave you in the street Cat and mouse for a month or two or three Now I wake up in the night and watch you breathe [Pre-Chorus] (Ayy) Kiss me once 'cause you know I had a long night (Oh) Kiss me twice 'cause it's gonna be alright (Uh) Three times 'cause I waited my whole life (1, 2, 1, 2, 3, 4) [Chorus] I like shiny things, but I'd marry you with paper rings Uh huh, that's right Darling, you're the one I want, and I hate accidents except when we went from friends to this Uh huh, that's right Darling, you're the one I want In paper rings, in picture frames, in dirty dreams Oh, you're the one I want [Verse 2] In the winter, in the icy outdoor pool When you jumped in first, I went in too I'm with you even if it makes me blue Which takes me back To the color that we painted your brother's wall Honey, without all the exes, fights, and flaws We wouldn't be standing here so tall, so [Pre-Chorus] (Ayy) Kiss you once 'cause I know you had a long night (Oh) Kiss you twice 'cause it's gonna be alright (Uh) Three times 'cause you waited your whole life (1, 2, 1, 2, 3, 4) Ah [Chorus] I like shiny things, but I'd marry you with paper rings Uh huh, that's right Darling, you're the one I want, and I hate accidents except when we went from friends to this Uh huh, that's right Darling, you're the one I want In paper rings, in picture frames, in dirty dreams Oh, you're the one I want [Bridge] I want to drive away with you I want your complications too I want your dreary Mondays Wrap your arms around me, baby boy I want to drive away with you I want your complications too I want your dreary Mondays Wrap your arms around me, baby boy Uh huh [Chorus] I like shiny things, but I'd marry you with paper rings Ah-ah, that's right, you're the one I want I hate accidents except when we went from friends to this Ah-ah, darling, you're the one I want I like shiny things, but I'd marry you with paper rings Uh huh, that's right Darling, you're the one I want, and I hate accidents except when we went from friends to this Uh huh, that's right Darling, you're the one I want In paper rings, in picture frames, in all my dreams You're the one I want In paper rings, in picture frames, in all my dreams Oh, you're the one I want [Outro] You're the one I want, one I want You're the one I want, one I want"
Lover,False,2019-08-23,9.0,Cornelia Street,Taylor Swift,2019-08-23,0.824,0.624,0.0,-9.728,1.0,0.0827,0.781,0.000189,0.1,0.248,102.012,4.0,287267.0,False,C,major,C major,"[Verse 1] We were in the backseat Drunk on something stronger than the drinks in the bar ""I rent a place on Cornelia Street"" I say casually in the car We were a fresh page on the desk Filling in the blanks as we go As if the street lights pointed in an arrow head Leading us home [Chorus] And I hope I never lose you, hope it never ends I'd never walk Cornelia Street again That's the kinda heartbreak time could never mend I'd never walk Cornelia Street again And baby, I get mystified by how this city screams your name And baby, I'm so terrified of if you ever walk away I'd never walk Cornelia Street again I'd never walk Cornelia Street again [Verse 2] Windows flung right open, autumn air Jacket 'round my shoulders is yours We bless the rains on Cornelia Street Memorize the creaks in the floor Back when we were card sharks, playing games I thought you were leading me on I packed my bags, left Cornelia Street Before you even knew I was gone [Pre-Chorus] But then you called, showed your hand I turned around before I hit the tunnel Sat on the roof, you and I [Chorus] I hope I never lose you, hope it never ends I'd never walk Cornelia Street again That's the kinda heartbreak time could never mend I'd never walk Cornelia Street again And baby, I get mystified by how this city screams your name And baby, I'm so terrified of if you ever walk away I'd never walk Cornelia Street again I'll never walk Cornelia Street again [Bridge] You hold my hand on the street Walk me back to that apartment Years ago, we were just inside Barefoot in the kitchen Sacred new beginnings That became my religion, listen [Chorus] I hope I never lose you I'd never walk Cornelia Street again Oh, never again ‘Cause baby, I get mystified by how this city screams your name And baby, I'm so terrified of if you ever walk away I'd never walk Cornelia Street again I'd never walk Cornelia Street again [Post-Chorus] I don't wanna lose you I don't wanna lose you [Outro] ""I rent a place on Cornelia Street"" I say casually in the car"
Lover,False,2019-08-23,10.0,Death By A Thousand Cuts,Taylor Swift,2019-08-23,0.712,0.732,4.0,-6.754,1.0,0.0629,0.454,0.0,0.319,0.313,94.071,4.0,198533.0,False,E,major,E major,"[Chorus] Saying goodbye is death by a thousand cuts Flashbacks waking me up Get drunk, but it's not enough 'Cause the morning comes and you're not my baby I look through the windows of this love Even though we boarded them up Chandelier's still flickering here 'Cause I can't pretend it's okay when it's not It's death by a thousand cuts [Verse 1] I dress to kill my time, I take the long way home I ask the traffic lights if it'll be alright They say, ""I don't know"" And what once was ours is no one's now I see you everywhere, the only thing we share Is this small town You said it was a great love, one for the ages So  if the story's over, why am I still writing pages? [Chorus] 'Cause saying goodbye is death by a thousand cuts Flashbacks waking me up Get drunk, but it's not enough 'Cause the morning comes and you're not my baby I look through the windows of this love Even though we boarded them up Chandelier's still flickering here 'Cause I can't pretend it's okay when it's not It's death by a thousand cuts [Verse 2] My heart, my hips, my body, my love Tryna find a part of me that you didn't touch Gave up on me like I was a bad drug Now I'm searching for signs in a haunted club Our songs, our films, united we stand Our country, guess it was a lawless land Quiet my fears with the touch of your hand Paper cut stings from our paper-thin plans My time, my wine, my spirit, my trust Tryna find a part of me you didn't take up Gave you too much, but it wasn't enough But I'll be alright, it's just a thousand cuts [Chorus] Get drunk, but it's not enough 'Cause you're not my baby I look through the windows of this love Even though we boarded them up Chandelier's still flickering here 'Cause I can't pretend it's okay when it's not No, it's not It's death by a thousand cuts [Post-Chorus] Part of me that you didn't touch My body, my love, my trust But it wasn't enough, it wasn't enough, no, no [Outro] I take the long way home I ask the traffic lights if it'll be alright They say, ""I don't know"""
Lover,False,2019-08-23,11.0,London Boy,Taylor Swift,2019-08-23,0.695,0.71,1.0,-6.639,1.0,0.05,0.0246,0.000104,0.133,0.557,157.925,4.0,190240.0,False,C#,major,C# major,"[Intro: Idris Elba & James Corden] We can go driving in, on my scooter Uh, you know, just 'round London Oh, I'd... [Verse 1] I love my hometown as much as Motown, I love SoCal And you know I love Springsteen, faded blue jeans, Tennessee whiskey But something happened, I heard him laughing I saw the dimples first and then I heard the accent They say home is where the heart is But that's not where mine lives [Chorus] You know I love a London boy I enjoy walking Camden Market in the afternoon He likes my American smile, like a child when our eyes meet Darling, I fancy you Took me back to Highgate, met all of his best mates So I guess all the rumors are true You know I love a London boy Boy, I fancy you (Ooh) [Verse 2] And now I love high tea, stories from Uni, and the West End You can find me in the pub, we are watching rugby with his school friends Show me a gray sky, a rainy cab ride Babes, don't threaten me with a good time They say home is where the heart is But God, I love the English [Chorus] You know I love a London boy, I enjoy nights in Brixton Shoreditch in the afternoon He likes my American smile, like a child when our eyes meet Darling, I fancy you Took me back to Highgate, met all of his best mates So I guess all the rumors are true You know I love a London boy Boy, I fancy you [Bridge] So please show me Hackney Doesn't have to be Louis V up on Bond Street Just wanna be with you Wanna be with you Stick with me, I'm your queen Like a Tennessee Stella McCartney on the Heath Just wanna be with you (Wanna be with you) Wanna be with you (Oh) [Chorus] You know I love a London boy, I enjoy walking Soho Drinking in the afternoon (Yeah) He likes my American smile, like a child when our eyes meet Darling, I fancy you (You) Took me back to Highgate, met all of his best mates So I guess all the rumors are true (Yeah) You know I love a London boy (Oh) Boy (Oh), I fancy you (I fancy you, ooh) [Outro] So please show me Hackney Doesn't have to be Louis V up on Bond Street Just wanna be with you I, I, I fancy you Oh whoa, oh, I Stick with me, I'm your queen Like a Tennessee Stella McCartney on the Heath Just wanna be with you (Ooh) Wanna be with you I fancy you (Yeah), I fancy you Oh whoa, ah"
Lover,False,2019-08-23,12.0,Soon You'll Get Better,Taylor Swift,2019-08-23,0.433,0.182,0.0,-12.566,1.0,0.0641,0.907,0.0,0.123,0.421,207.476,4.0,201587.0,False,C,major,C major,"[Verse 1: Taylor Swift] The buttons of my coat were tangled in my hair In doctor's office lighting, I didn't tell you I was scared That was the first time we were there Holy orange bottles, each night, I pray to you Desperate people find faith, so now I pray to Jesus too And I say to you... [Chorus: Taylor Swift & The Chicks] Ooh-ah Soon, you'll get better Ooh-ah Soon, you'll get better Ooh-ah You'll get better soon 'Cause you have to [Verse 2: Taylor Swift] I know delusion when I see it in the mirror You like the nicer nurses, you make the best of a bad deal I just pretend it isn't real I'll paint the kitchen neon, I'll brighten up the sky I know I'll never get it, there's not a day that I won't try And I say to you... [Chorus: Taylor Swift & The Chicks] Ooh-ah Soon, you'll get better Ooh-ah Soon, you'll get better Ooh-ah You'll get better soon 'Cause you have to [Bridge: Taylor Swift & The Chicks] And I hate to make this all about me But who am I supposed to talk to? What am I supposed to do If there's no you? [Pre-Chorus: Taylor Swift] This won't go back to normal, if it ever was It's been years of hoping, and I keep saying it because 'Cause I have to [Chorus: Taylor Swift & The Chicks] Ooh-ah You'll get better Ooh-ah Soon, you'll get better Ooh-ah You'll get better soon Ooh-ah Soon, you'll get better Ooh-ah Soon, you'll get better Ooh-ah You'll get better soon 'Cause you have to"
Lover,False,2019-08-23,13.0,False God,Taylor Swift,2019-08-23,0.739,0.32,11.0,-10.862,0.0,0.239,0.736,0.000147,0.111,0.351,79.97,4.0,200307.0,False,B,minor,B minor,"[Verse 1] We were crazy to think Crazy to think that this could work Remember how I said I'd die for you? We were stupid to jump In the ocean separating us Remember how I’d fly to you? [Pre-Chorus] And I can't talk to you when you're like this Staring out the window like I’m not your favorite town I'm New York City I still do it for you, babe They all warned us about times like this They say the road gets hard and you get lost When you're led by blind faith, blind faith [Chorus] But we might just get away with it Religion's in your lips Even if it's a false god We'd still worship We might just get away with it The altar is my hips Even if it's a false god We'd still worship this love We’d still worship this love We’d still worship this love [Verse 2] I know heaven's a thing I go there when you touch me, honey Hell is when I fight with you But we can patch it up good Make confessions and we’re begging for forgiveness Got the wine for you [Pre-Chorus] And you can't talk to me when I'm like this Daring you to leave me just so I can try and scare you You're the West Village You still do it for me, babe They all warned us about times like this They say the road gets hard and you get lost When you’re led by blind faith, blind faith [Chorus] But we might just get away with it Religion's in your lips Even if it's a false god We'd still worship We might just get away with it The altar is my hips Even if it's a false god We'd still worship this love We'd still worship this love We'd still worship this love, ah [Outro] Still worship this love Even if it's a false god Even if it's a false god Still worship this love"
Lover,False,2019-08-23,14.0,You Need To Calm Down,Taylor Swift,2019-06-14,0.771,0.671,2.0,-5.617,1.0,0.0553,0.00929,0.0,0.0637,0.714,85.026,4.0,171360.0,False,D,major,D major,"[Verse 1] You are somebody that I don't know But you're takin' shots at me like it's Patrón And I'm just like, damn, it's 7 AM Say it in the street, that's a knock-out But you say it in a Tweet, that's a cop-out And I'm just like, ""Hey, are you okay?"" [Pre-Chorus] And I ain't tryna mess with your self-expression But I've learned a lesson that stressin' and obsessin' 'bout somebody else is no fun And snakes and stones never broke my bones [Chorus] So oh-oh, oh-oh, oh-oh, oh-oh, oh-oh You need to calm down You're being too loud And I'm just like oh-oh, oh-oh, oh-oh, oh-oh, oh-oh (Oh) You need to just stop Like can you just not step on my gown? You need to calm down [Verse 2] You are somebody that we don't know But you're comin' at my friends like a missile Why are you mad when you could be GLAAD? (You could be GLAAD) Sunshine on the street at the parade But you would rather be in the dark ages Makin' that sign must've taken all night [Pre-Chorus] You just need to take several seats and then try to restore the peace And control your urges to scream about all the people you hate 'Cause shade never made anybody less gay [Chorus] So oh-oh, oh-oh, oh-oh, oh-oh, oh-oh You need to calm down You're being too loud And I'm just like oh-oh, oh-oh, oh-oh, oh-oh, oh-oh (Oh) You need to just stop Like can you just not step on his gown? You need to calm down [Bridge] And we see you over there on the internet Comparin' all the girls who are killing it But we figured you out We all know now we all got crowns You need to calm down [Chorus] Oh-oh, oh-oh, oh-oh, oh-oh, oh-oh You need to calm down You're being too loud (You're being too loud) And I'm just like oh-oh, oh-oh, oh-oh, oh-oh, oh-oh (Oh) You need to just stop Like can you just not step on our gowns? You need to calm down [Outro] You need to just stop Like can you just not step on our gowns? You need to calm down"
Lover,False,2019-08-23,15.0,Afterglow,Taylor Swift,2019-08-23,0.756,0.449,9.0,-8.746,1.0,0.0344,0.13,0.0,0.114,0.399,111.011,4.0,223293.0,False,A,major,A major,"[Verse 1] I blew things out of proportion, now you're blue Put you in jail for something you didn’t do I pinned your hands behind your back, oh Thought I had reason to attack, but no [Pre-Chorus 1] Fighting with a true love is boxing with no gloves Chemistry 'til it blows up, 'til there’s no us Why'd I have to break what I love so much? It's on your face, and I'm to blame, I need to say [Chorus] Hey, it's all me, in my head I'm the one who burned us down But it's not what I meant Sorry that I hurt you I don't wanna do, I don’t wanna do this to you (Ooh) I don’t wanna lose, I don't wanna lose this with you (Ooh) I need to say, hey, it’s all me, just don't go Meet me in the afterglow [Verse 2] It's so excruciating to see you low Just wanna lift you up and not let you go This ultraviolet morning light below Tells me this love is worth the fight, oh [Pre-Chorus 2] I lived like an island, punished you with silence Went off like sirens, just crying Why'd I have to break what I love so much? It’s on your face, don't walk away, I need to say [Chorus] Hey, it's all me, in my head I'm the one who burned us down But it's not what I meant I'm sorry that I hurt you I don't wanna do, I don't wanna do this to you (Ooh) I don't wanna lose, I don't wanna lose this with you (Ooh) I need to say, hey, it's all me, just don't go Meet me in the afterglow [Bridge] Tell me that you're still mine Tell me that we'll be just fine Even when I lose my mind I need to say Tell me that it's not my fault Tell me that I'm all you want Even when I break your heart I need to say [Chorus] Hey, it's all me, in my head I'm the one who burned us down But it's not what I meant Sorry that I hurt you I don't wanna do, I don't wanna do this to you (Ooh) I don't wanna lose, I don't wanna lose this with you (Ooh) I need to say, hey, it's all me, just don't go Meet me in the afterglow"
Lover,False,2019-08-23,16.0,ME!,Taylor Swift,2019-04-26,0.61,0.83,0.0,-4.105,1.0,0.0571,0.033,0.0,0.118,0.728,182.162,4.0,193000.0,False,C,major,C major,"[Intro] I promise that you'll never find another like me [Verse 1] I know that I'm a handful, baby, uh I know I never think before I jump You're the kind of guy the ladies want (And there's a lot of cool chicks out there) I know that I'm a psycho on the phone Never leave well enough alone And trouble's gonna follow where I go (And there's a lot of cool chicks out there) [Pre-Chorus] But one of these things is not like the others Like a rainbow with all of the colors Baby doll, when it comes to a lover I promise that you'll never find another like [Chorus] Me-e-e, ooh-ooh-ooh-ooh I'm the only one of me Baby, that's the fun of me Eeh-eeh-eeh, ooh-ooh-ooh-ooh You're the only one of you Baby, that's the fun of you And I promise that nobody's gonna love you like me-e-e [Verse 2] I know I tend to make it about me I know you never get just what you see But I will never bore you, baby (And there's a lot of lame guys out there) And when we had that fight out in the rain You ran after me and called my name Never wanna see you walk away (And there's a lot of lame guys out there) [Pre-Chorus] 'Cause one of these things is not like the others Livin' in winter, I am your summer Baby doll, when it comes to a lover I promise that you'll never find another like [Chorus] Me-e-e, ooh-ooh-ooh-ooh I'm the only one of me Let me keep you company Eeh-eeh-eeh, ooh-ooh-ooh-ooh You're the only one of you Baby, that's the fun of you And I promise that nobody's gonna love you like me-e-e [Bridge] Hey kids (Spelling is fun) Girl, there ain't no I in ""team"" But you know there is a ""me"" Strike the band up, 1, 2, 3 I promise that you'll never find another like me Girl, there ain't no I in ""team"" But you know there is a ""me"" And you can't spell ""awesome"" without ""me"" I promise that you'll never find another like [Chorus] Me-e-e (Yeah), ooh-ooh-ooh-ooh I'm the only one of me Baby, that's the fun of me Eeh-eeh-eeh, ooh-ooh-ooh-ooh You're the only one of you Baby, that's the fun of you And I promise that nobody's gonna love you like me-e-e [Outro] Girl, there ain't no I in ""team"" (Ooh-ooh-ooh-ooh) But you know there is a ""me"" I'm the only one of me Baby, that's the fun of me (Eeh-eeh-eeh) Strike the band up, 1, 2, 3 (Ooh-ooh-ooh-ooh) You can't spell ""awesome"" without ""me"" You're the only one of you Baby, that's the fun of you And I promise that nobody's gonna love you like me-e-e"
Lover,False,2019-08-23,17.0,It's Nice To Have A Friend,Taylor Swift,2019-08-23,0.737,0.175,10.0,-9.912,1.0,0.0401,0.971,0.000337,0.171,0.545,70.008,4.0,150440.0,False,A#,major,A# major,"[Intro] Ooh Ooh [Verse 1] School bell rings, walk me home Sidewalk chalk covered in snow Lost my gloves, you give me one ""Wanna hang out?"" Yeah, sounds like fun Video games, you pass me a note Sleeping in tents [Chorus] It's nice to have a friend (Ooh) It's nice to have a friend (Ooh) [Verse 2] Light pink sky, up on the roof Sun sinks down, no curfew 20 questions, we tell the truth You've been stressed out lately, yeah, me too Something gave you the nerve To touch my hand [Chorus] It's nice to have a friend (Ooh) It's nice to have a friend (Ooh) [Instrumental bridge] [Verse 3] Church bells ring, carry me home Rice on the ground looks like snow Call my bluff, call you ""Babe"" Have my back, yeah, every day Feels like home, stay in bed The whole weekend [Chorus] It's nice to have a friend (Ooh) It's nice to have a friend (Ooh) It's nice to have a friend (Ooh) (Ooh)"
Lover,False,2019-08-23,18.0,Daylight,Taylor Swift,2019-08-23,0.557,0.496,0.0,-9.602,1.0,0.0563,0.808,0.000173,0.0772,0.265,149.983,4.0,293453.0,False,C,major,C major,"[Verse 1] My love was as cruel as the cities I lived in Everyone looked worse in the light There are so many lines that I've crossed unforgiven I'll tell you the truth, but never goodbye [Chorus] I don't wanna look at anything else now that I saw you I don't wanna think of anything else now that I thought of you Been sleeping so long in a twenty-year dark night But now I see daylight I only see daylight [Verse 2] Luck of the draw only draws the unlucky So I became the butt of the joke I wounded the good and I trusted the wicked Clearing the air, I breathed in the smoke Maybe you ran with the wolves and refused to settle down Maybe I've stormed out of every single room in this town Threw out our cloaks and our daggers because it's morning now It's brighter now, now [Chorus] I don't wanna look at anything else now that I saw you (I can never look away) I don't wanna think of anything else now that I thought of you (Things I'm never gonna say) Been sleeping so long in a twenty-year dark night (Now I'm wide awake) But now I see daylight I only see daylight I only see daylight, daylight, daylight, daylight I only see daylight, daylight, daylight, daylight [Bridge] And I can still see it all in my mind All of you, all of me intertwined I once believed love would be black and white But it's golden golden And I can still see it all in my head Back and forth from New York, sneaking in your bed I once believed love would be burning red But it's golden Like daylight, like daylight Like daylight, like daylight [Chorus] I don't wanna look at anything else now that I saw you (I can never look away) I don't wanna think of anything else now that I thought of you (Things I'm never gonna say) Been sleeping so long in a twenty-year dark night (Now I'm wide awake) But now I see daylight I only see daylight I only see daylight, daylight, daylight, daylight I only see daylight, daylight, daylight, daylight I only see daylight, daylight, daylight, daylight I only see daylight, daylight, daylight, daylight [Outro] You gotta step into the daylight and let it go Just let it go, let it go"
folklore,False,2020-07-24,1.0,the 1,Taylor Swift,2020-07-24,0.78,0.361,0.0,-6.942,1.0,0.048,0.75,7.14e-06,0.108,0.163,139.902,4.0,210240.0,True,C,major,C major,"[Verse 1] I'm doing good, I'm on some new shit Been saying ""yes"" instead of ""no"" I thought I saw you at the bus stop, I didn't though I hit the ground running each night I hit the Sunday matinée You know the greatest films of all time were never made [Pre-Chorus] I guess you never know, never know And if you wanted me, you really should've showed And if you never bleed, you're never gonna grow And it's alright now [Chorus] But we were something, don't you think so? Roaring twenties, tossing pennies in the pool And if my wishes came true It would've been you In my defense, I have none For never leaving well enough alone But it would've been fun If you would've been the one (Ooh) [Verse 2] I have this dream you're doing cool shit Having adventures on your own You meet some woman on the internet and take her home We never painted by the numbers, baby But we were making it count You know the greatest loves of all time are over now [Pre-Chorus] I guess you never know, never know And it's another day waking up alone [Chorus] But we were something, don't you think so? Roaring twenties, tossing pennies in the pool And if my wishes came true It would've been you In my defense, I have none For never leaving well enough alone But it would've been fun If you would've been the one [Bridge] I, I, I persist and resist the temptation to ask you If one thing had been different Would everything be different today? [Chorus] We were something, don't you think so? Rosé flowing with your chosen family And it would've been sweet If it could've been me In my defense, I have none For digging up the grave another time But it would've been fun If you would've been the one (Ooh)"
folklore,False,2020-07-24,2.0,cardigan,Taylor Swift,2020-07-24,0.612,0.58,0.0,-8.572,0.0,0.0419,0.525,0.000414,0.26,0.534,130.045,4.0,239560.0,False,C,minor,C minor,"[Verse 1] Vintage tee, brand new phone High heels on cobblestones When you are young, they assume you know nothing Sequin smile, black lipstick Sensual politics When you are young, they assume you know nothing [Chorus] But I knew you Dancin' in your Levi's Drunk under a streetlight, I I knew you Hand under my sweatshirt Baby, kiss it better, I [Refrain] And when I felt like I was an old cardigan Under someone's bed You put me on and said I was your favorite [Verse 2] A friend to all is a friend to none Chase two girls, lose the one When you are young, they assume you know nothing [Chorus] But I knew you Playing hide-and-seek and Giving me your weekends, I I knew you Your heartbeat on the High Line Once in twenty lifetimes, I [Refrain] And when I felt like I was an old cardigan Under someone's bed You put me on and said I was your favorite [Bridge] To kiss in cars and downtown bars Was all we needed You drew stars around my scars But now I'm bleedin' [Chorus] 'Cause I knew you Steppin' on the last train Marked me like a bloodstain, I I knew you Tried to change the ending Peter losing Wendy, I I knew you Leavin' like a father Running like water, I And when you are young, they assume you know nothing [Verse 3] But I knew you'd linger like a tattoo kiss I knew you'd haunt all of my what-ifs The smell of smoke would hang around this long 'Cause I knew everything when I was young I knew I'd curse you for the longest time Chasin' shadows in the grocery line I knew you'd miss me once the thrill expired And you'd be standin' in my front porch light And I knew you'd come back to me You'd come back to me And you'd come back to me And you'd come back [Refrain] And when I felt like I was an old cardigan Under someone's bed You put me on and said I was your favorite"
folklore,False,2020-07-24,3.0,the last great american dynasty,Taylor Swift,2020-07-24,0.688,0.653,7.0,-8.558,1.0,0.0403,0.481,0.00414,0.106,0.701,147.991,4.0,231000.0,True,G,major,G major,"[Verse 1] Rebekah rode up on the afternoon train, it was sunny Her saltbox house on the coast took her mind off St. Louis Bill was the heir to the Standard Oil name and money And the town said, ""How did a middle-class divorcée do it?"" The wedding was charming, if a little gauche There's only so far new money goes They picked out a home and called it ""Holiday House"" Their parties were tasteful, if a little loud The doctor had told him to settle down It must have been her fault his heart gave out [Chorus] And they said There goes the last great American dynasty Who knows, if she never showed up, what could've been There goes the maddest woman this town has ever seen She had a marvelous time ruining everything [Verse 2] Rebekah gave up on the Rhode Island set forever Flew in all her Bitch Pack friends from the city Filled the pool with champagne and swam with the big names And blew through the money on the boys and the ballet And losing on card game bets with Dalí [Chorus] And they said There goes the last great American dynasty Who knows, if she never showed up, what could've been There goes the most shameless woman this town has ever seen She had a marvelous time ruining everything [Bridge] They say she was seen on occasion Pacing the rocks, staring out at the midnight sea And in a feud with her neighbor She stole his dog and dyed it key lime green Fifty years is a long time Holiday House sat quietly on that beach Free of women with madness, their men and bad habits And then it was bought by me [Chorus] Who knows, if I never showed up, what could've been There goes the loudest woman this town has ever seen I had a marvelous time ruining everything [Outro] I had a marvelous time ruining everything A marvelous time ruining everything A marvelous time I had a marvelous time"
folklore,False,2020-07-24,4.0,exile,Taylor Swift,2020-07-24,0.31,0.374,6.0,-8.464,1.0,0.0275,0.761,2.46e-05,0.11,0.16,75.938,4.0,285640.0,False,F#,major,F# major,"[Verse 1: Justin Vernon] I can see you standing, honey With his arms around your body Laughin', but the joke's not funny at all And it took you five whole minutes To pack us up and leave me with it Holdin' all this love out here in the hall [Chorus: Justin Vernon] I think I've seen this film before And I didn't like the ending You're not my homeland anymore So what am I defending now? You were my town, now I'm in exile, seein' you out I think I've seen this film before [Post-Chorus: Justin Vernon] Ooh, ooh, ooh [Verse 2: Taylor Swift] I can see you starin', honey Like he's just your understudy Like you'd get your knuckles bloody for me Second, third, and hundredth chances Balancin' on breaking branches Those eyes add insult to injury [Chorus: Taylor Swift] I think I've seen this film before And I didn't like the ending I'm not your problem anymore So who am I offending now? You were my crown, now I'm in exile, seein' you out I think I've seen this film before So I'm leaving out the side door [Bridge: Justin Vernon, Taylor Swift & Both] So step right out, there is no amount Of crying I can do for you All this time We always walked a very thin line You didn't even hear me out (You didn't even hear me out) You never gave a warning sign (I gave so many signs) All this time I never learned to read your mind (Never learned to read my mind) I couldn't turn things around (You never turned things around) 'Cause you never gave a warning sign (I gave so many signs) So many signs, so many signs You didn't even see the signs [Chorus: Taylor Swift & Justin Vernon, Taylor Swift] I think I've seen this film before And I didn't like the ending You're not my homeland anymore So what am I defending now? You were my town, now I'm in exile, seein' you out I think I've seen this film before So I'm leavin' out the side door [Outro: Justin Vernon & Taylor Swift] So step right out, there is no amount Of crying I can do for you All this time We always walked a very thin line You didn't even hear me out (Didn't even hear me out) You never gave a warning sign (I gave so many signs) All this time I never learned to read your mind (Never learned to read my mind) I couldn't turn things around (You never turned things around) 'Cause you never gave a warning sign (I gave so many signs) You never gave a warning sign (All this time) (So many times) I never learned to read your mind (So many signs) I couldn't turn things around (I couldn't turn things around) 'Cause you never gave a warning sign (You never gave a warning sign) You never gave a warning sign Ah, ah"
folklore,False,2020-07-24,5.0,my tears ricochet,Taylor Swift,2020-07-24,0.456,0.265,0.0,-10.663,1.0,0.0328,0.814,0.0,0.0679,0.112,129.947,4.0,255893.0,False,C,major,C major,"[Verse 1] We gather here, we line up, weepin' in a sunlit room And if I'm on fire, you'll be made of ashes, too Even on my worst day, did I deserve, babe All the hell you gave me? 'Cause I loved you, I swear I loved you 'Til my dying day [Chorus] I didn't have it in myself to go with grace And you're the hero flying around, saving face And if I'm dead to you, why are you at the wake? Cursing my name, wishing I stayed Look at how my tears ricochet [Verse 2] We gather stones, never knowing what they'll mean Some to throw, some to make a diamond ring You know I didn't want to have to haunt you But what a ghostly scene You wear the same jewels that I gave you As you bury me [Chorus] I didn't have it in myself to go with grace 'Cause when I'd fight, you used to tell me I was brave And if I'm dead to you, why are you at the wake? Cursing my name, wishing I stayed Look at how my tears ricochet [Bridge] And I can go anywhere I want Anywhere I want, just not home And you can aim for my heart, go for blood But you would still miss me in your bones And I still talk to you (When I'm screaming at the sky) And when you can't sleep at night (You hear my stolen lullabies) [Chorus] I didn't have it in myself to go with grace And so the battleships will sink beneath the waves You had to kill me, but it killed you just the same Cursing my name, wishing I stayed You turned into your worst fears And you're tossing out blame, drunk on this pain Crossing out the good years And you're cursing my name, wishing I stayed Look at how my tears ricochet"
folklore,False,2020-07-24,6.0,mirrorball,Taylor Swift,2020-07-24,0.549,0.417,7.0,-10.064,1.0,0.035,0.686,1.9e-06,0.0604,0.347,110.137,4.0,208973.0,False,G,major,G major,"[Verse 1] I want you to know I'm a mirrorball I'll show you every version of yourself tonight I'll get you out on the floor Shimmering beautiful And when I break, it's in a million pieces [Chorus] Hush, when no one is around, my dear You'll find me on my tallest tiptoes Spinning in my highest heels, love Shining just for you Hush, I know they said the end is near But I'm still on my tallest tiptoes Spinning in my highest heels, love Shining just for you [Verse 2] I want you to know I'm a mirrorball I can change everything about me to fit in You are not like the regulars The masquerade revelers Drunk as they watch my shattered edges glisten [Chorus] Hush, when no one is around, my dear You'll find me on my tallest tiptoes Spinning in my highest heels, love Shining just for you Hush, I know they said the end is near But I'm still on my tallest tiptoes Spinning in my highest heels, love Shining just for you [Bridge] And they called off the circus, burned the disco down When they sent home the horses and the rodeo clowns I'm still on that tightrope I'm still trying everything to get you laughing at me And I'm still a believer, but I don't know why I've never been a natural, all I do is try, try, try I'm still on that trapeze I'm still trying everything to keep you looking at me [Outro] Because I'm a mirrorball I'm a mirrorball And I'll show you every version of yourself tonight"
folklore,False,2020-07-24,7.0,seven,Taylor Swift,2020-07-24,0.602,0.494,4.0,-10.813,1.0,0.0277,0.888,2.59e-05,0.0902,0.374,94.955,4.0,208907.0,False,E,major,E major,"[Verse 1] Please picture me in the trees I hit my peak at seven Feet in the swing over the creek I was too scared to jump in But I, I was high in the sky With Pennsylvania under me Are there still beautiful things? [Chorus] Sweet tea in the summer Cross your heart, won't tell no other And though I can’t recall your face I still got love for you Your braids like a pattern Love you to the Moon and to Saturn Passed down like folk songs The love lasts so long [Verse 2] And I've been meaning to tell you I think your house is haunted Your dad is always mad and that must be why And I think you should come live with me And we can be pirates Then you won't have to cry Or hide in the closet And just like a folk song Our love will be passed on [Bridge] Please picture me in the weeds Before I learned civility I used to scream ferociously Any time I wanted I, I [Chorus] Sweet tea in the summer Cross my heart, won’t tell no other And though I can't recall your face I still got love for you Pack your dolls and a sweater We'll move to India forever Passed down like folk songs Our love lasts so long"
folklore,False,2020-07-24,8.0,august,Taylor Swift,2020-07-24,0.387,0.634,5.0,-9.222,1.0,0.0363,0.553,6.93e-05,0.0931,0.42,89.567,4.0,261920.0,False,F,major,F major,"[Verse 1] Salt air, and the rust on your door I never needed anything more Whispers of ""Are you sure?"" ""Never have I ever before"" [Chorus] But I can see us lost in the memory August slipped away into a moment in time 'Cause it was never mine And I can see us twisted in bedsheets August sipped away like a bottle of wine 'Cause you were never mine [Verse 2] Your back beneath the sun Wishin' I could write my name on it Will you call when you're back at school? I remember thinkin' I had you [Chorus] But I can see us lost in the memory August slipped away into a moment in time 'Cause it was never mine And I can see us twisted in bedsheets August sipped away like a bottle of wine 'Cause you were never mine [Bridge] Back when we were still changin' for the better Wanting was enough For me, it was enough To live for the hope of it all Canceled plans just in case you'd call And say, ""Meet me behind the mall"" So much for summer love and saying ""us"" 'Cause you weren't mine to lose You weren't mine to lose, no [Chorus] But I can see us lost in the memory August slipped away into a moment in time 'Cause it was never mine And I can see us twisted in bedsheets August sipped away like a bottle of wine 'Cause you were never mine [Outro] 'Cause you were never mine Never mine But do you remember? Remember when I pulled up and said ""Get in the car"" And then canceled my plans just in case you'd call? Back when I was livin' for the hope of it all, for the hope of it all ""Meet me behind the mall"" (Remember when I pulled up and said ""Get in the car"") (And then canceled my plans just in case you'd call?) (Back when I was livin' for the hope of it all, for the hope of it all) (""Meet me behind the mall"") Remember when I pulled up and said ""Get in the car"" And then canceled my plans just in case you'd call? Back when I was livin' for the hope of it all (For the hope of it all) For the hope of it all, for the hope of it all (For the hope of it all, for the hope of it all)"
folklore,False,2020-07-24,9.0,this is me trying,Taylor Swift,2020-07-24,0.511,0.478,9.0,-9.837,1.0,0.0322,0.312,2.3e-05,0.147,0.408,135.882,4.0,195107.0,False,A,major,A major,"[Verse 1] I've been having a hard time adjusting I had the shiniest wheels, now they're rusting I didn't know if you'd care if I came back I have a lot of regrets about that Pulled the car off the road to the lookout Could've followed my fears all the way down And maybe I don't quite know what to say But I'm here in your doorway [Chorus] I just wanted you to know that this is me trying I just wanted you to know that this is me trying [Verse 2] They told me all of my cages were mental So I got wasted like all my potential And my words shoot to kill when I'm mad I have a lot of regrets about that I was so ahead of the curve, the curve became a sphere Fell behind all my classmates and I ended up here Pouring out my heart to a stranger But I didn't pour the whiskey [Chorus] I just wanted you to know that this is me trying I just wanted you to know that this is me trying [Post-Chorus] At least I'm trying [Bridge] And it's hard to be at a party when I feel like an open wound It's hard to be anywhere these days when all I want is you You're a flashback in a film reel on the one screen in my town [Chorus] And I just wanted you to know that this is me trying (And maybe I don't quite know what to say) I just wanted you to know that this is me trying [Outro] At least I'm trying"
folklore,False,2020-07-24,10.0,illicit affairs,Taylor Swift,2020-07-24,0.529,0.304,10.0,-10.567,1.0,0.0356,0.862,0.0,0.108,0.44,119.58,4.0,190893.0,False,A#,major,A# major,"[Verse 1] Make sure nobody sees you leave Hood over your head, keep your eyes down Tell your friends you're out for a run You’ll be flushed when you return Take the road less traveled by Tell yourself you can always stop What started in beautiful rooms Ends with meetings in parking lots [Chorus] And that's the thing about illicit affairs And clandestine meetings and longing stares It's born from just one single glance But it dies and it dies and it dies A million little times [Verse 2] Leave the perfume on the shelf That you picked out just for him So you leave no trace behind Like you don’t even exist Take the words for what they are A dwindling, mercurial high A drug that only worked The first few hundred times [Chorus] And that's the thing about illicit affairs And clandestine meetings and stolen stares They show their truth one single time But they lie and they lie and they lie A million little times [Bridge] And you wanna scream Don't call me ""kid,"" don't call me ""baby"" Look at this godforsaken mess that you made me You showed me colors you know I can't see with anyone else Don't call me ""kid,"" don't call me ""baby"" Look at this idiotic fool that you made me You taught me a secret language I can't speak with anyone else [Outro] And you know damn well For you, I would ruin myself A million little times"
folklore,False,2020-07-24,11.0,invisible string,Taylor Swift,2020-07-24,0.651,0.459,4.0,-11.128,0.0,0.0507,0.859,6.63e-05,0.105,0.454,83.455,4.0,252880.0,False,E,minor,E minor,"[Verse 1] Green was the color of the grass Where I used to read at Centennial Park I used to think I would meet somebody there Teal was the color of your shirt When you were sixteen at the yogurt shop You used to work at to make a little money [Chorus] Time, curious time Gave me no compasses, gave me no signs Were there clues I didn't see? And isn't it just so pretty to think All along there was some Invisible string Tying you to me? Ooh-ooh-ooh-ooh [Verse 2] Bad was the blood of the song in the cab On your first trip to LA You ate at my favorite spot for dinner Bold was the waitress on our three-year trip Getting lunch down by the Lakes She said I looked like an American singer [Chorus] Time, mystical time Cutting me open, then healing me fine Were there clues I didn't see? And isn't it just so pretty to think All along there was some Invisible string Tying you to me? Ooh-ooh-ooh-ooh [Bridge] A string that pulled me Out of all the wrong arms, right into that dive bar Something wrapped all of my past mistakes in barbed wire Chains around my demons Wool to brave the seasons One single thread of gold Tied me to you [Verse 3] Cold was the steel of my axe to grind For the boys who broke my heart Now I send their babies presents Gold was the color of the leaves When I showed you around Centennial Park Hell was the journey but it brought me heaven [Chorus] Time, wondrous time Gave me the blues and then purple-pink skies And it's cool Baby, with me And isn't it just so pretty to think All along there was some Invisible string Tying you to me? Ooh-ooh-ooh-ooh Me Ooh-ooh-ooh-ooh [Outro] (Ah-ah-ah) (Ah-ah-ah)"
folklore,False,2020-07-24,12.0,mad woman,Taylor Swift,2020-07-24,0.593,0.7,3.0,-9.016,1.0,0.0492,0.67,6.77e-06,0.116,0.451,141.898,4.0,237267.0,True,D#,major,D# major,"[Verse 1] What did you think I'd say to that? Does a scorpion sting when fighting back? They strike to kill, and you know I will You know I will What do you sing on your drive home? Do you see my face in the neighbor's lawn? Does she smile? Or does she mouth, ""Fuck you forever""? [Pre-Chorus] Every time you call me crazy, I get more crazy What about that? And when you say I seem angry, I get more angry [Chorus] And there's nothing like a mad woman What a shame she went mad No one likes a mad woman You made her like that And you'll poke that bear 'til her claws come out And you find something to wrap your noose around And there's nothing like a mad woman [Verse 2] Now I breathe flames each time I talk My cannons all firin' at your yacht They say ""move on,"" but you know I won't And women like hunting witches too Doing your dirtiest work for you It's obvious that wanting me dead Has really brought you two together [Pre-Chorus] Every time you call me crazy, I get more crazy What about that? And when you say I seem angry, I get more angry [Chorus] And there's nothing like a mad woman What a shame she went mad No one likes a mad woman You made her like that And you'll poke that bear 'til her claws come out And you find something to wrap your noose around And there's nothing like a mad woman [Bridge] I'm taking my time, taking my time 'Cause you took everything from me Watching you climb, watching you climb Over people like me The master of spin has a couple side flings Good wives always know She should be mad, should be scathing like me, but [Outro] No one likes a mad woman What a shame she went mad You made her like that"
folklore,False,2020-07-24,13.0,epiphany,Taylor Swift,2020-07-24,0.317,0.254,1.0,-13.679,1.0,0.0286,0.727,0.000326,0.0867,0.103,93.933,4.0,289747.0,False,C#,major,C# major,"[Verse 1] Keep your helmet, keep your life, son Just a flesh wound, here's your rifle Crawling up the beaches now ""Sir, I think he's bleeding out"" And some things you just can't speak about [Chorus] With you I serve, with you I fall down, down Watch you breathe in, watch you breathing out, out [Verse 2] Something med school did not cover Someone's daughter, someone's mother Holds your hand through plastic now ""Doc, I think she's crashing out"" And some things you just can't speak about [Bridge] Only twenty minutes to sleep But you dream of some epiphany Just one single glimpse of relief To make some sense of what you've seen [Chorus] With you I serve, with you I fall down, down (Down) Watch you breathe in, watch you breathing out, out With you I serve (With you I serve), with you I fall down (Down), down (Down) Watch you breathe in (Watch you breathe in), watch you breathing out (Out), out (Out) [Outro] Only twenty minutes to sleep But you dream of some epiphany Just one single glimpse of relief To make some sense of what you've seen"
folklore,False,2020-07-24,14.0,betty,Taylor Swift,2020-07-24,0.595,0.376,0.0,-8.767,1.0,0.0256,0.589,0.0,0.0989,0.476,95.946,4.0,294520.0,True,C,major,C major,"[Verse 1] Betty, I won't make assumptions About why you switched your homeroom, but I think it's 'cause of me Betty, one time I was riding on my skateboard When I passed your house It's like I couldn't breathe [Pre-Chorus] You heard the rumors from Inez You can't believe a word she says Most times, but this time it was true The worst thing that I ever did Was what I did to you [Chorus] But if I just showed up at your party Would you have me? Would you want me? Would you tell me to go fuck myself Or lead me to the garden? In the garden, would you trust me If I told you it was just a summer thing? I'm only seventeen, I don't know anything But I know I miss you [Verse 2] Betty, I know where it all went wrong Your favorite song was playing From the far side of the gym I was nowhere to be found I hate the crowds, you know that Plus, I saw you dance with him [Pre-Chorus] You heard the rumors from Inez You can't believe a word she says Most times, but this time it was true The worst thing that I ever did Was what I did to you [Chorus] But if I just showed up at your party Would you have me? Would you want me? Would you tell me to go fuck myself Or lead me to the garden? In the garden, would you trust me If I told you it was just a summer thing? I'm only seventeen, I don't know anything But I know I miss you [Bridge] I was walking home on broken cobblestones Just thinking of you when she pulled up like A figment of my worst intentions She said ""James, get in, let's drive"" Those days turned into nights Slept next to her, but I dreamt of you all summer long [Verse 3] Betty, I'm here on your doorstep And I planned it out for weeks now But it's finally sinkin' in Betty, right now is the last time I can dream about what happens when You see my face again [Pre-Chorus] The only thing I wanna do Is make it up to you So I showed up at your party Yeah, I showed up at your party [Chorus] Yeah, I showed up at your party Will you have me? Will you love me? Will you kiss me on the porch In front of all your stupid friends? If you kiss me, will it be just like I dreamed it? Will it patch your broken wings? I'm only seventeen, I don't know anything But I know I miss you [Outro] Standing in your cardigan Kissin' in my car again Stopped at a streetlight You know I miss you"
folklore,False,2020-07-24,15.0,peace,Taylor Swift,2020-07-24,0.644,0.284,5.0,-12.879,1.0,0.0821,0.916,1.5e-05,0.0909,0.328,150.072,4.0,234000.0,True,F,major,F major,"[Verse 1] Our coming-of-age has come and gone Suddenly this summer, it's clear I never had the courage of my convictions As long as danger is near And it's just around the corner, darlin' 'Cause it lives in me No, I could never give you peace [Chorus] But I'm a fire and I'll keep your brittle heart warm If your cascade, ocean wave blues come All these people think love's for show But I would die for you in secret The devil's in the details, but you got a friend in me Would it be enough if I could never give you peace? [Verse 2] Your integrity makes me seem small You paint dreamscapes on the wall I talk shit with my friends, it's like I'm wasting your honor And you know that I'd swing with you for the fences Sit with you in the trenches Give you my wild, give you a child Give you the silence that only comes when two people understand each other Family that I chose, now that I see your brother as my brother Is it enough? But there's robbers to the east, clowns to the west I'd give you my sunshine, give you my best But the rain is always gonna come if you're standin' with me [Chorus] But I'm a fire and I'll keep your brittle heart warm If your cascade, ocean wave blues come All these people think love's for show But I would die for you in secret The devil's in the details, but you got a friend in me Would it be enough if I could never give you peace? Would it be enough if I could never give you peace? Would it be enough if I could never give you peace?"
folklore,False,2020-07-24,16.0,hoax,Taylor Swift,2020-07-24,0.676,0.178,8.0,-15.01,1.0,0.0394,0.964,7.9e-06,0.135,0.404,118.84,4.0,220040.0,False,G#,major,G# major,"[Verse 1] My only one My smoking gun My eclipsed sun This has broken me down My twisted knife My sleepless night My winless fight This has frozen my ground [Chorus] Stood on the cliffside screaming, ""Give me a reason"" Your faithless love's the only hoax I believe in Don't want no other shade of blue but you No other sadness in the world would do [Verse 2] My best laid plan Your sleight of hand My barren land I am ash from your fire [Chorus] Stood on the cliffside screaming, ""Give me a reason"" Your faithless love's the only hoax I believe in Don't want no other shade of blue but you No other sadness in the world would do [Bridge] You know I left a part of me back in New York You knew the hero died so what's the movie for? You knew it still hurts underneath my scars From when they pulled me apart You knew the password so I let you in the door You knew you won so what's the point of keeping score? You knew it still hurts underneath my scars From when they pulled me apart But what you did was just as dark (Ah, ah, ah) Darling, this was just as hard As when they pulled me apart [Outro] My only one My kingdom come undone My broken drum You have beaten my heart Don't want no other shade of blue but you No other sadness in the world would do"
folklore,False,2020-07-24,17.0,the lakes,Taylor Swift,2020-07-24,0.313,0.258,2.0,-11.532,1.0,0.0383,0.842,1.3e-06,0.0948,0.268,179.947,4.0,211813.0,False,D,major,D major,[Lyrics from Album Review] What should be over burrowed under my skin In heart-stopping waves of hurt I've come too far to watch some namedropping sleaze Tell me what are my words worth I want to watch wisteria grow right over my bare feet Because I haven't moved in years And not without my muse With no one around to tweet it
The Taylor Swift Holiday Collection,True,2007-10-14,1.0,Last Christmas,Taylor Swift,2007-10-14,0.702,0.77,5.0,-5.319,1.0,0.0372,0.31,0.0,0.149,0.685,116.009,4.0,208253.0,False,F,major,F major,"[Chorus] Last Christmas I gave you my heart But the very next day, you gave it away This year, to save me from tears I will give it to someone special [Verse 1] Once bitten and twice shied I keep my distance but you still catch my eye Tell me baby Do you recognize me Well, it has been a year, it does not surprise me Merry Christmas, I wrapped it up and sent it With a note saying 'I love you', I meant it Now I know what a fool I've been But if you kiss me now, I know you would fool me again [Chorus] Last Christmas I gave you my heart But the very next day, you gave it away This year, to save me from tears I will give it to someone special Last Christmas I gave you my heart But the very next day, you gave it away This year, to save me from tears I will give it to someone special [Verse 2] A crowded room and friends with tired eyes I am hiding from you and your soul of ice My God, I thought you were someone to rely on Me, I guess I was a shoulder to cry on A face on a lover with a fire in his heart A girl on a cover but you tore her apart Maybe this year Maybe this year I will give it to someone special [Chorus] Because last Christmas I gave you my heart But the very next day, you gave it away This year, to save me from tears I will give it to someone special Last Christmas I gave you my heart But the very next day, you gave it away This year, to save me from tears I will give it to someone special And last Christmas And this year It won't be anything like, anything like Last Christmas I gave you my heart But the very next day, you gave it away This year, to save me from tears I will give it to someone special"
The Taylor Swift Holiday Collection,True,2007-10-14,2.0,Christmases When You Were Mine,Taylor Swift,2007-10-14,0.625,0.206,7.0,-12.568,1.0,0.0285,0.646,0.0,0.0915,0.392,79.466,4.0,184253.0,False,G,major,G major,"[Verse 1] Please take down the mistletoe Because I don't want to think about that right now Because everything I want is miles away In a snow covered little town My momma's in the kitchen, worrying about me Season's greetings, hope you're well Well I'm doing alright If you were wondering Lately I can never tell [Chorus] I know this shouldn't be a lonely time But there were Christmases when you were mine [Verse 2] I've been doing fine without you, really Up until the nights got cold And everybody's here, except you, baby Seems like everyone's got someone to hold [Chorus] But for me it's just a lonely time Because there were Christmases when you were mine [Verse 3] Merry Christmas, everybody That will have to be something I just say this year I'll bet you got your mom another sweater And were your cousins late again? When you were putting up the lights this year Did you notice one less pair of hands? [Chorus] I know this shouldn't be a lonely time But there were Christmases when I didn't wonder how you are tonight 'Cause there were Christmases when you were mine [Outro] You were mine"
The Taylor Swift Holiday Collection,True,2007-10-14,3.0,Santa Baby,Taylor Swift,2007-10-14,0.759,0.509,5.0,-6.593,1.0,0.0271,0.159,0.0,0.153,0.75,107.948,4.0,158600.0,False,F,major,F major,"[Chorus] Santa baby, slip a sable under the tree, for me I have been an awful good girl, Santa baby So hurry down the chimney tonight [Chorus] Santa baby, a '54 convertible, too, light blue Well I will wait up for you, dear, Santa baby So hurry down the chimney tonight, yeah [Verse 1] Think of all the fun I have missed Think of all the boys I have not kissed Next year I could be just as good If you check off my Christmas list [Chorus] Santa baby, I want a yacht and really that is not a lot I have been an angel all year, Santa baby So hurry down the chimney tonight [Chorus] Santa, honey, there is one more thing I really do need, the deed To a platinum mine, Santa honey So hurry down the chimney tonight [Verse 2] Come and trim my Christmas tree With some decorations bought at Tiffany's I really do believe in you Let us see if you believe in me [Chorus] Santa baby, forgot to mention one little thing A ring And I do not mean on the phone, Santa baby So hurry down the chimney tonight"
The Taylor Swift Holiday Collection,True,2007-10-14,4.0,Silent Night,Taylor Swift,2007-10-14,0.423,0.311,7.0,-7.581,1.0,0.0319,0.621,0.0,0.0987,0.134,119.546,3.0,209893.0,False,G,major,G major,"[Verse 1] Silent night, holy night All is calm and all is bright Round yon virgin mother and child Holy infant so tender and mild Sleep in heavenly peace Sleep in heavenly peace [Verse 2] Silent night, holy night Shepherds quake at the sight Glories stream from Heaven afar Heavenly hosts sing Hallelujah Christ the Saviour is born Christ our Saviour is born [Verse 3] Silent night, holy night Son of God Love's pure light Radiant beams from thy holy face With the dawn of redeeming grace Jesus Lord at thy birth Jesus Lord at thy birth [Outro] Hallelujah! Hallelujah! Hallelujah! Christ the Saviour is born"
The Taylor Swift Holiday Collection,True,2007-10-14,5.0,Christmas Must Be Something More,Taylor Swift,2007-10-14,0.689,0.793,7.0,-4.838,1.0,0.0356,0.298,0.0,0.107,0.506,122.879,4.0,232147.0,False,G,major,G major,"[Verse 1] What if ribbons and bows didn't mean a thing? Would the song still survive without five golden rings? Would you still wanna kiss without mistletoe? What would happen if God never let it snow? What would happen if Christmas carols told a lie? Tell me, what would you find? [Chorus] You'd see that today holds something special Something holy, not superficial So here's to the birthday boy who saved our lives It's something we all try to ignore And put a wreath up on your door So here's something you should know that is for sure Christmas must be something more [Verse 2] What if angels did not pay attention to All the things that we wished they would always do? What if happiness came in a cardboard box? Then I think there is something we all forgot What would happen if presents all went away? Tell me, what would you find? [Chorus] You'd see that today holds something special Something holy, not superficial So here's to the birthday boy who saved our lives It's something we all try to ignore And put a wreath up on your door So here's something you should know that is for sure Christmas must be something more [Bridge] We get so caught up in all of it Business and relationships Hundred-mile-an-hour lives And it's this time of year And everybody's here It seems the last thing on your mind [Chorus] Is that the day holds something special Something holy, not superficial So here's to Jesus Christ who saved our lives It's something we all try to ignore And put a wreath up on your door But here's something you should know that is for sure Christmas must be something Christmas must be something Christmas must be something more [Outro] There's gotta be more There's gotta be more"
The Taylor Swift Holiday Collection,True,2007-10-14,6.0,White Christmas,Taylor Swift,2007-10-14,0.562,0.392,9.0,-9.014,1.0,0.0287,0.587,0.0,0.224,0.514,145.792,4.0,154000.0,False,A,major,A major,[Verse 1] I'm dreaming of a white Christmas Just like the ones I used to know Where the tree tops glisten and children listen To hear sleigh bells in the snow [Verse 2] I'm dreaming of a white Christmas With every Christmas card I write May your days be merry and bright And may all your Christmases be white [Intermission] [Verse 3] I'm dreaming of a white Christmas Just like the ones I used to know So may your days be merry and bright And may all your Christmases be white [Outro] May your days be merry and bright And may all your Christmases be white
Beautiful Eyes,True,2008-07-15,1.0,Beautiful Eyes,Taylor Swift,2008-07-15,0.5890084033613445,0.5770840336134454,4.676470588235294,-7.364197478991597,0.9159663865546218,0.0535172268907562,0.2987187478991597,0.0033253801680672,0.1408903361344538,0.4078394957983193,124.03876470588236,3.974789915966386,237852.5924369748,False,G,major,G major,"[Verse 1] Your beautiful eyes Stare right into mine And sometimes I think of you late at night I don't know why, I [Pre-Chorus 1] I wanna be somewhere where you are I wanna be where [Chorus] You're here, your eyes are looking into mine So baby, make me fly My heart has never felt this way before I'm looking through your I'm looking through your eyes [Verse 2] I wake up, I'm alive In only a little while I'll cry 'Cause you're my lullaby So baby, come hold me tight 'cause I-I [Pre-Chorus 2] I wanna be everything you need I wanna be where [Chorus] You're here, your eyes are looking into mine So baby, make me fly My heart has never felt this way before I'm looking through your I'm looking through your eyes [Outro] Just as long as you're mine I'll be your everything tonight Let me love you, kiss you Oh, baby, let me miss you Let me see your Dream about, dream about Dream about your eyes Eyes, eyes Beautiful eyes"
Beautiful Eyes,True,2008-07-15,2.0,Should've Said No (Alternate Version),Taylor Swift,2008-07-15,0.5890084033613445,0.5770840336134454,4.676470588235294,-7.364197478991597,0.9159663865546218,0.0535172268907562,0.2987187478991597,0.0033253801680672,0.1408903361344538,0.4078394957983193,124.03876470588236,3.974789915966386,237852.5924369748,False,G,major,G major,"[Verse 1] It's strange to think The songs we used to sing The smiles, the flowers, everything is gone Yesterday I found out about you Even now just looking at you feels wrong [Pre-Chorus] You say that you'd take it all back, given one chance It was a moment of weakness and you said ""yes"" [Chorus] You should've said no, you should've gone home You should've thought twice 'fore you let it all go You should have known the word 'bout what you did with her'd get back to me And I should've been there in the back of your mind I shouldn't be asking myself why You shouldn't be begging for forgiveness at my feet You should've said no, baby, and you might still have me [Verse 2] You can see that I've been crying Baby, you know all the right things to say But do you honestly expect me to believe We could ever be the same? [Pre-Chorus] You say that the past is the past, you need one chance It was a moment of weakness and you said yes [Chorus] You should've said no, you should've gone home You should've thought twice 'fore you let it all go You should've known the word 'bout what you did with her'd get back to me And I should've been there in the back of your mind I shouldn't be asking myself why You shouldn't be begging for forgiveness at my feet You should've said no baby and you might still have me [Bridge] I can't resist Before you go tell me this Was it worth this? Was she worth this? No, no, no, no, no, no [Chorus] You should've said no, you should've gone home You should've thought twice 'fore you let it all go You should've known the word 'bout what you did with her'd get back to me And I should've been there in the back of your mind I shouldn't be asking myself why You shouldn't be begging for forgiveness at my feet You should've said no baby and you might still have me"
Beautiful Eyes,True,2008-07-15,3.0,Teardrops On My Guitar (Acoustic Version),Taylor Swift,2008-07-15,0.5890084033613445,0.5770840336134454,4.676470588235294,-7.364197478991597,0.9159663865546218,0.0535172268907562,0.2987187478991597,0.0033253801680672,0.1408903361344538,0.4078394957983193,124.03876470588236,3.974789915966386,237852.5924369748,False,G,major,G major,"[Verse 1] Drew looks at me I fake a smile so he won't see That I want and I'm needing Everything that we should be [Pre-Chorus 1] I'll bet she's beautiful, that girl he talks about And she's got everything that I have to live without [Verse 2] Drew talks to me I laugh 'cause it's so damn funny That I can't even see Anyone when he's with me [Pre-Chorus 2] He says he's so in love, he's finally got it right I wonder if he knows he's all I think about at night [Chorus] He's the reason for the teardrops on my guitar The only thing that keeps me wishing on a wishing star He's the song in the car I keep singing, don't know why I do... [Verse 3] Drew walks by me Can't he tell that I can't breathe? And there he goes, so perfectly The kind of flawless I wish I could be [Pre-Chorus 3] She'd better hold him tight, give him all her love Look in those beautiful eyes and know she's lucky 'cause [Chorus] He's the reason for the teardrops on my guitar The only thing that keeps me wishing on a wishing star He's the song in the car I keep singing, don't know why I do... [Bridge] So I drive home alone, as I turn off the light I'll put his picture down and maybe get some sleep tonight [Chorus] 'Cause he's the reason for the teardrops on my guitar The only one who’s got enough of me to break my heart He's the song in the car I keep singing, don't know why I do... [Outro] He's the time taken up, but there's never enough And he's all that I need to fall into Drew looks at me I fake a smile so he won't see"
Beautiful Eyes,True,2008-07-15,4.0,Picture To Burn (Radio Edit),Taylor Swift,2008-07-15,0.5890084033613445,0.5770840336134454,4.676470588235294,-7.364197478991597,0.9159663865546218,0.0535172268907562,0.2987187478991597,0.0033253801680672,0.1408903361344538,0.4078394957983193,124.03876470588236,3.974789915966386,237852.5924369748,False,G,major,G major,"[Verse 1] State the obvious, I didn't get my perfect fantasy I realize you love yourself more than you could ever love me So go and tell your friends that I'm obsessive and crazy That's fine, you won't mind if I say By the way [Chorus] I hate that stupid old pickup truck you never let me drive You're a redneck heartbreak who's really bad at lying So watch me strike a match on all my wasted time As far as I'm concerned, you're just another picture to burn [Verse 2] There's no time for tears I'm just sitting here planning my revenge There's nothing stopping me From going out with all of your best friends And if you come around saying sorry to me My daddy's gonna show you how sorry you'll be [Chorus] 'Cause I hate that stupid old pickup truck you never let me drive You're a redneck heartbreak who's really bad at lying So watch me strike a match on all my wasted time As far as I'm concerned, you're just another picture to burn [Bridge] And if you're missing me, you'd better keep it to yourself 'Cause coming back around here would be bad for your health [Chorus] 'Cause I hate that stupid old pickup truck you never let me drive You're a redneck heartbreak who's really bad at lying So watch me strike a match on all my wasted time In case you haven't heard I really really hate that Stupid old pickup truck you never let me drive You're a redneck heartbreak, who's really bad at lying So watch me strike a match on all my wasted time As far as I'm concerned, you're just another picture to burn [Outro] Burn, burn, burn, baby, burn You're just another picture to burn Baby, burn"
Beautiful Eyes,True,2008-07-15,6.0,I Heart ?,Taylor Swift,2008-06-23,0.5890084033613445,0.5770840336134454,4.676470588235294,-7.364197478991597,0.9159663865546218,0.0535172268907562,0.2987187478991597,0.0033253801680672,0.1408903361344538,0.4078394957983193,124.03876470588236,3.974789915966386,237852.5924369748,False,G,major,G major,"[Verse 1] Wish I had concentrated They said love was complicated But it's something I just fell into And it was overrated But just look what I’ve created I came out alive but I’m black and blue [Pre-Chorus 1] Before you ask me if I’m alright Think about what I Had to do, yeah [Chorus] Wake up and smell the breakup Fix my heart, put on my makeup Another mess I didn't plan And I’ll bet, you thought you'd beat me Wish you could only see I've got an ""I heart question mark"" Written on the back of my hand [Verse 2] I'd be fine if you just walked by But you had to talk about why You were wrong and I was right But I can't believe you made me Sit at home and cry like a baby Wait right by the phone every night [Pre-Chorus 2] And now you ask about you and I There's no you and I Remember what you put me through I had to [Chorus] Wake up and smell the breakup Fix my heart, put on my makeup Another mess I didn't plan And I’ll bet, you thought you'd beat me Wish you could only see I've got an ""I heart question mark"" Written on the back of my hand [Bridge] And when you're home alone at night You'll still wonder why You took everything I had, oh baby I had a lot about you and I There's no you and I And I know Someday you will [Chorus] Wake up and smell the breakup Realize that we won't make up It didn't go the way you planned And you'll know you didn't beat me When you look down and see I've got an ""I heart question mark"" Written on the back of my hand [Outro] Written on the back of my hand An ""I heart question mark,"" yeah Written on the back of my hand"
